rank_active,player_id,player_name,team,position,rapm_component,individual_component,relative_xgf_component,playmaking_component,power_play_component,penalty_kill_component,composite_rating,composite_war,expected_gp_share,rel_xgf_off_z,rel_xga_def_z,toi_minutes,sample_size_flag
1,8479314,Matthew Tkachuk,FLA,L,2.7869,3.0,1.439,3.0,1.4627,0.0,2.4344,2.1767,0.5419,2.2743,-0.3467,2211.8,ok
2,8478402,Connor McDavid,EDM,C,3.004,1.6411,2.0732,3.0,1.4379,1.6029,2.2156,2.0192,0.9308,3.1786,-0.4014,3851.4,ok
3,8479323,Adam Fox,NYR,D,3.0424,1.7845,3.1431,1.8343,2.1464,-0.2689,2.1987,2.007,0.7739,2.6499,1.5605,3559.1,ok
4,8479542,Brandon Hagel,TBL,L,2.8151,1.9604,2.3542,2.3293,-0.0047,0.2259,2.0404,1.893,0.9275,2.9008,0.2527,3506.1,ok
5,8480801,Brady Tkachuk,OTT,L,2.0899,2.8304,1.927,2.1958,-0.6584,0.0,2.0288,1.8847,0.8138,2.5982,-0.0169,2966.2,ok
6,8479318,Auston Matthews,TOR,C,3.0418,2.7104,1.1564,1.5412,0.9954,-0.3714,2.0279,1.884,0.794,1.6435,-0.0944,3206.8,ok
7,8477934,Leon Draisaitl,EDM,C,0.0981,2.4973,1.356,3.0,3.0,2.6726,1.9579,1.8336,0.8428,1.8539,-0.0375,3554.5,ok
8,8478864,Kirill Kaprizov,MIN,L,1.9371,2.6352,1.295,2.1351,1.2992,0.0,1.9525,1.8297,0.7999,1.2007,0.5341,3320.7,ok
9,8475786,Zach Hyman,EDM,L,2.2456,3.0,2.2576,0.5957,-0.0797,0.0,1.9246,1.8096,0.8029,3.4308,-0.4066,3229.8,ok
10,8480027,Jason Robertson,DAL,L,2.2955,2.5466,1.3059,1.4976,1.8279,0.0,1.919,1.8057,1.0,1.5309,0.2184,3611.6,ok
11,8476453,Nikita Kucherov,TBL,R,2.0147,2.2768,0.8639,3.0,0.7309,0.0,1.8923,1.7864,0.943,2.557,-1.3998,3759.1,ok
12,8475913,Mark Stone,VGK,R,1.9131,1.7638,1.0869,3.0,1.1611,1.2713,1.8343,1.7446,0.7488,0.911,0.5449,2533.5,ok
13,8477492,Nathan MacKinnon,COL,C,1.7789,1.9306,1.0697,3.0,1.257,0.0,1.8027,1.7219,0.975,2.7001,-1.2673,4149.8,ok
14,8477933,Sam Reinhart,FLA,C,0.996,2.9126,1.366,1.4256,1.7319,0.4002,1.7904,1.7131,0.8695,-0.0346,1.8645,3133.3,ok
15,8475166,John Tavares,TOR,C,1.7278,2.6515,0.8968,1.3027,0.9947,0.0,1.6771,1.6315,0.969,1.0733,0.1279,3381.9,ok
16,8481559,Jack Hughes,NJD,C,1.5342,1.1535,1.404,2.9471,0.9601,3.0,1.6738,1.6291,0.7495,1.7017,0.179,3001.8,ok
17,8477939,William Nylander,TOR,R,0.59,2.3144,0.4352,2.9413,1.9135,1.0663,1.6724,1.6281,0.8879,1.2563,-0.6733,3439.3,ok
18,8480069,Cale Makar,COL,D,1.1295,2.0788,0.3888,2.4351,1.7573,0.6139,1.57,1.5544,0.9377,1.0584,-0.5377,4146.0,ok
19,8481604,Pavel Dorofeyev,VGK,R,1.1048,2.5106,0.9798,0.6835,3.0,0.0,1.549,1.5393,0.9423,0.4612,0.8513,2820.3,ok
20,8478460,Zach Werenski,CBJ,D,1.5667,1.7647,1.9405,1.7007,0.4552,-0.5162,1.5378,1.5312,0.9301,2.1453,0.4542,4697.9,ok
21,8482659,Josh Doan,BUF,R,2.2174,1.7584,1.6168,1.2078,0.2366,0.0,1.5326,1.5274,0.7604,1.5204,0.6454,1770.7,ok
22,8483457,Lane Hutson,MTL,D,2.5842,0.6947,2.4988,1.8032,0.3782,0.0,1.5219,1.5198,0.8682,2.0864,1.2609,3130.8,ok
23,8479407,Jesper Bratt,NJD,L,1.8,0.8544,1.4734,2.3299,1.2343,1.6968,1.4831,1.4918,0.996,2.1744,-0.2007,3403.3,ok
24,8477404,Jake Guentzel,TBL,C,1.3135,2.3616,-0.0019,1.8596,0.6045,1.0912,1.4733,1.4848,0.9608,0.9623,-0.9648,3412.4,ok
25,8480002,Nico Hischier,NJD,C,1.2485,1.9957,1.7026,1.2115,1.2209,-0.6207,1.4702,1.4826,0.9542,1.9991,0.2816,3284.9,ok
26,8480803,Evan Bouchard,EDM,D,2.0405,0.9578,2.3044,1.4668,1.7766,-0.7646,1.4661,1.4796,0.9984,3.0387,0.0481,4530.8,ok
27,8482740,Wyatt Johnston,DAL,C,0.6447,2.4993,-0.004,1.6128,2.6893,-0.1697,1.4231,1.4487,1.0,1.0704,-1.0757,3457.6,ok
28,8477956,David Pastrnak,BOS,R,0.9689,1.5882,0.6528,3.0,0.5174,0.0,1.4051,1.4357,0.967,0.8535,0.0209,3759.8,ok
29,8479337,Alex DeBrincat,DET,R,0.1781,2.3366,1.1537,1.7463,1.1096,0.0,1.3948,1.4283,1.0,1.3378,0.2077,3507.2,ok
30,8482093,Seth Jarvis,CAR,C,1.6256,1.7912,0.5011,1.3883,0.2913,2.3876,1.3911,1.4256,0.8902,0.0949,0.5763,2979.6,ok
31,8471675,Sidney Crosby,PIT,C,0.4523,2.1041,0.1296,2.4985,1.7038,0.0,1.3758,1.4146,0.8998,1.3339,-1.1602,3602.2,ok
32,8480839,Rasmus Dahlin,BUF,D,0.0223,1.7714,2.1025,1.7035,1.2408,0.7167,1.3758,1.4145,0.9298,1.5015,1.3149,4474.2,ok
33,8478483,Mitch Marner,VGK,R,2.0556,0.5866,0.788,3.0,1.4264,-0.4874,1.3541,1.399,0.968,1.0015,0.054,3390.5,ok
34,8475314,Anders Lee,NYI,L,1.6106,2.3589,1.1611,0.5383,-0.7206,0.0,1.3444,1.392,0.9984,2.0907,-0.5354,3278.8,ok
35,8476881,Tomas Hertl,VGK,C,1.2389,2.3389,0.6472,0.9815,0.329,0.0058,1.3296,1.3814,0.9183,0.6668,0.2001,2835.8,ok
36,8476887,Filip Forsberg,NSH,L,0.5978,2.4182,-0.0526,1.6468,1.736,0.0,1.3266,1.3791,1.0,0.6497,-0.7201,3552.5,ok
37,8473419,Brad Marchand,FLA,L,1.3099,2.7014,-1.0192,1.357,0.5661,1.1461,1.3213,1.3754,0.7587,0.9112,-2.2765,2637.9,ok
38,8478519,Anthony Cirelli,TBL,C,1.9377,1.4727,1.6686,0.6263,0.4764,0.1806,1.3123,1.3689,0.9146,2.2343,0.0008,3164.9,ok
39,8484994,Igor Chernyshov,SJS,L,-0.1882,2.1735,0.9205,2.5641,0.0,0.0,1.2976,1.3583,0.1846,2.2241,-0.9911,385.1,ok
40,8478449,Roope Hintz,DAL,C,0.3435,1.9316,0.9477,2.0627,0.8125,0.0103,1.2959,1.357,0.7818,0.7691,0.5003,2628.6,ok
41,8477940,Nikolaj Ehlers,CAR,L,1.5474,1.0089,0.7002,2.616,0.8441,0.0,1.2914,1.3538,0.9486,0.6485,0.2895,3017.9,ok
42,8481557,Matt Boldy,MIN,L,0.6027,1.8967,0.911,1.4316,1.1994,0.9314,1.2895,1.3525,0.9489,1.0158,0.2045,3429.9,ok
43,8480800,Quinn Hughes,MIN,D,2.073,0.2442,1.2967,2.3154,0.9556,1.6935,1.284,1.3485,0.8919,1.994,-0.257,4627.2,ok
44,8478427,Sebastian Aho,CAR,C,1.6743,0.9466,0.2375,2.3966,0.4494,2.4015,1.2706,1.3388,0.9618,0.809,-0.4909,3290.4,ok
45,8477935,Sam Bennett,FLA,C,1.2515,2.1373,-0.0477,0.9852,0.6656,1.7557,1.2592,1.3307,0.9153,1.5678,-1.6317,3022.6,ok
46,8485366,Matthew Schaefer,NYI,D,0.6694,2.2491,1.5338,0.4495,1.0575,-0.7898,1.2523,1.3257,0.5405,1.585,0.4696,1538.4,ok
47,8478550,Artemi Panarin,LAK,L,1.7669,1.1814,0.5328,2.0564,0.6693,0.0,1.2508,1.3246,0.9657,0.8463,-0.1326,3826.3,ok
48,8481596,Shane Pinto,OTT,C,1.9636,1.6935,1.0367,0.5722,-0.5303,0.8535,1.2364,1.3142,0.8191,0.7221,0.6666,2529.2,ok
49,8477476,Artturi Lehkonen,COL,L,1.9774,1.8141,0.6913,0.766,-1.2036,1.3636,1.2335,1.3121,0.8085,1.7184,-0.7924,2717.2,ok
50,8481540,Cole Caufield,MTL,R,-0.8713,2.568,1.0584,1.6985,1.0541,0.0,1.2326,1.3115,0.9934,1.4746,-0.0568,3526.7,ok
51,8478498,Jake DeBrusk,VAN,L,0.9424,2.4049,0.6108,-0.0792,2.1099,-0.1069,1.2141,1.2981,0.9901,0.391,0.4272,3124.0,ok
52,8475722,Jason Zucker,BUF,L,0.4523,2.3339,-0.0459,1.3711,1.491,0.0,1.204,1.2909,0.8111,0.988,-1.0495,2483.0,ok
53,8477511,Anthony Mantha,PIT,R,1.5925,1.7712,0.3689,1.1022,0.4609,0.0,1.1964,1.2854,0.7073,0.6497,-0.1556,2082.3,ok
54,8477479,Tyler Bertuzzi,CHI,L,0.0542,2.7236,0.7858,0.6094,0.5091,0.0,1.1885,1.2798,0.9703,1.2977,-0.2451,3328.7,ok
55,8475726,Tyler Toffoli,SJS,C,1.4807,1.9421,0.6814,0.8768,-0.3974,0.0,1.1829,1.2757,0.9595,0.9634,-0.0506,2968.7,ok
56,8482077,Dylan Holloway,STL,L,1.6665,1.3823,1.1809,0.9385,0.2319,0.0,1.1754,1.2703,0.7561,1.0817,0.5002,2407.9,ok
57,8479420,Tage Thompson,BUF,C,-0.4245,2.2613,0.5027,1.713,0.2144,1.2963,1.1349,1.2412,0.9515,0.8247,-0.1513,3269.8,ok
58,8476880,Tom Wilson,WSH,R,0.9292,1.7332,1.2079,0.7991,0.376,-0.213,1.1227,1.2323,0.9169,0.8946,0.7235,3076.0,ok
59,8476483,Rickard Rakell,PIT,R,1.5679,1.9145,0.1541,0.7715,-0.0738,0.0,1.1053,1.2198,0.8312,0.7254,-0.519,3100.6,ok
60,8475184,Chris Kreider,ANA,L,0.4072,2.0206,0.7721,0.5416,1.0123,1.0822,1.1019,1.2174,0.8985,0.6469,0.3873,2773.3,ok
61,8479325,Charlie McAvoy,BOS,D,2.5361,0.4933,0.7499,1.4486,0.1115,0.5319,1.0926,1.2107,0.7746,1.4067,-0.4022,3465.7,ok
62,8480036,Miro Heiskanen,DAL,D,1.625,0.8951,1.9061,0.4599,1.3015,-0.5183,1.0924,1.2105,0.8223,0.9614,1.5919,3753.1,ok
63,8478414,Timo Meier,NJD,R,1.1926,1.605,1.1818,0.2877,0.6237,0.0,1.0645,1.1905,0.9377,1.6752,-0.0921,3411.6,ok
64,8480023,Robert Thomas,STL,C,0.8294,0.7358,1.3267,2.4314,0.0652,-0.326,1.0601,1.1873,0.8339,2.1013,-0.3241,3202.8,ok
65,8476474,Stefan Noesen,NJD,R,1.6815,1.7662,0.2787,0.3142,0.4297,0.0,1.0531,1.1823,0.6925,0.3119,0.0614,2182.2,ok
66,8477409,Carter Verhaeghe,FLA,C,1.8006,0.9177,0.4823,0.915,1.5769,0.0,1.02,1.1585,0.9532,1.3246,-0.6785,3320.8,ok
67,8478420,Mikko Rantanen,DAL,R,-0.4744,1.3507,0.5565,2.7163,1.1922,0.0,1.0178,1.1569,0.878,1.1044,-0.3589,3695.5,ok
68,8483445,Cutter Gauthier,ANA,L,-0.2844,2.4263,0.267,0.8544,1.0113,0.0,1.0138,1.154,0.827,1.0201,-0.6624,2045.8,ok
69,8478403,Jack Eichel,VGK,C,0.4577,1.0306,0.9817,1.8845,0.3166,1.0765,1.0137,1.1539,0.8962,1.3504,-0.0353,3164.8,ok
70,8484762,Beckett Sennecke,ANA,R,1.7212,1.175,0.5175,1.2045,-0.3459,0.0,1.0126,1.1531,0.5405,1.5627,-0.8695,1171.3,ok
71,8476906,Shayne Gostisbehere,CAR,D,0.2827,1.542,0.7,1.4155,1.0197,0.0,1.0106,1.1517,0.7729,0.4569,0.4809,3046.0,ok
72,8479385,Jordan Kyrou,STL,R,0.8552,0.8361,2.1058,1.1533,-0.0393,0.0,1.0098,1.1511,0.9341,1.6303,1.1905,3313.2,ok
73,8471215,Evgeni Malkin,PIT,C,0.8149,1.1685,-0.1936,2.4734,0.6407,0.0,1.0057,1.1482,0.7732,0.8186,-1.0779,2952.4,ok
74,8471214,Alex Ovechkin,WSH,L,-0.5388,2.7084,-0.6084,1.6631,0.2917,0.0,1.0024,1.1457,0.9278,0.6218,-1.4368,2964.5,ok
75,8477955,Jared McCann,SEA,L,0.1979,1.2385,1.1617,1.736,0.4928,0.1743,1.0015,1.1451,0.7989,1.0759,0.4803,2625.1,ok
76,8482105,Jake Sanderson,OTT,D,1.4861,0.9607,1.1745,0.6174,0.9832,0.1002,0.9989,1.1432,0.8883,0.48,1.0933,3829.0,ok
77,8481606,Jordan Spence,OTT,D,2.9823,0.0954,1.9152,-0.0108,-0.9891,2.2447,0.9946,1.1401,0.9107,1.4421,1.1234,3257.2,ok
78,8480014,Gabriel Vilardi,WPG,C,0.2803,1.8617,-0.0687,1.1273,1.8931,0.0,0.9942,1.1399,0.8988,0.8615,-0.9535,2888.2,ok
79,8474564,Steven Stamkos,NSH,C,-0.3217,2.0369,0.611,0.5946,2.5059,0.0,0.9941,1.1398,0.9951,0.6578,0.1606,3324.9,ok
80,8480830,Andrei Svechnikov,CAR,R,1.2233,1.4559,-0.6155,1.7311,0.8645,0.0,0.9926,1.1387,0.9028,0.8649,-1.6894,2804.2,ok
81,8477501,Valeri Nichushkin,COL,R,1.7795,1.4672,0.3404,0.336,-0.1957,0.9115,0.9903,1.1371,0.7337,0.9332,-0.4773,2397.0,ok
82,8477942,Kevin Fiala,LAK,L,1.3682,1.0959,0.9452,0.6505,1.0213,0.0,0.9846,1.1329,0.8247,0.4268,0.8393,3197.3,ok
83,8478445,Mathew Barzal,NYI,C,1.9768,-0.0117,1.6015,1.894,-0.3591,0.0,0.9795,1.1293,0.7844,1.8295,0.3158,3062.0,ok
84,8475158,Ryan O'Reilly,NSH,C,1.0248,0.958,0.8689,1.3225,0.6477,0.4831,0.9764,1.127,0.9815,1.0835,0.0805,3412.3,ok
85,8477949,Alex Tuch,BUF,R,1.1253,1.6614,0.5505,0.7742,-0.4296,-0.053,0.9735,1.125,0.9687,0.5739,0.1636,3297.6,ok
86,8482809,Jackson Blake,CAR,R,0.8101,1.6036,1.1639,0.7355,-0.7024,0.0,0.9723,1.1241,0.852,1.066,0.4931,2051.4,ok
87,8481716,Dmitri Voronkov,CBJ,L,-0.1659,2.3053,0.6641,0.5716,0.4118,0.0,0.9722,1.124,0.8276,1.3752,-0.4856,2598.2,ok
88,8480018,Nick Suzuki,MTL,C,-0.1226,0.661,1.2459,2.6925,0.6732,0.4378,0.9591,1.1146,1.0,1.278,0.3909,3757.8,ok
89,8481528,Dylan Cozens,OTT,C,0.9683,1.4258,0.5092,0.7716,1.1666,-0.2527,0.9586,1.1143,0.9951,1.0672,-0.3852,3149.4,ok
90,8478047,Michael Bunting,DAL,L,1.4753,1.0281,0.3084,1.0626,1.1388,0.0,0.9577,1.1136,0.9219,1.3437,-0.9307,2920.2,ok
91,8477946,Dylan Larkin,DET,C,-0.045,1.9663,0.2052,1.1914,1.3369,-0.5828,0.9536,1.1107,0.9242,0.2332,0.0416,3262.1,ok
92,8476448,William Karlsson,VGK,C,1.5252,0.7827,0.6064,1.1697,-0.1871,1.7273,0.9502,1.1082,0.4173,0.1725,0.6398,1766.1,ok
93,8483515,Juraj Slafkovsk,MTL,L,0.8781,1.3328,-0.0664,1.2674,1.5123,0.0,0.9381,1.0995,0.9881,1.0384,-1.1274,3444.5,ok
94,8483630,Pavol Regenda,SJS,L,-0.1882,3.0,0.4839,-0.5609,0.0,0.0,0.9337,1.0963,0.1664,1.327,-0.6788,333.2,ok
95,8475810,Bryan Rust,PIT,R,0.5377,1.9709,-0.6712,1.3206,0.7482,-0.0816,0.9298,1.0935,0.8576,0.9124,-1.8115,3014.1,ok
96,8474600,Roman Josi,NSH,D,0.1366,1.3454,0.6405,1.4874,0.4403,0.9038,0.9239,1.0893,0.793,0.9403,-0.0824,3864.7,ok
97,8477447,Shea Theodore,VGK,D,1.4795,0.3833,0.6166,1.3269,1.6296,0.7575,0.918,1.085,0.8039,0.3181,0.5078,3415.9,ok
98,8476399,Blake Coleman,CGY,L,1.987,0.7947,1.4405,0.1205,-0.8014,0.8043,0.9104,1.0795,0.9077,1.2521,0.6776,3146.8,ok
99,8476462,Dougie Hamilton,NJD,D,1.023,1.1341,0.9844,0.1604,1.5417,0.5171,0.9089,1.0784,0.7937,1.3779,-0.0591,2687.7,ok
100,8476468,J.T. Miller,NYR,C,0.6923,0.9819,0.8108,1.8297,0.4455,-1.0613,0.9078,1.0776,0.8665,0.7033,0.3829,3041.1,ok
101,8479343,Clayton Keller,UTA,R,0.0873,0.7982,0.7373,2.6609,0.3186,0.0,0.9075,1.0774,0.9895,0.4922,0.4955,3591.2,ok
102,8481024,Linus Karlsson,VAN,C,0.8191,1.4553,0.9015,0.585,0.032,0.0,0.9049,1.0756,0.6183,1.2355,-0.0279,1117.8,ok
103,8476460,Mark Scheifele,WPG,C,-0.2705,1.3024,-0.4725,2.6712,1.5571,0.0,0.8852,1.0614,0.9868,0.8798,-1.5127,3943.9,ok
104,8478975,Mason Marchment,CBJ,L,1.5811,0.8949,0.3348,1.1086,0.1793,0.0,0.8806,1.0581,0.827,0.4351,0.0133,2889.0,ok
105,8484387,Matvei Michkov,PHI,R,0.8955,1.0721,0.5557,1.5076,-0.3681,0.0,0.873,1.0526,0.8504,0.8722,-0.1278,2038.2,ok
106,8475799,Nino Niederreiter,WPG,R,1.7735,1.1936,0.8506,-0.0244,-0.26,0.0,0.8706,1.0509,0.8533,0.6646,0.4748,2806.6,ok
107,8479987,Morgan Geekie,BOS,C,-0.2988,1.9503,0.3625,0.6558,1.4671,0.0,0.8662,1.0477,0.9637,0.6258,-0.1401,3247.9,ok
108,8476459,Mika Zibanejad,NYR,C,-0.8431,1.0748,0.7144,1.8903,2.3838,0.9131,0.8603,1.0435,0.9918,0.3757,0.5813,3344.6,ok
109,8480208,Drake Batherson,OTT,R,0.2009,1.2262,0.0245,1.6833,1.4427,0.0,0.853,1.0382,0.9802,0.3229,-0.2901,3373.5,ok
110,8478438,Tommy Novak,PIT,C,1.7134,0.2694,1.4165,0.9147,0.2227,0.0,0.8526,1.0379,0.8711,1.4496,0.4478,2497.4,ok
111,8479400,Pierre-Luc Dubois,WSH,C,1.6412,0.3167,0.9002,1.5056,-0.1163,0.0,0.8487,1.0351,0.6506,0.8311,0.3747,2628.5,ok
112,8482146,Luke Evangelista,NSH,R,1.4993,0.1011,1.77,1.4338,-0.6523,0.0,0.8466,1.0336,0.9347,1.4939,0.877,2887.2,ok
113,8484801,Macklin Celebrini,SJS,C,-1.4005,1.3939,0.7699,2.745,0.5719,0.0,0.8449,1.0324,0.8174,1.2139,-0.1827,2427.2,ok
114,8482713,Mackie Samoskevich,FLA,R,2.0989,0.4969,1.0476,0.5502,-0.2309,0.0,0.8447,1.0323,0.8039,1.1157,0.2877,1827.7,ok
115,8482078,Lucas Raymond,DET,L,-0.0631,0.6751,0.5774,2.2662,1.4359,0.4601,0.8398,1.0287,0.9868,0.4859,0.2875,3447.5,ok
116,8477951,Nick Schmaltz,UTA,C,0.6688,0.9122,0.6152,1.5905,0.5582,-0.5302,0.8382,1.0276,0.9951,0.459,0.3651,3495.2,ok
117,8475754,Brock Nelson,COL,C,0.0638,1.4638,0.4865,0.7227,0.4408,1.9744,0.8382,1.0275,0.9855,1.1666,-0.5149,3452.5,ok
118,8478493,Joel Eriksson Ek,MIN,C,1.0982,1.3723,0.6333,0.4506,0.2449,-0.8125,0.8378,1.0272,0.7703,0.4886,0.3597,2587.5,ok
119,8476456,Jonathan Huberdeau,CGY,L,0.5702,0.8625,0.8617,1.0163,0.3441,1.7031,0.8373,1.0269,0.7835,0.7497,0.4046,2971.9,ok
120,8476873,Mark Jankowski,CAR,L,1.7338,0.679,1.4269,-0.2403,0.0,1.1871,0.8295,1.0213,0.7383,0.2352,1.6762,1636.1,ok
121,8475848,Brendan Gallagher,MTL,R,2.1837,0.8046,1.1757,-0.2694,-0.3963,0.0,0.8259,1.0187,0.9588,1.4562,0.1187,2754.9,ok
122,8480849,Barrett Hayton,UTA,C,0.8673,1.0173,1.6181,-0.1319,0.4695,0.6104,0.8239,1.0173,0.8204,1.306,0.8615,2299.3,ok
123,8478873,Troy Terry,ANA,R,0.7067,0.6713,0.9032,1.559,-0.9656,1.8749,0.8232,1.0167,0.8319,0.988,0.2219,3086.5,ok
124,8481605,Jackson LaCombe,ANA,D,0.2514,0.9907,1.1168,1.2624,0.4996,-0.3898,0.8098,1.0071,0.9542,0.6668,0.8292,3884.9,ok
125,8478010,Brayden Point,TBL,C,-0.0354,1.7878,-0.659,1.6332,0.6341,0.0,0.8092,1.0067,0.8533,0.7076,-1.5904,3279.2,ok
126,8477504,Josh Morrissey,WPG,D,0.1486,0.8381,1.4999,0.9926,0.5989,0.1722,0.7905,0.9932,0.9575,1.2929,0.7162,4737.0,ok
127,8480039,Martin Necas,COL,C,-0.3265,1.2313,-0.2562,2.3152,1.0818,0.0,0.79,0.9928,0.9535,1.4227,-1.7659,3536.5,ok
128,8484153,Leo Carlsson,ANA,C,0.5016,0.9446,0.9992,1.1482,-0.1597,0.1973,0.7873,0.9909,0.8527,0.7035,0.6349,2745.9,ok
129,8478398,Kyle Connor,WPG,L,-0.4967,1.4921,-0.3921,1.9832,0.4989,1.2233,0.7795,0.9853,0.972,0.5432,-1.0685,3643.9,ok
130,8478042,Viktor Arvidsson,BOS,L,0.2713,1.6201,0.3459,0.7897,-0.176,0.0,0.7775,0.9839,0.7495,0.7102,-0.2468,1946.0,ok
131,8481542,Moritz Seider,DET,D,0.7271,0.5093,1.9377,0.6485,0.9685,-1.2584,0.7645,0.9745,1.0,0.9989,1.5967,4549.9,ok
132,8476923,Damon Severson,CBJ,D,1.3724,0.6255,1.6283,0.2411,-0.9965,0.6468,0.7637,0.9739,0.8553,1.2624,0.9188,3704.1,ok
133,8475794,Tyler Seguin,DAL,C,-0.036,1.0865,-0.2167,1.7134,0.0403,2.3664,0.7441,0.9598,0.3691,0.2567,-0.5469,1520.7,ok
134,8482702,Logan Stankoven,CAR,C,1.263,1.1854,0.4273,0.1053,-0.06,0.0,0.7312,0.9505,0.882,1.0903,-0.5179,2413.1,ok
135,8482699,Dylan Guenther,UTA,R,-0.9122,1.9005,-0.3886,1.787,1.3752,-1.375,0.7278,0.9481,0.8718,0.4274,-0.948,2472.4,ok
136,8481656,Aliaksei Protas,WSH,L,0.9184,0.7652,0.2288,1.3507,-0.6872,1.1099,0.7256,0.9465,0.9301,0.6249,-0.3185,3171.0,ok
137,8478178,Darren Raddysh,TBL,D,-0.5333,1.0408,1.0899,1.1898,1.3677,-0.2013,0.7219,0.9438,0.9051,1.5556,-0.0957,3738.4,ok
138,8475168,Matt Duchene,DAL,C,-0.5273,1.1681,-0.5002,2.3091,1.4736,0.0,0.7138,0.938,0.8319,0.6533,-1.3233,2989.9,ok
139,8474037,James van Riemsdyk,DET,L,-0.0925,1.6781,0.1238,0.6645,0.4722,0.0,0.709,0.9345,0.8724,0.5625,-0.3967,2263.8,ok
140,8484145,Zach Benson,BUF,L,0.5768,0.3202,1.5639,0.9975,-0.4755,1.3364,0.7,0.928,0.8421,1.1621,0.9327,2644.2,ok
141,8474586,Jordan Eberle,SEA,R,0.7319,0.7993,0.7628,1.153,-0.849,0.0,0.6879,0.9194,0.822,0.5462,0.4756,2842.4,ok
142,8475218,Mattias Ekholm,EDM,D,1.7014,-0.1884,2.5331,0.2626,-0.0955,-1.4008,0.6793,0.9131,0.9278,3.3234,0.0698,4000.4,ok
143,8473533,Jordan Staal,CAR,C,2.5403,0.0174,0.3378,0.2564,0.992,-0.2877,0.6724,0.9082,0.9229,0.0803,0.3722,2907.4,ok
144,8479525,Ross Colton,COL,C,1.8601,0.477,0.7365,0.3981,-0.8088,0.0,0.6697,0.9062,0.8543,1.1218,-0.1352,2539.6,ok
145,8480220,Noah Cates,PHI,L,0.9773,0.6752,0.6018,0.7438,-0.5218,0.9266,0.6643,0.9024,0.9463,-0.1538,0.9599,2656.6,ok
146,8484210,Gabe Perreault,NYR,R,-0.1882,1.4151,-0.0101,0.9096,0.9635,0.0,0.6588,0.8984,0.3428,0.0391,-0.0527,770.8,ok
147,8482116,Tim Sttzle,OTT,C,0.2496,0.8824,-0.0694,1.4354,0.7974,0.2746,0.6572,0.8973,0.9753,0.4847,-0.5777,3567.3,ok
148,8474578,Erik Karlsson,PIT,D,1.0104,0.2853,0.3582,1.0336,0.7002,1.2756,0.656,0.8964,0.9539,1.092,-0.6121,4506.6,ok
149,8482109,Alexis Lafrenire,NYR,L,0.4517,0.498,1.0882,0.9822,0.5048,0.0,0.6518,0.8934,1.0,0.9985,0.4592,3664.6,ok
150,8479977,Kailer Yamamoto,UTA,R,0.7554,0.8097,1.1626,0.2017,-0.1468,0.0,0.642,0.8863,0.5336,0.0924,1.465,1364.2,ok
151,8476392,Adam Lowry,WPG,C,2.4513,0.0825,0.8178,-0.038,0.0,-0.2893,0.6352,0.8814,0.8837,0.3461,0.7494,2876.7,ok
152,8477451,Ryan Hartman,MIN,R,0.8895,0.8987,0.5559,0.4897,0.1039,-0.6525,0.6318,0.879,0.8958,1.3404,-0.5957,2978.6,ok
153,8484984,Ivan Demidov,MTL,R,0.6411,0.0551,0.172,2.2524,0.6397,0.0,0.6259,0.8747,0.5485,0.0504,0.1799,977.6,ok
154,8477960,Adrian Kempe,LAK,R,-0.7943,2.0465,-1.1061,1.6177,-0.5952,0.9597,0.6259,0.8747,0.9812,-0.3404,-1.1413,3369.4,ok
155,8482159,Tyson Foerster,PHI,R,0.8444,1.0634,0.855,-0.3449,-0.264,0.7851,0.6239,0.8732,0.6384,0.3824,0.7629,2568.4,ok
156,8482113,Anton Lundell,FLA,C,0.8528,0.5885,0.173,0.5169,0.7647,1.567,0.6191,0.8698,0.8629,-0.4653,0.6971,2844.5,ok
157,8484258,Sam Malinski,COL,D,0.4493,0.3947,0.9313,0.6611,0.0,2.2714,0.611,0.864,0.879,0.241,1.0066,2793.6,ok
158,8477998,Warren Foegele,OTT,L,2.343,0.8632,-0.1525,-0.4981,-0.6706,0.3262,0.6072,0.8613,0.9077,0.1366,-0.3409,2932.5,ok
159,8476907,Mackenzie MacEachern,VAN,L,0.3116,0.0,0.0,3.0,0.0,0.0,0.6023,0.8577,0.0659,-1.8812,0.3947,143.3,small_sample
160,8475791,Taylor Hall,CAR,L,1.6148,0.3305,-0.1522,1.2345,-0.4676,0.0,0.5956,0.8529,0.8484,0.6575,-0.8614,2137.5,ok
161,8481533,Trevor Zegras,PHI,C,-0.5358,0.5798,1.1016,1.4329,0.8865,0.0,0.5914,0.8499,0.8105,1.6634,-0.1878,2434.1,ok
162,8478038,Devon Toews,COL,D,2.7808,-0.1061,0.7118,-0.1401,-0.3582,-0.214,0.5812,0.8425,0.884,1.0694,-0.1159,4231.6,ok
163,8482730,Brandt Clarke,LAK,D,1.0465,0.0358,0.5146,1.4986,0.012,0.0,0.5792,0.8411,0.8754,1.0154,-0.3261,2673.2,ok
164,8478421,A.J. Greer,FLA,L,1.2323,0.4139,0.7941,0.4285,0.0,-0.4722,0.5716,0.8356,0.9318,0.0647,0.999,2132.3,ok
165,8482737,Zachary Bolduc,MTL,R,1.0008,0.4046,1.112,0.056,0.5146,0.0,0.5688,0.8336,0.8401,0.1291,1.3604,2015.8,ok
166,8483524,Shane Wright,SEA,C,-0.1551,0.8325,1.1075,0.5265,0.5695,0.0,0.5666,0.8321,0.8134,1.1224,0.3611,1897.0,ok
167,8476854,Hampus Lindholm,BOS,D,2.0592,0.1301,1.0529,-0.2134,-0.4729,-0.0316,0.5607,0.8278,0.6292,0.599,0.8114,2683.3,ok
168,8482149,Cole Perfetti,WPG,C,0.0819,0.595,1.1304,0.9208,-0.2294,0.0,0.5546,0.8234,0.8896,0.0499,1.4642,2735.6,ok
169,8474716,Jared Spurgeon,MIN,D,1.2533,0.5517,1.156,-0.3138,-0.0582,-0.3261,0.5524,0.8218,0.8082,0.1905,1.358,2647.8,ok
170,8480015,Owen Tippett,PHI,R,0.6562,0.828,0.7215,0.5832,-1.1503,0.0,0.5516,0.8212,0.967,1.0066,-0.0402,3140.1,ok
171,8479345,Jakob Chychrun,WSH,D,-1.3236,1.9809,0.1907,0.3043,1.0624,0.0,0.5505,0.8205,0.9552,0.5367,-0.2813,4367.2,ok
172,8481581,Thomas Harley,DAL,D,1.9341,-0.0089,0.1925,0.413,0.2953,0.7653,0.5499,0.82,0.9001,1.2731,-1.0153,4251.0,ok
173,8480893,Kirill Marchenko,CBJ,R,-0.6524,1.1204,0.3364,1.4199,-0.0416,0.0,0.5491,0.8194,0.942,1.018,-0.5675,3384.0,ok
174,8475745,Charlie Coyle,CBJ,C,0.6051,0.8292,0.1859,0.9157,0.3201,-1.3784,0.5445,0.8162,1.0,0.4446,-0.1956,3182.1,ok
175,8478233,Andrew Mangiapane,CHI,L,1.8373,-0.0958,1.6583,-0.0269,-0.782,-0.3644,0.5399,0.8128,0.8527,0.0685,2.1528,2682.8,ok
176,8482100,Alexander Nikishin,CAR,D,0.6736,0.5259,0.0237,0.2708,0.9618,2.0443,0.5306,0.8061,0.5339,0.8522,-0.8204,1228.5,ok
177,8474590,John Carlson,ANA,D,0.9629,-0.0006,0.8929,1.2461,0.2138,-1.1218,0.5273,0.8038,0.9156,1.3939,-0.1977,4073.8,ok
178,8479638,Justin Brazeau,PIT,R,0.8029,0.8984,-0.1696,0.6719,-0.3681,0.0,0.5234,0.8009,0.7538,0.2917,-0.5189,1734.8,ok
179,8482178,Ian Moore,ANA,D,-0.1882,1.2552,1.6313,-0.7279,0.0,0.0,0.5229,0.8005,0.4535,0.04,2.1452,886.4,ok
180,8478542,Evan Rodrigues,FLA,C,2.0442,-0.1661,0.9717,-0.1478,-0.1656,0.6554,0.5138,0.794,0.911,0.6354,0.6662,3048.4,ok
181,8480064,Josh Norris,BUF,C,0.2256,0.9385,0.1265,0.9105,0.2176,-0.9459,0.5081,0.7899,0.5939,0.0739,0.0955,1863.2,ok
182,8475220,Marcus Foligno,MIN,L,1.2642,0.4466,1.1954,-0.497,0.1379,-0.3278,0.5072,0.7893,0.7643,0.3329,1.2684,2204.9,ok
183,8480078,Filip Chytil,VAN,C,0.6592,0.5841,1.4671,-0.1746,-0.5235,0.0,0.5059,0.7883,0.3171,2.2051,-0.2398,1021.0,ok
184,8479550,Tanner Laczynski,VGK,C,-0.1882,0.0,0.0,3.0,0.0,0.0,0.5024,0.7858,0.0976,-1.2434,0.1895,167.3,small_sample
185,8481569,Marshall Warren,NYI,D,-0.1882,0.0,0.0,3.0,0.0,0.0,0.5024,0.7858,0.0527,0.6991,0.8897,89.5,small_sample
186,8483687,Marek Alscher,FLA,D,-0.1882,0.0,0.0,3.0,0.0,0.0,0.5024,0.7858,0.0264,-0.194,1.6376,73.8,small_sample
187,8484797,Konsta Helenius,BUF,C,-0.1882,0.0,0.0,3.0,0.0,0.0,0.5024,0.7858,0.0593,1.5819,1.7111,105.2,small_sample
188,8485405,Brady Martin,NSH,C,-0.1882,0.0,0.0,3.0,0.0,0.0,0.5024,0.7858,0.0198,-1.3857,2.7991,29.6,small_sample
189,8485406,Porter Martone,PHI,R,-0.1882,0.0,0.0,3.0,0.0,0.0,0.5024,0.7858,0.0593,-0.6105,1.0218,128.3,small_sample
190,8483696,Cole O'Hara,NSH,R,-0.1882,0.0,0.0,3.0,0.0,0.0,0.5024,0.7858,0.0066,-4.3168,4.2057,11.0,small_sample
191,8483039,Tristen Nielsen,COL,C,-0.1882,0.0,0.0,3.0,0.0,0.0,0.5024,0.7858,0.0264,-5.2442,5.9455,25.2,small_sample
192,8484380,Wilmer Skoog,FLA,C,-0.1882,0.0,0.0,3.0,0.0,0.0,0.5024,0.7858,0.0198,-0.3456,-1.2558,40.8,small_sample
193,8484999,Ilya Protas,WSH,L,-0.1882,0.0,0.0,3.0,0.0,0.0,0.5024,0.7858,0.0264,-1.6403,-1.7522,51.9,small_sample
194,8484392,Felix Unger Sorum,CAR,R,-0.1882,0.0,0.0,3.0,0.0,0.0,0.5024,0.7858,0.0066,-5.2089,4.1694,13.8,small_sample
195,8482785,Justin Robidas,CAR,C,-0.1882,0.0,0.0,3.0,0.0,0.0,0.5024,0.7858,0.0211,-2.9877,3.3242,43.1,small_sample
196,8484873,Cole Hutson,WSH,D,-0.1882,0.0,0.0,3.0,0.0,0.0,0.5024,0.7858,0.0923,-0.3198,0.3529,203.8,small_sample
197,8481609,Vladislav Kolyachonok,DAL,D,0.3032,0.6272,2.0291,-0.6268,0.0,0.0,0.4998,0.7839,0.2324,1.0209,1.6971,661.0,ok
198,8476454,Ryan Nugent-Hopkins,EDM,C,-0.7667,0.6243,0.5158,1.3022,2.674,-1.2555,0.4992,0.7835,0.915,0.8598,-0.1688,3098.7,ok
199,8481070,Hugh McGing,STL,L,-0.1882,0.0,0.0,2.9555,0.0,0.0,0.4944,0.78,0.028,-1.5485,-2.6771,71.5,small_sample
200,8475692,Mats Zuccarello,MIN,R,0.2791,0.1162,0.4196,1.8002,0.0442,0.0,0.4926,0.7788,0.7755,0.7487,-0.1866,2917.6,ok
201,8475768,Jaden Schwartz,SEA,L,0.5341,1.1875,-0.3368,0.1177,0.3785,0.0,0.4891,0.7763,0.7521,0.2867,-0.7378,2667.6,ok
202,8482667,William Eklund,SJS,L,0.2966,0.0979,0.9538,1.4892,-0.8021,0.392,0.4853,0.7735,0.9506,0.9291,0.3485,3405.2,ok
203,8478440,Dylan Strome,WSH,C,-0.3283,0.8164,-0.4405,1.7335,0.6039,0.0,0.4832,0.772,0.9868,0.7545,-1.3445,3420.9,ok
204,8476432,Boone Jenner,CBJ,C,-0.0204,0.9736,0.1422,0.8758,-0.7245,0.5383,0.4752,0.7662,0.6401,0.9922,-0.8018,2101.1,ok
205,8475690,Chris Tanev,TOR,D,1.6899,-0.0754,1.7019,-0.6505,0.0,-0.2651,0.4721,0.764,0.4927,0.1476,2.1321,2632.9,ok
206,8485414,Ben Kindel,PIT,C,-0.1882,1.0524,0.2342,0.692,-0.0303,0.0,0.4719,0.7638,0.5076,0.2685,0.0452,936.0,ok
207,8477478,William Carrier,CAR,L,1.868,-0.3414,1.2349,0.0034,0.0,0.0,0.4715,0.7635,0.6958,0.1948,1.4593,1655.8,ok
208,8482762,Simon Edvinsson,DET,D,1.192,0.2684,1.1598,-0.16,0.0,-0.4838,0.4712,0.7633,0.8095,1.0845,0.4691,3121.1,ok
209,8479591,Michael Eyssimont,BOS,C,1.4488,0.1347,1.2994,-0.4115,-0.2186,0.0,0.4657,0.7594,0.8072,0.4327,1.3079,2292.2,ok
210,8479675,Trevor Moore,LAK,L,1.1102,0.4933,0.6029,0.0205,-0.7722,0.5391,0.4639,0.7581,0.8708,0.9538,-0.1463,3034.8,ok
211,8482911,Joel Nystrom,CAR,D,-0.1882,-0.1805,2.2214,1.0137,0.0,0.0,0.4629,0.7574,0.2505,2.572,0.4037,524.2,ok
212,8477986,Brandon Montour,SEA,D,-0.6031,1.1532,0.8012,-0.0641,0.218,1.0291,0.4513,0.7491,0.851,0.3958,0.6775,3969.9,ok
213,8480459,Pius Suter,STL,C,1.0368,0.4329,0.4805,-0.0754,-0.6124,1.3209,0.4415,0.742,0.8527,0.5187,0.1249,2680.8,ok
214,8483431,Logan Cooley,UTA,C,-1.2171,1.5771,-0.5667,1.1234,0.8256,-0.0061,0.4404,0.7412,0.7877,0.2639,-1.023,2835.4,ok
215,8477500,Bo Horvat,NYI,C,0.1829,0.7897,0.5656,0.3747,-0.3756,-0.079,0.4306,0.7341,0.9021,1.2592,-0.5016,3392.4,ok
216,8478401,Pavel Zacha,BOS,C,-0.5628,0.9487,-0.0128,0.94,0.348,0.7597,0.4299,0.7336,0.967,0.2638,-0.281,3110.5,ok
217,8477964,Ivan Barbashev,VGK,L,-0.6308,0.708,0.3124,1.6284,-0.5742,0.0,0.4135,0.7218,0.9525,1.2224,-0.8039,3449.8,ok
218,8484388,Daniil But,UTA,L,-0.1882,0.5387,2.3166,-0.6787,0.0,0.0,0.4118,0.7206,0.1912,1.7056,1.3976,319.3,ok
219,8473994,Jamie Benn,DAL,L,-0.0805,0.6259,-0.6949,1.5411,-0.1142,1.3943,0.4114,0.7203,0.8471,0.3983,-1.3292,2539.2,ok
220,8482079,Marco Rossi,VAN,C,-0.8719,0.6909,1.0202,0.8017,0.5347,0.0,0.4088,0.7184,0.7891,0.8498,0.5168,3091.5,ok
221,8485402,Michael Misa,SJS,C,-0.1882,1.3558,0.4739,-0.5112,0.0,0.0,0.3983,0.7109,0.2966,1.4485,-0.8136,514.7,ok
222,8476826,Yanni Gourde,TBL,C,2.5475,-0.4731,0.3779,0.2438,-1.253,0.4888,0.3983,0.7108,0.8978,-0.3198,0.8261,3078.2,ok
223,8482157,Will Cuylle,NYR,L,0.2833,0.8664,0.1449,0.3544,-0.129,-0.5006,0.3969,0.7099,0.9984,0.0094,0.1847,3023.8,ok
224,8482145,Mavrik Bourque,DAL,C,0.9803,0.1855,0.8519,0.2108,-0.4642,-0.2499,0.395,0.7085,0.8309,0.5443,0.5968,1979.5,ok
225,8483565,Nick Blankenburg,COL,D,0.2226,0.9998,-0.135,0.111,0.072,0.2662,0.3898,0.7048,0.6592,-0.1656,-0.0152,1949.4,ok
226,8480762,Eric Robinson,CAR,L,0.5052,0.4287,0.2888,0.2582,0.0,0.9478,0.3855,0.7016,0.8434,0.3579,0.0289,2127.9,ok
227,8477402,Pavel Buchnevich,STL,L,0.7674,0.2995,0.0359,0.9476,-0.4456,-0.4311,0.3763,0.695,0.9664,1.3926,-1.3445,3301.8,ok
228,8478882,Vladislav Gavrikov,NYR,D,0.6315,0.4562,0.7806,-0.6382,1.1355,-0.0541,0.3714,0.6915,0.9918,0.4851,0.5606,4495.9,ok
229,8484185,Nick Lardis,CHI,L,-0.1882,1.6681,-0.1738,-0.6419,0.0,0.0,0.3678,0.6889,0.2703,-0.4734,0.2406,449.4,ok
230,8477987,Ryan Donato,CHI,C,-0.0156,0.5414,0.6646,0.7304,-0.8477,0.0,0.3607,0.6838,0.9789,0.3165,0.5737,3070.8,ok
231,8483808,Andrei Kuzmenko,LAK,L,0.2899,0.4964,0.088,0.1855,1.2801,0.0,0.3598,0.6831,0.7225,0.5241,-0.4062,2260.7,ok
232,8478396,Noah Hanifin,VGK,D,0.8793,0.033,0.882,0.0578,0.1231,0.0517,0.3583,0.682,0.9163,1.0629,0.1186,4355.3,ok
233,8483485,Denton Mateychuk,CBJ,D,0.4198,0.8232,0.2311,0.2284,0.5854,-2.3802,0.358,0.6818,0.6724,0.0476,0.262,1963.3,ok
234,8476917,Adam Pelech,NYI,D,1.4025,-0.1739,1.8581,-0.8429,0.0,-0.6085,0.3568,0.681,0.8734,0.799,1.69,3535.4,ok
235,8478057,Dakota Joshua,TOR,C,1.0362,0.5191,0.3547,-0.0279,-1.2876,0.2594,0.3567,0.6809,0.6918,0.2092,0.266,2035.4,ok
236,8478439,Travis Konecny,PHI,R,-0.4107,0.7557,-0.7317,1.7935,-0.8875,1.008,0.354,0.679,0.9572,0.798,-1.7782,3492.7,ok
237,8478444,Brock Boeser,VAN,R,-1.0788,1.4075,-0.6981,0.864,0.8196,0.2153,0.3537,0.6788,0.9245,-0.1996,-0.7356,3242.8,ok
238,8481721,Arseny Gritsyuk,NJD,R,-0.1882,-0.0352,1.3606,0.8036,0.3337,0.0,0.3501,0.6761,0.4351,0.7991,1.0235,898.0,ok
239,8477948,Travis Sanheim,PHI,D,1.1451,0.2709,0.4634,-0.2532,-0.3096,0.3217,0.346,0.6732,0.9918,0.6478,-0.0271,4739.9,ok
240,8482175,JJ Peterka,UTA,R,-0.0492,0.8132,-0.0262,0.4253,0.139,0.0,0.3403,0.6691,0.9802,0.4032,-0.4384,3357.3,ok
241,8484241,Matthew Wood,NSH,R,-0.1882,1.1181,-0.6214,0.7217,-0.2184,0.0,0.3403,0.6691,0.4918,0.1018,-0.9342,812.5,ok
242,8481624,Ilya Mikheyev,CHI,R,0.8763,0.3264,0.6738,0.003,-1.5603,0.9832,0.338,0.6674,0.9459,-0.0714,0.9739,3109.7,ok
243,8477947,Sonny Milano,WSH,L,0.3284,0.3001,0.4916,0.7489,-0.6499,0.0,0.3376,0.6672,0.297,0.5673,0.0912,824.3,ok
244,8484911,Collin Graf,SJS,R,0.0283,0.356,1.1008,0.2727,-0.8083,0.6918,0.3374,0.667,0.676,0.5273,0.9473,1558.5,ok
245,8475167,Victor Hedman,TBL,D,0.6965,-0.1893,-0.4677,1.7668,-0.012,0.4202,0.3355,0.6656,0.6585,0.6514,-1.2779,3238.4,ok
246,8483676,Stephen Halliday,OTT,C,-0.1882,0.0,0.0,2.072,0.0,0.0,0.3353,0.6655,0.1978,-0.4264,0.5437,196.2,small_sample
247,8477220,Nate Schmidt,UTA,D,0.6201,0.2251,1.5076,-0.4996,-0.6466,0.2482,0.3318,0.663,0.9608,0.6458,1.3736,3409.0,ok
248,8479410,Mikhail Sergachev,UTA,D,1.278,-0.1266,-0.4975,0.5809,1.4303,-0.0584,0.331,0.6624,0.8748,0.3458,-1.0123,3330.2,ok
249,8482110,Dawson Mercer,NJD,C,0.3507,0.5163,0.5996,-0.0213,0.108,-0.3073,0.3308,0.6623,1.0,0.4718,0.3314,3410.9,ok
250,8478409,Anthony Richard,PHI,C,-0.1882,0.0,0.0,2.0464,0.0,0.0,0.3307,0.6622,0.0808,0.0053,-0.4857,263.2,small_sample
251,8482055,Drew O'Connor,VAN,L,0.4559,0.6805,0.3849,-0.194,0.0,-0.3123,0.3307,0.6622,1.0,0.953,-0.4374,3177.3,ok
252,8482634,Alex Steeves,BOS,C,-0.1882,0.9188,0.8236,-0.4283,0.0,0.0,0.3285,0.6606,0.3128,0.0695,1.0338,523.0,ok
253,8480012,Elias Pettersson,VAN,C,-0.0276,-0.0613,0.3119,1.2565,0.889,0.2537,0.3283,0.6605,0.8761,0.3353,0.0825,3021.5,ok
254,8483526,Danil Zhilkin,WPG,C,-0.1882,0.0,0.0,2.0176,0.0,0.0,0.3255,0.6585,0.0396,-2.6664,0.8716,40.7,small_sample
255,8482124,Quinton Byfield,LAK,R,0.4812,0.438,0.5964,0.3932,-0.6475,-0.8404,0.3256,0.6585,0.973,0.5803,0.2186,3440.2,ok
256,8480748,Kiefer Sherwood,SJS,L,0.1378,0.6953,0.0005,0.1211,0.9783,-0.4608,0.3243,0.6576,0.8952,0.3003,-0.2996,2700.6,ok
257,8474150,Mikael Backlund,CGY,C,0.7506,-0.0643,0.5507,0.7329,-0.3922,-0.0957,0.3222,0.6561,0.9763,0.4894,0.2484,3357.7,ok
258,8474141,Patrick Kane,DET,R,-1.0746,0.3159,0.5571,1.6335,0.5468,0.0,0.3164,0.6519,0.8088,1.0777,-0.3314,2679.3,ok
259,8480336,Sean Walker,CAR,D,1.542,0.079,0.5481,-0.465,-0.8951,0.6973,0.3161,0.6517,0.9918,0.2306,0.5037,4027.7,ok
260,8478874,Adam Gaudette,SJS,R,-1.0596,1.6017,0.6007,-0.4719,-0.2545,0.0,0.316,0.6516,0.7587,-0.1866,0.9913,1421.6,ok
261,8477497,Sean Monahan,CBJ,C,-0.279,0.5408,0.5369,0.9239,-0.3164,-0.8533,0.3154,0.6512,0.8645,1.3792,-0.66,2831.8,ok
262,8480185,Eetu Luostarinen,FLA,C,2.2522,-0.6789,0.47,-0.0588,-0.1543,0.5827,0.314,0.6502,0.9328,-0.2709,0.9004,2957.1,ok
263,8470621,Corey Perry,TBL,R,0.0079,1.2531,-0.8868,0.3873,-0.2986,0.0,0.3132,0.6496,0.884,-0.92,-0.2679,2212.6,ok
264,8481711,Matias Maccelli,TOR,L,0.7915,-0.1013,0.6476,0.7027,-0.7159,0.0,0.3114,0.6483,0.8207,0.545,0.3226,2654.2,ok
265,8484221,Calum Ritchie,NYI,C,-0.1882,1.0565,-1.3989,1.23,0.2332,0.0,0.3109,0.6479,0.4562,-0.4636,-1.4103,772.3,ok
266,8481532,Alex Turcotte,LAK,C,0.7518,0.1385,1.0587,-0.114,-0.674,0.0,0.3083,0.6461,0.7106,1.3256,0.0925,1563.5,ok
267,8481560,Arthur Kaliyev,OTT,R,0.3717,0.4949,0.356,0.0716,-0.1066,0.0,0.3036,0.6427,0.1526,0.7972,-0.3203,696.3,ok
268,8482720,Matthew Knies,TOR,L,-0.9988,1.0931,0.011,0.9997,-0.1094,-0.6449,0.3029,0.6422,0.9611,0.6394,-0.6246,3215.9,ok
269,8482245,Artem Zub,OTT,D,0.489,0.2114,0.942,-0.2278,0.0,0.3153,0.3025,0.6419,0.8691,-0.1753,1.4372,3533.8,ok
270,8474013,Ian Cole,UTA,D,2.4753,-0.3879,0.2838,-0.5419,0.0,-0.3992,0.2978,0.6385,0.9934,-0.0352,0.4154,3797.9,ok
271,8480028,Morgan Frost,CGY,C,-0.4125,0.5782,0.8962,0.3216,-0.3332,0.0,0.2952,0.6367,0.9779,0.2413,0.9593,2930.9,ok
272,8484829,Justin Hryckowian,DAL,C,0.1937,0.4656,0.7549,0.0306,0.0,-0.6442,0.294,0.6358,0.5537,-0.0914,1.1025,943.5,ok
273,8484403,Florian Xhekaj,MTL,L,-0.1882,0.0,0.0,1.8134,0.0,0.0,0.2888,0.632,0.033,-3.3572,4.0934,48.0,small_sample
274,8483573,Ethen Frank,WSH,R,-0.1882,0.7666,0.455,0.0506,-0.2178,0.0,0.2865,0.6304,0.5036,0.4768,0.1328,904.6,ok
275,8483467,Kirill Kudryavtsev,VAN,D,-0.1882,0.0,0.0,1.7753,0.0,0.0,0.2819,0.6271,0.0277,1.1371,1.4378,71.0,small_sample
276,8475765,Vladimir Tarasenko,MIN,R,-0.101,0.827,-0.8364,0.9634,-0.0338,0.0,0.2816,0.6268,0.9361,0.0128,-1.1331,2905.3,ok
277,8482259,Bobby McMann,SEA,C,-0.5243,1.2603,-0.4506,0.1455,0.2859,0.0,0.2806,0.6261,0.8991,-0.0258,-0.5778,2662.6,ok
278,8478109,Victor Olofsson,CGY,L,-0.3445,0.2187,1.5391,-0.0622,0.3393,0.0,0.2775,0.6239,0.8197,0.4882,1.5734,2118.1,ok
279,8482089,Jake Neighbours,STL,L,-0.985,1.0943,-0.0121,0.7009,-0.1671,0.0,0.2765,0.6232,0.9061,0.2736,-0.2898,2917.8,ok
280,8483512,Matt Savoie,EDM,C,0.038,1.1218,-0.799,-0.094,0.9573,-0.4801,0.268,0.6171,0.558,0.1009,-1.1711,1050.8,ok
281,8482803,Olen Zellweger,ANA,D,0.0698,0.3957,0.808,-0.2773,-0.1246,0.8836,0.2675,0.6167,0.7891,0.9728,0.1095,2555.1,ok
282,8478211,Dryden Hunt,CGY,L,0.5479,-0.4421,0.6476,1.0656,0.0,0.0,0.2656,0.6153,0.0857,-0.2735,1.1409,388.2,ok
283,8475784,Jeff Skinner,SJS,L,0.572,0.5453,-0.5486,0.361,-0.1105,0.0,0.2583,0.6101,0.6177,0.3825,-1.1173,2125.2,ok
284,8484227,Will Smith,SJS,C,-1.7559,0.842,0.1113,1.5545,0.4694,0.0,0.2583,0.61,0.7475,0.8336,-0.6845,1958.4,ok
285,8481617,Vasily Podkolzin,EDM,R,1.1168,0.1441,0.5968,-0.2862,0.0,-1.2645,0.2576,0.6096,0.8962,0.2516,0.5479,2352.7,ok
286,8475172,Nazem Kadri,COL,C,0.5726,0.5044,-1.0635,0.963,-0.2281,0.0,0.2576,0.6095,0.967,-0.1943,-1.2304,3587.0,ok
287,8476902,Esa Lindell,DAL,D,0.4451,0.3256,1.073,-0.3719,-0.6627,-0.2093,0.2551,0.6078,0.9921,0.2697,1.1676,4212.8,ok
288,8476921,Jordan Martinook,CAR,L,1.002,-0.042,0.3027,0.0902,0.0,-0.0026,0.2541,0.607,0.9552,-0.0333,0.4387,3016.4,ok
289,8475149,Marcus Johansson,MIN,L,0.3675,-0.6247,0.5851,1.1306,-0.3692,2.1865,0.2538,0.6069,0.9077,0.3421,0.4417,3045.1,ok
290,8482475,Egor Chinakhov,PIT,R,-0.6819,0.9103,0.2955,0.4514,-0.6271,0.0,0.2516,0.6053,0.6806,0.2636,0.1323,1908.4,ok
291,8474102,David Perron,DET,L,0.0957,0.0148,1.3135,0.0004,0.0423,0.0,0.2504,0.6044,0.7238,0.0988,1.6607,2170.6,ok
292,8482745,Mason McTavish,ANA,C,-1.2965,1.3092,-0.1363,0.7265,-0.4608,0.0,0.2481,0.6027,0.9005,1.2622,-1.4448,2841.5,ok
293,8476461,Sean Couturier,PHI,C,1.7068,-0.464,0.8021,0.106,-1.1422,-0.4093,0.2433,0.5992,0.9486,1.0047,0.0697,3173.1,ok
294,8479576,Vincent Desharnais,SJS,D,1.7501,-0.1264,1.3506,-1.8201,0.0,0.6471,0.2426,0.5988,0.6796,-0.8584,2.6676,2541.6,ok
295,8483752,Dominic James,TBL,C,-0.1882,0.3431,0.0555,0.8715,0.0,0.0,0.2419,0.5983,0.2835,-0.4701,0.5444,479.7,ok
296,8478046,Danton Heinen,CBJ,L,0.6784,0.0933,0.5337,-0.0597,-0.8164,1.0185,0.2402,0.5971,0.7376,-0.5159,1.2307,2365.6,ok
297,8475151,Kyle Palmieri,NYI,C,-0.0198,0.8084,0.0315,0.0891,-0.6057,-0.0452,0.2395,0.5966,0.6243,0.6016,-0.5594,2575.8,ok
298,8475169,Evander Kane,VAN,L,0.3825,0.4179,-0.4711,0.517,0.1648,0.0,0.2389,0.5961,0.5949,1.1249,-1.7559,2131.1,ok
299,8478856,Conor Garland,CBJ,R,1.3706,-0.169,-0.2112,0.8397,-0.1157,-1.7588,0.2376,0.5951,0.9235,0.1588,-0.4417,3081.8,ok
300,8482122,Brock Faber,MIN,D,0.2935,0.2557,0.3568,0.0519,0.4897,-0.2402,0.2354,0.5936,0.971,1.03,-0.5521,4732.6,ok
301,8479671,Mathieu Olivier,CBJ,R,-0.3565,0.7112,0.8516,-0.3721,0.0,-0.1983,0.2313,0.5906,0.8154,0.4577,0.683,2432.6,ok
302,8480865,Noah Dobson,MTL,D,0.1588,0.0401,0.1295,0.9162,-0.3062,0.3868,0.2298,0.5896,0.9384,0.6616,-0.4882,4282.5,ok
303,8477496,Elias Lindholm,BOS,C,0.068,0.6,-0.0199,0.2636,-0.4449,0.0875,0.2289,0.5889,0.9028,0.2708,-0.2975,2971.1,ok
304,8480817,K'Andre Miller,CAR,D,0.3729,0.1767,0.5353,-0.1007,-0.458,1.1025,0.2288,0.5889,0.8991,0.2285,0.4886,4192.6,ok
305,8475200,Dmitry Orlov,SJS,D,1.3327,-0.6097,0.8292,0.1555,0.2,-0.4233,0.2271,0.5876,0.9763,0.6343,0.4765,4034.8,ok
306,8480049,Dylan Samberg,WPG,D,1.6911,-0.311,0.9268,-0.7221,0.0,-0.7337,0.2265,0.5872,0.8009,0.0529,1.1886,3350.8,ok
307,8471685,Anze Kopitar,LAK,C,0.157,0.1679,-0.3961,1.248,0.4382,-0.9766,0.226,0.5868,0.8955,-0.1724,-0.3582,3244.8,ok
308,8479619,Michael Carcone,UTA,L,-0.1749,0.6468,0.5375,-0.2001,-0.1262,0.0,0.225,0.5861,0.8523,0.9784,-0.2584,2266.2,ok
309,8480873,Rasmus Sandin,WSH,D,0.7879,-0.1583,0.2251,0.4203,-0.3379,0.5602,0.2236,0.5851,0.9176,-0.2953,0.5969,3898.0,ok
310,8480802,Ryan McLeod,BUF,C,0.7313,-0.3719,0.0004,1.3261,-1.0185,0.6452,0.2233,0.5849,0.9799,0.473,-0.4724,3057.0,ok
311,8481535,Nils Hoglander,VAN,L,0.4295,-0.1225,1.5664,-0.1083,-1.0094,0.0,0.2216,0.5837,0.6671,0.5765,1.5217,2153.2,ok
312,8476455,Gabriel Landeskog,COL,L,1.5691,-0.0034,-0.0256,-0.2125,-0.706,0.0,0.2207,0.583,0.3955,0.769,-0.8032,802.9,ok
313,8478020,Michael Amadio,OTT,R,0.4198,-0.0764,0.429,0.2855,-0.5072,1.4183,0.2185,0.5814,0.939,-0.1874,0.762,2972.2,ok
314,8476463,Jonas Brodin,MIN,D,0.5527,-0.0137,1.1315,-0.3772,0.0,-0.3948,0.2108,0.5758,0.7086,0.3484,1.1673,3286.4,ok
315,8474151,Ryan McDonagh,TBL,D,0.3795,0.0562,0.7743,0.208,-0.6668,-0.156,0.209,0.5746,0.7627,0.3057,0.7315,3401.3,ok
316,8477416,Oliver Bjorkstrand,TBL,R,0.0692,0.0544,-0.4732,1.1621,0.6854,0.0,0.2085,0.5742,0.975,-0.8598,0.2258,2882.5,ok
317,8476882,Teuvo Teravainen,CHI,C,-0.0823,-0.3121,0.6208,0.7569,1.5209,-0.4169,0.2079,0.5738,0.9374,-0.1052,0.9368,2886.2,ok
318,8484793,Sacha Boisvert,CHI,C,-0.1882,0.0,0.0,1.3237,0.0,0.0,0.2006,0.5686,0.0461,-1.038,2.4698,64.5,small_sample
319,8476979,Erik Gustafsson,DET,D,0.3573,-0.492,0.6552,0.8933,0.2136,0.0,0.1963,0.5654,0.3757,0.4382,0.4395,2062.6,ok
320,8484768,Zayne Parekh,CGY,D,-0.1882,1.1999,-0.2415,-0.5504,-0.3612,0.0,0.1929,0.563,0.2479,-0.3586,0.0352,540.7,ok
321,8475188,Brayden McNabb,VGK,D,1.8108,-0.3867,0.4803,-0.9235,0.0,0.7669,0.1883,0.5597,0.8748,0.4071,0.2362,3894.9,ok
322,8479981,Jonah Gadjovich,FLA,L,0.2478,-0.0994,0.9638,0.0399,0.0,0.0,0.1878,0.5593,0.2963,-0.4091,1.7001,708.0,ok
323,8470613,Brent Burns,COL,D,0.6917,-0.0187,0.2011,0.0645,-0.3667,0.648,0.1847,0.5571,1.0,0.8315,-0.5621,3885.7,ok
324,8473422,Nick Foligno,MIN,L,0.2899,0.3696,0.1814,-0.0175,-0.3562,0.0415,0.1848,0.5571,0.7798,-0.3314,0.5744,2511.9,ok
325,8480797,Joel Farabee,CGY,L,-0.3806,0.494,0.959,0.0317,-1.129,0.1156,0.1824,0.5554,0.996,1.0489,0.2357,3218.8,ok
326,8481077,John Leonard,DET,L,-0.1773,0.0,0.0,1.2047,0.0,0.0,0.1814,0.5547,0.0824,0.0703,0.9539,153.2,small_sample
327,8478469,Thomas Chabot,OTT,D,0.5088,-0.1642,-0.024,0.653,-0.0671,0.4939,0.181,0.5544,0.7762,0.9307,-0.9628,3435.1,ok
328,8482660,Kent Johnson,CBJ,C,0.4367,0.1132,0.0908,0.3613,-0.3451,0.0,0.181,0.5544,0.8392,-0.0867,0.2083,2268.2,ok
329,8474563,Drew Doughty,LAK,D,0.6417,0.2957,0.6739,-0.6285,-0.1887,-0.6662,0.1808,0.5543,0.7284,0.3132,0.5895,3538.9,ok
330,8481575,Lassi Thomson,OTT,D,-0.1882,0.0,0.0,1.2136,0.0,0.0,0.1808,0.5543,0.0725,2.2295,0.7782,141.2,small_sample
331,8481754,Nikita Nesterenko,ANA,C,-0.1882,-0.4838,1.2111,0.9525,0.0,0.0,0.1801,0.5538,0.2752,-0.4678,2.0902,560.5,ok
332,8476389,Vincent Trocheck,NYR,C,-0.0859,0.4514,-0.7591,0.8997,0.0319,0.23,0.1784,0.5526,0.9011,0.2872,-1.304,3488.8,ok
333,8481592,Jakob Pelletier,TBL,L,0.6784,0.286,0.0185,-0.305,0.0,0.0,0.1783,0.5525,0.2482,-0.665,0.6897,678.3,ok
334,8481006,Tyler Tucker,STL,D,0.8041,0.0254,0.7385,-0.6039,0.0,-0.1715,0.1775,0.5519,0.648,0.3997,0.5895,1733.3,ok
335,8479398,Samuel Girard,PIT,D,1.5763,-0.4978,0.8597,-0.3264,-1.2108,0.4379,0.1755,0.5505,0.7815,0.4715,0.6801,3287.5,ok
336,8475191,Reilly Smith,VGK,R,0.4289,0.3782,-0.6029,0.2368,-0.764,1.5051,0.1725,0.5483,0.8926,0.078,-0.8856,2834.6,ok
337,8482470,Ilya Solovyov,PIT,D,-0.1882,-0.4665,2.0066,0.1196,0.0,0.0,0.1711,0.5473,0.234,1.7507,0.9372,582.7,ok
338,8481582,Nicholas Robertson,TOR,L,0.0638,0.7571,-0.3818,0.1098,-0.6618,0.0,0.1711,0.5473,0.8794,-0.2547,-0.2568,2216.2,ok
339,8477505,Alexander Wennberg,SJS,C,0.6435,-0.248,0.5028,0.5246,0.1305,-1.3145,0.1702,0.5466,0.9621,-0.5554,1.2289,3236.4,ok
340,8483491,Ivan Miroshnichenko,WSH,L,-0.1882,0.0107,1.2812,-0.0807,0.0,0.0,0.1692,0.5459,0.1915,-0.3841,2.1003,517.6,ok
341,8483570,Ben Meyers,SEA,C,1.4314,-0.6414,1.3907,-0.3055,0.0,-1.7775,0.1672,0.5445,0.4123,0.8006,1.0623,817.2,ok
342,8480289,Morgan Barron,WPG,C,0.9641,0.0451,0.2391,-0.3815,0.0,-0.3594,0.1617,0.5405,0.853,-0.4058,0.726,2071.6,ok
343,8476312,Josh Manson,COL,D,1.1144,-0.33,0.1376,0.1865,0.0,-0.1856,0.1617,0.5405,0.8359,-0.1416,0.326,3168.4,ok
344,8475798,Mikael Granlund,ANA,C,-0.9699,0.8312,-0.8954,1.2079,1.0926,-1.2557,0.1592,0.5387,0.8243,0.31,-1.5095,2967.3,ok
345,8478407,Vince Dunn,SEA,D,0.0596,0.1282,-0.1468,0.7459,-0.0651,0.0,0.159,0.5386,0.8764,1.0702,-1.2668,3728.7,ok
346,8476958,Jaccob Slavin,CAR,D,1.2654,-0.1305,0.27,-0.9579,0.0,1.4873,0.1578,0.5377,0.707,0.0767,0.2849,3494.9,ok
347,8481554,Kaapo Kakko,SEA,R,-0.5977,0.0352,0.5151,1.0148,-0.0829,0.0,0.1565,0.5368,0.8415,0.7909,-0.1009,2617.2,ok
348,8482715,Ryan Ufko,NSH,D,-0.1882,0.0,0.0,1.0694,0.0,0.0,0.1549,0.5356,0.1226,-2.2695,-2.0949,234.1,small_sample
349,8485391,Anton Frondell,CHI,C,-0.1882,0.0,0.0,1.0454,0.0,0.0,0.1505,0.5325,0.0791,0.6681,-5.5794,162.1,small_sample
350,8478474,Lawson Crouse,UTA,L,-0.6151,0.7403,0.3052,0.0497,-0.5941,0.188,0.1499,0.532,0.9878,0.6497,-0.2409,2976.1,ok
351,8483464,Marco Kasper,DET,C,1.4632,-0.1928,0.9178,-0.3876,-0.6443,-2.4753,0.1464,0.5295,0.8385,0.9463,0.2831,1997.3,ok
352,8482088,Justin Sourdif,WSH,C,0.1937,0.0745,0.3882,0.1866,-0.2418,0.0,0.146,0.5292,0.5231,0.2155,0.3045,1064.8,ok
353,8478507,John Marino,UTA,D,0.5618,-0.0817,0.3978,0.2009,0.0,-0.9132,0.1435,0.5274,0.7894,0.1592,0.3737,3344.5,ok
354,8477021,Alexander Kerfoot,UTA,C,0.5395,0.1388,0.0924,0.2204,-0.6448,-0.4937,0.1393,0.5244,0.6796,-0.2608,0.3845,2365.0,ok
355,8475287,Erik Haula,NSH,L,1.1132,-0.0467,-0.2581,-0.2993,-0.046,0.6562,0.1391,0.5242,0.9321,0.0744,-0.4202,2852.9,ok
356,8475231,Casey Cizikas,NYI,C,0.6862,-0.1872,0.6141,-0.2755,0.0,0.1532,0.1379,0.5234,0.9736,-0.9526,1.7752,2599.2,ok
357,8476479,Phillip Danault,MTL,C,2.0321,-1.058,0.3274,0.6043,-1.0206,-0.267,0.1369,0.5227,0.9394,0.3694,0.0691,3118.1,ok
358,8481580,Connor McMichael,WSH,L,-0.8677,0.699,-0.3003,0.8516,-0.922,0.7969,0.1347,0.5211,0.9703,0.9981,-1.4003,3161.9,ok
359,8481068,Yegor Sharangovich,CGY,C,-0.1461,0.5868,-0.3892,0.0066,-0.0504,0.7727,0.1345,0.521,0.938,-0.0658,-0.4556,3020.4,ok
360,8477495,Seth Jones,FLA,D,-0.4961,0.2806,-0.7943,0.4877,1.91,0.8739,0.1235,0.5131,0.7024,-0.1472,-0.9169,3310.6,ok
361,8480995,Pontus Holmberg,TBL,R,0.3537,-0.1495,0.9932,-0.4292,0.0,0.1822,0.1221,0.512,0.8194,-0.4468,1.7772,2241.0,ok
362,8483487,Rutger McGroarty,PIT,R,-0.1882,0.1415,1.1728,-0.5108,0.0,0.0,0.1165,0.508,0.1898,0.0898,1.4811,379.3,ok
363,8483468,Jiri Kulich,BUF,C,-0.2393,0.773,0.3415,-0.4767,-0.9412,0.0,0.1136,0.5059,0.326,0.606,-0.1486,963.6,ok
364,8483756,Jared Wright,LAK,R,-0.1882,0.0,0.0,0.8032,0.0,0.0,0.107,0.5011,0.1516,1.8634,1.2589,260.3,small_sample
365,8477498,Darnell Nurse,EDM,D,1.9972,-0.2975,-0.2615,-0.1716,-0.9054,-1.1149,0.1068,0.501,0.9746,-0.2448,-0.1054,4419.6,ok
366,8476480,Vladislav Namestnikov,WPG,C,0.5557,-0.0771,0.7062,-0.3812,-0.3258,-0.2069,0.104,0.499,0.8326,0.2008,0.7452,2573.6,ok
367,8473512,Claude Giroux,OTT,R,0.5449,-0.5555,0.2666,1.1543,-0.4648,-0.9175,0.1004,0.4964,0.996,0.4108,-0.0536,3179.6,ok
368,8476422,Mike Reilly,CAR,D,0.3729,-0.5037,1.5689,-0.1359,-0.8216,0.0,0.0931,0.4911,0.4486,1.7201,0.3815,1728.1,ok
369,8482092,Ridly Greig,OTT,C,0.4535,0.1061,-0.1806,0.1376,-0.7506,0.5169,0.0931,0.4911,0.9347,0.1892,-0.4311,2908.7,ok
370,8481641,Joel Kiviranta,COL,L,0.5768,-0.2164,0.8431,-0.867,0.0,1.2277,0.0926,0.4908,0.7409,-1.0451,2.1745,1804.1,ok
371,8481527,Kaedan Korczak,VGK,D,0.7765,-0.4609,0.878,-0.3351,0.0,0.0,0.0921,0.4905,0.7152,-0.2486,1.4246,2187.9,ok
372,8482665,Matty Beniers,SEA,C,-0.6476,0.1392,0.6239,0.4253,-0.746,0.8363,0.0886,0.4879,0.9918,0.1544,0.6813,3584.9,ok
373,8484166,Adam Fantilli,CBJ,C,-0.4161,0.5624,-0.2926,0.5383,-0.9032,0.0,0.0863,0.4863,0.9456,0.2176,-0.6095,3123.7,ok
374,8478458,Jack Roslovic,EDM,C,-0.6091,0.8226,-0.7043,0.1184,0.4782,0.0,0.0847,0.4851,0.8724,0.1223,-1.0658,2747.1,ok
375,8482749,Joshua Roy,MTL,R,-0.1882,0.7434,-0.1557,-0.5413,0.0,0.0,0.0838,0.4844,0.1051,0.2569,-0.4655,411.6,ok
376,8483699,Angus Booth,LAK,D,-0.1882,0.0,0.0,0.6713,0.0,0.0,0.0832,0.484,0.0066,-0.9717,-1.2807,12.3,small_sample
377,8477149,Scott Sabourin,TBL,R,-0.1882,0.0,0.0,0.6606,0.0,0.0,0.0813,0.4826,0.1803,0.1733,1.0785,244.6,small_sample
378,8476393,Nick Cousins,OTT,C,0.9412,-0.208,0.2086,-0.416,0.0,0.0,0.0802,0.4818,0.8454,-0.0421,0.3216,2310.9,ok
379,8477429,Andrew Copp,DET,C,0.1835,-0.0797,0.5114,0.5977,-0.4326,-1.9835,0.0755,0.4785,0.8724,0.1858,0.4993,2771.2,ok
380,8483429,Seamus Casey,NJD,D,-0.1882,0.0,0.0,0.6288,0.0,0.0,0.0756,0.4785,0.0686,-2.7489,-0.0871,192.5,small_sample
381,8483890,Braeden Bowman,VGK,R,-0.1882,0.0601,0.0811,0.5134,-0.2,0.0,0.0744,0.4777,0.356,0.4647,-0.3561,680.8,ok
382,8480448,Parker Kelly,COL,C,0.2557,0.1426,0.3805,-0.3266,0.0,-0.6282,0.0727,0.4764,0.9888,-1.3681,1.8777,2450.3,ok
383,8479339,Patrik Laine,MTL,L,-1.7084,1.62,-1.5925,0.7512,0.1779,0.0,0.0699,0.4744,0.2683,-1.1739,-0.9593,826.6,ok
384,8481732,Andre Lee,LAK,L,-0.1882,0.0,0.0,0.5894,0.0,0.0,0.0685,0.4734,0.1213,-0.6976,1.8399,243.8,small_sample
385,8482858,Ryker Evans,SEA,D,-0.131,0.131,0.659,-0.3318,-0.2817,0.3201,0.0656,0.4714,0.7897,-0.074,0.9567,2933.9,ok
386,8479336,Carl Grundstrom,PHI,R,0.0879,0.279,0.5224,-0.7436,0.0,0.0,0.0646,0.4706,0.6137,0.0283,0.6715,1561.2,ok
387,8480113,Alex Iafallo,WPG,L,0.8618,0.0068,-0.0131,-0.2168,-0.4993,-0.75,0.0609,0.468,0.9802,-0.7436,0.7261,2813.9,ok
388,8482679,Matt Coronato,CGY,R,-0.0282,0.227,-0.3953,0.4727,-0.4271,0.0,0.0573,0.4653,0.8879,0.5951,-1.1247,2541.6,ok
389,8482126,Emil Andrae,PHI,D,0.1408,-0.2336,0.7852,0.1165,-0.7094,0.0,0.0559,0.4643,0.5748,0.6415,0.4104,1582.5,ok
390,8480855,Jack McBain,UTA,C,0.0277,0.1091,0.1848,0.0647,0.0,-0.7406,0.0476,0.4584,0.9291,0.9058,-0.6583,2546.5,ok
391,8483553,Marc Gatcomb,NYI,C,0.3952,0.0788,1.0762,-1.3465,0.0,0.0,0.0456,0.457,0.4773,-0.7331,2.1747,867.8,ok
392,8476874,Olli Mtt,CGY,D,-0.2387,-0.1802,0.8599,-0.1731,0.0,0.7429,0.0449,0.4565,0.7067,-0.1233,1.2751,3078.4,ok
393,8476927,Teddy Blueger,VAN,C,0.1528,-0.0038,0.0121,-0.1185,0.0,0.6696,0.0435,0.4555,0.6671,-0.1,0.1162,2300.9,ok
394,8481598,Philip Broberg,STL,D,0.4361,-0.2189,0.2489,-0.0074,-0.3467,0.1574,0.0396,0.4526,0.8227,0.3488,-0.0154,2861.9,ok
395,8479705,Jeffrey Viel,ANA,L,0.7476,-0.4078,0.3122,-0.1593,0.0,0.0,0.0394,0.4525,0.3164,1.7122,-1.294,558.5,ok
396,8477845,Trevor van Riemsdyk,WSH,D,0.5545,-0.074,0.4812,-0.7992,0.0,0.2946,0.0392,0.4523,0.8879,-0.1297,0.7742,3428.1,ok
397,8484186,Ryan Leonard,WSH,R,-0.1882,0.1248,-1.3273,1.4137,0.0494,0.0,0.0359,0.4499,0.53,-0.4152,-1.3627,1004.0,ok
398,8476469,Joel Armia,LAK,R,0.3585,-0.0434,-0.4164,0.2671,-0.5634,0.8028,0.0354,0.4496,0.8708,-0.8656,0.3078,2431.3,ok
399,8484142,Denver Barkey,PHI,C,-0.1882,-1.1248,1.1274,1.454,-0.1567,0.0,0.0336,0.4483,0.2835,0.5967,0.9135,500.8,ok
400,8477541,Dakota Mermis,TOR,D,-0.1611,0.2091,0.9844,-0.9495,0.0,0.0,0.0332,0.448,0.1658,0.6394,0.6792,800.9,ok
401,8476892,Colton Parayko,STL,D,0.4848,0.1341,0.6799,-0.6423,-1.3427,-0.3232,0.031,0.4465,0.8958,0.3255,0.5853,4379.8,ok
402,8475170,Brayden Schenn,NYI,C,-1.5461,1.0001,0.254,0.4519,-0.431,-1.7254,0.0289,0.4449,0.9868,0.2116,0.1287,3360.0,ok
403,8480835,Jack Drury,COL,C,1.4951,-0.5992,0.3371,-0.2541,-0.5056,-0.9851,0.0282,0.4444,0.9473,-0.9082,1.3597,2539.9,ok
404,8477426,Nick Paul,TBL,L,-0.3187,0.632,-0.6164,-0.1978,0.198,0.1928,0.0279,0.4442,0.7719,-1.0251,0.1994,2745.5,ok
405,8484234,Aydar Suniev,CGY,L,-0.1882,0.0,0.0,0.3556,0.0,0.0,0.0264,0.4431,0.0435,-1.7451,1.3194,72.5,small_sample
406,8480842,Filip Hallander,PIT,C,-0.1882,0.0,0.0,0.3544,0.0,0.0,0.0262,0.443,0.0857,1.915,-2.6109,153.0,small_sample
407,8480188,Fabian Zetterlund,OTT,L,-0.5977,0.6052,-0.9818,0.3329,0.0917,0.8869,0.0239,0.4414,1.0,0.2981,-1.6134,3313.9,ok
408,8477932,Aaron Ekblad,FLA,D,0.4746,-0.5246,0.1018,0.2145,0.3859,0.2993,0.0197,0.4383,0.7802,0.9128,-0.7765,2978.2,ok
409,8481655,Cole Schwindt,FLA,R,-0.1882,-0.1808,1.2204,-0.5205,0.0,0.0,0.0165,0.436,0.3639,-0.203,1.8378,661.6,ok
410,8478055,Gustav Forsling,FLA,D,0.3657,-0.5046,1.0159,-0.2049,-0.046,-0.4596,0.0162,0.4358,0.974,1.2951,0.0657,4331.5,ok
411,8482476,Emil Heineman,NYI,L,0.0037,0.6698,-0.1134,-0.8465,-0.5348,0.0,0.0127,0.4332,0.7924,-0.4052,0.2533,1791.7,ok
412,8477015,Connor Brown,NJD,R,-0.0613,0.1278,-0.5195,0.027,0.6381,0.4258,0.0124,0.4331,0.9357,-0.6941,-0.0018,2759.9,ok
413,8477346,MacKenzie Weegar,UTA,D,1.2046,-0.3566,-0.7401,0.0056,-0.3622,0.7533,0.0108,0.4319,0.9763,-0.3366,-0.6549,4401.8,ok
414,8482641,Matt Kiersted,MIN,D,-0.1882,0.0,0.0,0.2661,0.0,0.0,0.0103,0.4315,0.0475,-2.1695,-4.5467,103.4,small_sample
415,8483465,Joakim Kemell,NSH,R,-0.1882,0.0,0.0,0.2508,0.0,0.0,0.0075,0.4295,0.1134,-1.3386,1.0576,166.6,small_sample
416,8483489,Fraser Minten,BOS,C,-0.0847,0.067,0.4543,-0.0177,-0.7139,-0.4499,0.0068,0.429,0.6302,0.1708,0.4378,1323.9,ok
417,8476853,Morgan Rielly,TOR,D,-0.5634,0.1572,0.8738,0.3524,0.072,-3.0,0.0062,0.4286,0.9572,1.4388,-0.2683,4278.5,ok
418,8476292,Ondrej Palat,NYI,L,1.1679,-0.7155,0.0891,-0.5822,-0.4971,2.6393,0.005,0.4277,0.9489,0.0364,0.0829,2803.6,ok
419,8483452,Hunter Haight,MIN,C,-0.1882,0.0,0.0,0.2296,0.0,0.0,0.0037,0.4268,0.0593,1.9284,-2.2215,92.5,small_sample
420,8484958,Maxim Tsyplakov,NJD,R,1.1661,-0.733,0.6657,-0.0707,-1.2992,0.0,0.0008,0.4247,0.6276,0.3579,0.5338,1450.3,ok
421,8480084,Nick DeSimone,UTA,D,0.0181,-0.0671,0.9726,-0.816,0.0,0.0,-0.0001,0.4241,0.3988,0.3207,0.9821,1293.6,ok
422,8484471,Emmitt Finnie,DET,C,0.0644,-0.0845,0.1286,-0.3406,0.7337,0.0,-0.0031,0.4219,0.5405,0.1546,0.0176,1075.0,ok
423,8478854,Ryan Shea,PIT,D,-0.0661,-0.5354,0.2904,0.7909,0.0,-0.1079,-0.0036,0.4216,0.7327,0.4142,-0.0252,2208.7,ok
424,8475763,Kevin Hayes,PIT,R,-1.0391,0.5012,0.5946,-0.2529,-0.2389,0.0,-0.0036,0.4215,0.5679,0.1787,0.6177,1920.4,ok
425,8479996,Cody Glass,NJD,C,-0.7282,0.4081,0.3026,-0.0092,-0.4992,-0.1713,-0.0047,0.4207,0.7861,-0.4147,0.82,2041.2,ok
426,8476539,Jonathan Marchessault,NSH,R,-0.3301,0.6402,-1.1423,0.6875,-1.1939,0.0,-0.0088,0.4178,0.8523,-0.1423,-1.3878,3030.8,ok
427,8476952,Dominic Toninato,CHI,C,-0.4449,0.0,0.0,0.4347,0.0,0.0,-0.0107,0.4164,0.0972,-1.8958,4.1409,260.5,small_sample
428,8483497,Jani Nyman,SEA,R,-0.1882,0.0363,0.4008,-0.299,0.0,0.0,-0.0113,0.416,0.232,1.1504,-0.6135,407.3,ok
429,8479944,Zachary Aston-Reese,CBJ,L,1.0681,-0.421,-0.0558,-0.46,0.0,0.096,-0.0128,0.4149,0.4954,-0.1132,0.0385,1203.7,ok
430,8473986,Alex Killorn,ANA,L,-0.1743,-0.1132,0.9761,-0.2561,-0.3241,-0.8136,-0.0158,0.4128,0.9687,0.475,0.8325,2997.4,ok
431,8480980,Connor Dewar,PIT,C,0.2075,-0.0656,0.1865,-0.3741,0.0,-0.0399,-0.0178,0.4113,0.826,-0.9113,1.1611,2021.2,ok
432,8474679,Gustav Nyquist,WPG,R,0.2665,-0.6258,0.2002,0.2205,-0.3198,1.6636,-0.0187,0.4107,0.7821,0.9312,-0.663,2604.5,ok
433,8476931,Jake McCabe,TOR,D,0.6351,-0.3737,0.5957,-0.3628,-0.2525,-0.8176,-0.0189,0.4105,0.9087,-0.0254,0.8234,3930.3,ok
434,8481553,Bobby Brink,MIN,R,-0.4401,0.0432,0.1642,0.392,-0.6633,0.0,-0.0217,0.4085,0.8546,-0.4842,0.7041,2504.7,ok
435,8482742,Zachary L'Heureux,NSH,L,0.4355,-0.2267,0.7205,-0.7341,0.0,-0.5527,-0.025,0.4061,0.41,0.0246,0.9405,952.2,ok
436,8476419,Jean-Gabriel Pageau,NYI,C,-0.5075,0.2417,0.0202,0.3481,-1.0971,0.0573,-0.0296,0.4028,0.9354,0.5972,-0.5701,2914.1,ok
437,8478904,Steven Lorentz,TOR,C,0.6484,-0.2865,0.4568,-0.5087,0.0,-1.0315,-0.0304,0.4022,0.8471,-1.0118,1.6236,1732.7,ok
438,8482201,Gage Goncalves,TBL,C,0.0199,-0.3257,0.7295,0.14,-1.0917,0.0,-0.0307,0.402,0.7284,-0.0955,1.0727,1612.6,ok
439,8484148,Oliver Bonk,PHI,D,-0.1882,0.0,0.0,0.0353,0.0,0.0,-0.0313,0.4016,0.0066,-1.8,-1.7002,12.7,small_sample
440,8480876,Curtis Douglas,VAN,C,-0.1882,0.0,0.0,0.034,0.0,0.0,-0.0315,0.4014,0.2835,1.5191,3.8932,288.3,small_sample
441,8484160,Nate Danielson,DET,C,-0.1882,0.0,0.0,0.012,0.0,0.0,-0.0355,0.3986,0.1846,0.7416,-0.664,267.2,small_sample
442,8481013,Jonatan Berggren,STL,R,0.4559,-0.299,-0.0735,0.0763,-0.4209,0.0,-0.0357,0.3984,0.6526,-0.5169,0.4184,1656.7,ok
443,8477018,Ben Hutton,VGK,D,-0.101,0.1486,0.3014,-0.6458,0.0,0.0,-0.0361,0.3981,0.4736,0.1811,0.2227,1524.0,ok
444,8476525,Colin Miller,WPG,D,0.2821,-0.3496,0.3286,-0.2049,0.0,0.0,-0.04,0.3953,0.4318,0.0424,0.3977,1705.5,ok
445,8482074,Connor Zary,CGY,C,-0.4636,0.3245,0.4734,-0.4756,-0.7113,0.0,-0.0406,0.3949,0.8052,0.4112,0.223,2460.4,ok
446,8475760,Nick Bjugstad,NJD,C,0.6484,-0.0377,-0.4233,-0.4054,-0.3721,0.2251,-0.0425,0.3935,0.7884,-0.1774,-0.3896,2367.4,ok
447,8481618,Alex Newhook,MTL,C,-0.3337,0.4263,-0.5889,0.0855,-0.4906,0.0,-0.0451,0.3916,0.6918,-0.0621,-0.7268,2303.7,ok
448,8482684,Luke Hughes,NJD,D,-0.8641,-0.194,0.3132,0.5636,0.5816,-0.0802,-0.0454,0.3914,0.8642,0.9383,-0.5188,3997.0,ok
449,8484197,Oliver Moore,CHI,C,-0.1882,-0.8241,1.4529,0.0896,0.0,0.0,-0.0465,0.3907,0.3652,0.3013,1.645,675.6,ok
450,8481481,Blake Lizotte,PIT,C,0.2779,-0.4213,0.0007,-0.1616,0.0,1.2457,-0.0501,0.388,0.6981,-0.8365,0.8374,1881.6,ok
451,8474149,Evgenii Dadonov,NJD,L,-0.1443,0.5992,-1.0311,-0.1375,-0.2946,0.0,-0.0518,0.3868,0.5587,-0.3475,-1.0337,1841.8,ok
452,8484136,Max Sasson,VAN,C,-0.0787,0.1929,-0.3347,-0.2427,0.0,0.0,-0.0527,0.3862,0.5498,-0.0522,-0.3962,1017.4,ok
453,8481525,Matthew Robertson,NYR,D,0.249,-0.0337,0.3731,-0.7901,0.0,-0.2842,-0.0543,0.385,0.4825,-0.3466,0.8464,1155.7,ok
454,8484169,Drew Fortescue,NYR,D,-0.1882,0.0,0.0,-0.1128,0.0,0.0,-0.0579,0.3824,0.0593,-0.2836,0.1763,131.2,small_sample
455,8476438,Brandon Saad,VGK,L,0.4138,-0.1408,0.1046,-0.4898,-0.5303,0.2449,-0.059,0.3817,0.7429,0.4496,-0.3094,2628.6,ok
456,8482107,Mike Benning,FLA,D,-0.1882,0.0,0.0,-0.1202,0.0,0.0,-0.0593,0.3815,0.1187,0.1445,-2.9126,278.8,small_sample
457,8482118,Sam Colangelo,ANA,R,-0.1882,1.1427,-1.6821,-0.6381,0.0,0.0,-0.0613,0.38,0.1908,-0.8822,-1.3711,477.5,ok
458,8484144,Connor Bedard,CHI,C,-3.1169,0.655,-0.7648,2.2615,0.8843,0.0,-0.0683,0.375,0.8846,0.6639,-1.6884,3547.1,ok
459,8480426,Charle-Edouard D'Astous,TBL,D,-0.0805,-0.135,0.71,-0.2929,-1.0867,0.0,-0.0688,0.3746,0.4614,0.308,0.6431,1159.0,ok
460,8482671,Owen Power,BUF,D,0.7927,-0.4725,-0.0898,-0.3487,-0.7222,1.1188,-0.07,0.3737,0.9717,0.0965,-0.2169,4227.0,ok
461,8479421,Jacob Moverare,LAK,D,0.6135,-0.604,1.3867,-1.2832,0.0,0.0,-0.0719,0.3724,0.3322,0.9832,0.8743,932.7,ok
462,8481546,Cam York,PHI,D,0.6953,0.0351,-0.2479,-0.5096,-0.8749,-0.6255,-0.0758,0.3696,0.884,-0.4712,0.1392,3909.4,ok
463,8473604,Jonathan Toews,WPG,C,-0.3668,-0.1411,0.2356,0.1714,-0.384,0.0,-0.0759,0.3695,0.5405,-0.3851,0.7008,965.0,ok
464,8479425,Filip Hronek,VAN,D,-0.6945,-0.5127,0.9116,0.4913,0.3457,-0.7066,-0.0758,0.3695,0.9153,1.4571,-0.236,4289.0,ok
465,8483510,Elias Salomonsson,WPG,D,-0.1882,-0.1554,1.1177,-0.9845,0.0,0.0,-0.0761,0.3693,0.2109,1.163,0.3342,501.0,ok
466,8483516,Jimmy Snuggerud,STL,R,-1.8125,0.5176,-0.4287,1.2035,-0.4065,0.0,-0.0764,0.3691,0.4891,1.2947,-1.8691,1068.1,ok
467,8479390,Taylor Raddysh,NYR,R,0.928,-0.5422,0.3294,-0.3026,-0.8857,-0.4704,-0.0773,0.3685,0.885,0.1574,0.2839,2542.7,ok
468,8481719,Max Crozier,TBL,D,-0.1882,-0.459,0.8568,-0.2016,0.0,0.0,-0.0797,0.3667,0.2719,0.4029,0.7448,756.2,ok
469,8479999,Casey Mittelstadt,BOS,C,-1.1179,-0.0166,0.0034,0.7927,0.0553,0.0,-0.0819,0.3652,0.9202,-0.1548,0.1593,3217.6,ok
470,8479371,Dante Fabbro,CBJ,D,0.7422,-0.3152,0.3646,-0.7415,0.0,-1.0985,-0.082,0.3651,0.849,0.5738,-0.0855,3188.6,ok
471,8475462,Radko Gudas,ANA,D,0.2923,-0.538,0.8601,-0.4574,0.0,-0.5463,-0.0825,0.3647,0.7983,0.4875,0.6646,3232.3,ok
472,8482072,Jack Ahcan,COL,D,-0.1882,0.0,0.0,-0.2577,0.0,0.0,-0.084,0.3636,0.0804,3.3054,-0.1427,155.5,small_sample
473,8478366,Frank Vatrano,ANA,R,-0.8232,1.1534,-1.2591,-0.5052,-0.366,0.5878,-0.0852,0.3628,0.7851,-0.0082,-1.6784,2663.6,ok
474,8478508,Yakov Trenin,MIN,C,0.4643,-0.3851,-0.0742,-0.2574,0.0,0.1563,-0.0853,0.3627,0.9664,0.1135,-0.2129,2746.1,ok
475,8478463,Anthony Beauvillier,WSH,R,0.0007,0.1503,-0.0805,-0.6397,-1.0496,1.3041,-0.0874,0.3612,0.9598,0.3803,-0.4881,2859.1,ok
476,8480807,Mattias Samuelsson,BUF,D,-1.0535,0.4872,0.2591,-0.2905,0.0,-0.6461,-0.0905,0.359,0.827,0.043,0.3041,3165.8,ok
477,8479941,Justin Danforth,BUF,R,-0.1557,0.0589,0.0557,-0.2861,0.0,-0.7405,-0.0908,0.3588,0.3846,0.1625,-0.0878,1625.2,ok
478,8478911,Matt Roy,WSH,D,0.5443,-0.5803,-0.0182,-0.0357,0.0,-0.0002,-0.0922,0.3578,0.9272,-0.1004,0.0761,3969.1,ok
479,8475857,Kevin Gravel,NSH,D,-0.3487,0.0,0.0,-0.1269,0.0,0.0,-0.0926,0.3575,0.0303,-1.5663,-0.2376,114.9,small_sample
480,8480068,Ryan Poehling,ANA,C,-0.2868,-0.4807,-0.553,1.0074,0.6268,-0.1735,-0.0935,0.3568,0.8902,-0.5748,-0.166,2652.3,ok
481,8480434,Sean Durzi,UTA,D,-0.0168,-0.0768,0.2077,0.026,0.0073,-2.1444,-0.0954,0.3554,0.6394,0.8901,-0.6118,2860.9,ok
482,8476372,Nick Seeler,PHI,D,1.0098,-0.5862,0.2085,-1.0372,0.0,0.9396,-0.0957,0.3552,0.9489,0.5998,-0.3204,3426.0,ok
483,8481725,Elmer Soderblom,PIT,L,-0.5147,-0.0032,0.4501,-0.3867,0.0,0.0,-0.0971,0.3542,0.4918,0.2738,0.3291,965.3,ok
484,8479985,Cale Fleury,SEA,D,0.1757,-0.3865,0.8445,-0.8284,0.0,0.0,-0.098,0.3536,0.2086,-0.1845,1.3158,523.5,ok
485,8478851,Alexandre Carrier,MTL,D,0.486,-0.3076,0.063,-0.3377,0.0,-0.8748,-0.0981,0.3535,0.914,-0.1822,0.2666,3682.2,ok
486,8483500,Noah Ostlund,BUF,C,-0.1882,-0.6186,1.0718,0.2725,-1.2992,0.0,-0.1015,0.3511,0.4272,0.0628,1.3729,812.2,ok
487,8481043,Cole Koepke,WPG,L,-0.3626,0.3584,-0.3304,-0.3304,0.0,-0.7312,-0.1064,0.3475,0.7386,-0.3627,-0.0799,1378.4,ok
488,8483567,Georgii Merkulov,BOS,C,-0.1882,0.0,0.0,-0.4024,0.0,0.0,-0.1101,0.3449,0.0369,1.2515,1.5808,124.1,small_sample
489,8482482,Adam Wilsby,NSH,D,0.1372,-0.3125,0.3965,-0.3819,0.0,-0.6979,-0.1119,0.3435,0.4733,-0.2227,0.7539,1270.8,ok
490,8482166,Shakir Mukhamadullin,SJS,D,-0.6632,0.3276,0.4318,-0.7085,0.0,-0.7367,-0.1155,0.341,0.4532,-0.8208,1.3993,1306.4,ok
491,8484168,Oscar Fisker Molgaard,SEA,C,-0.1882,0.0,0.0,-0.4328,0.0,0.0,-0.1155,0.3409,0.0857,0.43,3.4197,119.2,small_sample
492,8478450,Parker Wotherspoon,PIT,D,0.6279,-0.826,0.0299,-0.3217,0.0,1.6073,-0.1195,0.3381,0.8125,-0.2001,0.2401,2911.6,ok
493,8482097,Jack Quinn,BUF,R,-0.8767,0.0502,-0.8014,1.0882,-0.2931,0.0,-0.1197,0.338,0.8777,0.4892,-1.5627,2282.3,ok
494,8481186,Logan O'Connor,COL,R,0.4866,-0.6277,0.3316,-0.6602,0.0,1.0427,-0.1202,0.3376,0.496,-1.5794,2.0236,1783.4,ok
495,8482765,Isak Rosen,WPG,R,-0.1882,-0.1932,-0.2717,0.1487,0.0,0.0,-0.1208,0.3372,0.2871,-0.6566,0.2926,495.1,ok
496,8483471,Brad Lambert,WPG,C,-0.1882,0.0,0.0,-0.4632,0.0,0.0,-0.121,0.337,0.1862,-0.711,-1.1688,294.9,small_sample
497,8482655,J.J. Moser,TBL,D,0.3008,-0.2237,0.5341,-0.769,-0.8619,-0.0327,-0.1233,0.3354,0.8662,0.9392,-0.2238,3652.5,ok
498,8484938,Arttu Hyry,DAL,R,-0.1882,0.0,0.0,-0.482,0.0,0.0,-0.1244,0.3346,0.1516,-1.0435,-1.0724,234.8,small_sample
499,8471724,Kris Letang,PIT,D,0.4559,-0.4007,-0.6782,0.1171,0.1962,-0.1648,-0.1298,0.3307,0.9156,-0.204,-0.7044,4299.5,ok
500,8478888,Cameron Hughes,DAL,C,-0.1882,0.0,0.0,-0.5197,0.0,0.0,-0.1312,0.3297,0.0198,-2.1389,2.3806,21.9,small_sample
501,8483455,Isaac Howard,EDM,L,-0.1882,0.0,0.0,-0.5205,0.0,0.0,-0.1313,0.3296,0.1912,-1.9189,0.0065,284.6,small_sample
502,8483406,Taylor Ward,LAK,R,-0.1882,-0.081,0.2218,-0.5835,0.0,0.0,-0.1317,0.3293,0.2413,-0.3896,0.6867,331.9,ok
503,8481726,Adam Edstrom,NYR,C,-0.6777,0.5036,-0.3882,-0.5439,0.0,0.0,-0.1332,0.3282,0.4506,-0.1417,-0.3784,885.9,ok
504,8482408,Jeff Malott,LAK,L,-0.1882,-0.444,0.5425,-0.2365,0.0,0.0,-0.1345,0.3273,0.4298,0.8377,-0.111,625.5,ok
505,8481593,Jayden Struble,MTL,D,-0.211,-0.4382,0.7752,-0.4638,0.0,0.0,-0.1385,0.3244,0.7027,0.2163,0.8222,2452.9,ok
506,8478500,Ivan Provorov,CBJ,D,0.2563,-0.2708,-0.0676,-0.2303,-0.3949,-0.4005,-0.1387,0.3243,1.0,-0.1993,0.1088,4604.2,ok
507,8480891,Michael Kesselring,BUF,D,-0.0811,-0.3873,0.5251,-0.0785,-0.2798,-1.0474,-0.1408,0.3227,0.6556,0.1357,0.5677,2723.4,ok
508,8481219,Jonathan Aspirot,BOS,D,-0.1882,-0.2136,1.3107,-1.2988,0.0,-0.4489,-0.1415,0.3222,0.4021,1.1555,0.6002,943.1,ok
509,8477993,Justin Kirkland,CGY,C,-0.1882,-0.8244,0.7454,0.1769,0.0,0.0,-0.1511,0.3153,0.2182,-0.5604,1.559,358.4,ok
510,8477444,Andre Burakovsky,CHI,L,0.5509,-0.7631,-0.478,0.2551,0.295,0.0,-0.1563,0.3116,0.881,0.4382,-1.0785,2590.9,ok
511,8479402,Jake Bean,CGY,D,-0.8767,-0.0115,1.3673,-0.9971,0.0,-0.6064,-0.1565,0.3115,0.4773,0.6838,1.1478,2238.6,ok
512,8475171,Oliver Ekman-Larsson,TOR,D,-0.7613,-0.0961,0.34,-0.2283,0.0898,0.0732,-0.1573,0.3109,0.9506,0.5415,-0.0861,3903.0,ok
513,8481477,Nico Sturm,MIN,C,0.4078,0.1764,-0.8344,-0.5985,0.0,-1.0199,-0.1608,0.3084,0.6721,-0.3437,-0.7739,1757.3,ok
514,8484135,Parker Ford,WPG,C,-0.1882,0.0,0.0,-0.6928,0.0,0.0,-0.1623,0.3073,0.1107,-1.7448,-2.5439,157.6,small_sample
515,8483525,Danila Yurov,MIN,R,-0.1882,0.1374,-0.3626,-0.6212,0.0,0.0,-0.1657,0.3048,0.4812,-0.7403,0.2546,897.2,ok
516,8482176,Wyatt Kaiser,CHI,D,-0.3758,-0.0601,0.67,-1.0707,0.0,0.1218,-0.1677,0.3034,0.7858,0.2724,0.6251,2733.4,ok
517,8481600,Tobias Bjornfot,FLA,D,-0.9212,0.3108,0.6508,-1.0975,0.0,0.0,-0.1686,0.3027,0.1872,-0.5256,1.3973,482.1,ok
518,8483930,Ivan Ivan,COL,C,-0.1882,0.0286,-0.0939,-0.6942,0.0,0.0,-0.1691,0.3024,0.2175,-2.2024,2.0766,415.2,ok
519,8484188,Theo Lindstein,STL,D,-0.1882,0.0,0.0,-0.7491,0.0,0.0,-0.1725,0.3,0.1121,1.8972,0.6994,256.6,small_sample
520,8482111,Justin Barron,NSH,D,0.139,-0.2419,0.6539,-1.1237,-0.688,0.3265,-0.175,0.2981,0.6671,0.2978,0.5781,2451.0,ok
521,8484203,Bradly Nadeau,CAR,L,-0.1882,0.0,0.0,-0.7766,0.0,0.0,-0.1774,0.2964,0.0887,-1.5322,-1.5425,172.7,small_sample
522,8485493,David Tomasek,EDM,R,-0.1882,0.0,0.0,-0.7777,0.0,0.0,-0.1776,0.2963,0.145,-1.4616,-0.0768,195.9,small_sample
523,8482153,Brendan Brisson,NYR,C,-0.1882,0.0,0.0,-0.7849,0.0,0.0,-0.1789,0.2953,0.0801,-0.6971,0.0194,287.6,small_sample
524,8482095,Tyler Kleven,OTT,D,-0.128,-0.4386,-0.7318,0.0472,0.0,2.1107,-0.1807,0.294,0.7887,-1.1695,0.1892,2281.2,ok
525,8482155,Alex Laferriere,LAK,R,-0.8106,0.1142,0.0329,0.159,-1.3629,0.0551,-0.1829,0.2925,0.9786,0.3339,-0.2898,3284.2,ok
526,8481789,Tye Kartye,NYR,L,0.1655,-0.6406,0.0683,-0.0434,0.0,-0.1904,-0.184,0.2917,0.798,-0.3855,0.477,2123.6,ok
527,8482209,Rory Kerins,CGY,C,-0.1882,0.0,0.0,-0.8137,0.0,0.0,-0.1841,0.2916,0.0461,-0.7202,-1.4833,107.9,small_sample
528,8483397,Marc McLaughlin,NJD,C,-0.1882,0.0,0.0,-0.8216,0.0,0.0,-0.1855,0.2906,0.1032,-1.7325,0.0298,195.5,small_sample
529,8476331,Dylan DeMelo,WPG,D,0.2346,-0.6674,1.2072,-0.9969,0.0,-0.7602,-0.1856,0.2905,1.0,1.1429,0.4742,4558.6,ok
530,8480990,Declan Chisholm,WSH,D,0.3597,-0.6523,0.1153,-0.247,-0.2787,0.0,-0.1877,0.289,0.4835,-0.1356,0.29,1801.5,ok
531,8479365,Trent Frederic,EDM,C,0.934,-0.2898,-0.3617,-0.7676,-0.6309,-0.7275,-0.189,0.2881,0.8523,-0.5881,0.1036,2546.9,ok
532,8477401,John Hayden,SEA,C,-0.0468,0.0,0.0,-0.9976,0.0,0.0,-0.1889,0.2881,0.1022,1.5201,0.625,206.8,small_sample
533,8481524,Bowen Byram,BUF,D,-1.1504,0.5069,-0.3124,0.0577,-1.0468,-0.2832,-0.193,0.2852,0.9852,0.2115,-0.63,4312.2,ok
534,8476458,Ryan Strome,CGY,C,-1.5671,-0.087,0.5415,0.5998,-0.7308,0.0,-0.1933,0.285,0.7973,1.168,-0.4427,2700.8,ok
535,8482148,Hendrix Lapierre,WSH,C,-0.813,-0.2699,0.5983,-0.2732,0.0671,0.0,-0.1944,0.2842,0.6786,0.2467,0.5547,1406.5,ok
536,8483505,Matthew Poitras,BOS,C,-0.1142,-0.9878,0.8345,0.5883,-1.3398,0.0,-0.1949,0.2838,0.2047,0.3031,0.8148,817.2,ok
537,8475906,John Klingberg,SJS,D,-0.8256,0.3884,-0.4879,-0.6681,0.6274,0.0,-0.1962,0.2828,0.4357,0.8063,-1.4599,1355.7,ok
538,8481065,Angus Crookshank,NJD,C,-0.1882,0.0,0.0,-0.8933,0.0,0.0,-0.1984,0.2813,0.1058,-2.3454,-0.0648,274.4,small_sample
539,8476872,Scott Laughton,LAK,C,-0.3962,-0.0085,-0.3904,0.0464,-0.745,-0.1255,-0.1985,0.2812,0.8734,-0.4238,-0.0992,2707.9,ok
540,8477463,Steven Santini,TBL,D,-0.9321,0.0,0.0,-0.0785,0.0,0.0,-0.2005,0.2798,0.0831,-3.4207,2.0683,133.4,small_sample
541,8476889,Radek Faksa,DAL,C,0.9923,-1.1498,-0.3182,0.1466,0.0,0.0575,-0.2058,0.276,0.7811,-1.4916,1.0654,2105.9,ok
542,8482663,Dylan Duke,TBL,L,-0.1882,0.0,0.0,-0.9413,0.0,0.0,-0.2071,0.2751,0.0145,-4.0337,-12.4794,24.4,small_sample
543,8480853,Liam Foudy,NYI,C,-0.8431,0.0,0.0,-0.2231,0.0,0.0,-0.2088,0.2738,0.0359,-1.9703,0.011,152.3,small_sample
544,8473507,Jeff Petry,MIN,D,0.8348,-0.7309,0.4009,-0.5071,-1.2591,-0.4837,-0.2097,0.2732,0.736,0.1875,0.3495,2837.8,ok
545,8478397,Rasmus Andersson,VGK,D,-0.3932,0.0221,-1.3048,0.3405,0.3932,-0.1126,-0.21,0.273,0.9829,0.2193,-1.9671,4364.9,ok
546,8477903,Garnet Hathaway,PHI,R,1.5733,-1.2424,0.3605,-1.1051,0.0,0.425,-0.2117,0.2717,0.8352,-1.1119,1.5948,2171.2,ok
547,8484509,Josh Samanski,EDM,C,-0.1882,0.0,0.0,-0.9753,0.0,0.0,-0.2132,0.2706,0.1582,-1.7753,3.5622,241.3,small_sample
548,8484158,Easton Cowan,TOR,R,-0.1882,-0.5521,-0.3477,0.2712,0.2257,0.0,-0.2143,0.2698,0.4351,0.5182,-0.9839,844.2,ok
549,8478133,Jake Evans,MTL,C,-0.5261,-0.2391,0.08,-0.1091,0.0,-0.5121,-0.2157,0.2688,0.9077,-0.6313,0.7385,2815.4,ok
550,8483493,Frank Nazar,CHI,C,-1.6573,0.3733,-0.0892,0.2448,-0.7556,0.318,-0.2164,0.2684,0.643,0.4165,-0.5359,1608.1,ok
551,8480829,Jesperi Kotkaniemi,CAR,C,0.7728,-0.6008,-0.7951,-0.0114,-0.5263,0.0,-0.2177,0.2674,0.7156,-0.7669,-0.2981,2336.4,ok
552,8477969,Marcus Pettersson,VAN,D,0.0897,-0.6296,0.9248,-0.754,0.0,-1.0342,-0.22,0.2657,0.9842,1.3196,-0.0807,4475.6,ok
553,8481577,Philip Tomasino,PHI,R,-0.6843,-0.2895,-0.191,0.2232,0.0483,0.0,-0.2213,0.2648,0.3682,-0.4036,0.1477,1250.9,ok
554,8476467,Jamie Oleksiak,SEA,D,0.1811,-0.1591,0.3363,-0.9818,0.0,-1.7493,-0.2233,0.2634,0.9736,-0.1727,0.6232,3774.3,ok
555,8477996,Juho Lammikko,NJD,C,-0.7468,0.0,0.0,-0.4131,0.0,0.0,-0.2237,0.2631,0.1582,-1.8762,-0.2384,234.3,small_sample
556,8480727,Zach Whitecloud,CGY,D,0.7121,-0.584,-0.0948,-0.8843,0.0,0.0352,-0.2238,0.263,0.9074,-0.3422,0.2151,3531.3,ok
557,8477989,Christian Dvorak,PHI,C,-1.2117,-0.0609,-0.2437,0.93,-0.6498,-0.8487,-0.2244,0.2626,0.9011,0.6443,-0.9707,2505.4,ok
558,8484901,Jacob Quillan,TOR,C,-0.1882,0.0,0.0,-1.0491,0.0,0.0,-0.2265,0.2611,0.1556,-2.0267,-0.5782,205.7,small_sample
559,8482993,Avery Hayes,PIT,R,-0.1882,0.0,0.0,-1.0631,0.0,0.0,-0.229,0.2593,0.1055,0.2181,0.9406,171.2,small_sample
560,8479998,Mikey Anderson,LAK,D,0.1071,-0.3979,0.105,-0.5889,0.0,-0.6396,-0.23,0.2585,0.9539,-0.0359,0.1766,4174.7,ok
561,8484529,Connor Clattenburg,EDM,C,-0.1882,0.0,0.0,-1.0701,0.0,0.0,-0.2303,0.2584,0.033,1.0775,3.7214,35.5,small_sample
562,8479353,Brett Howden,VGK,C,-1.4414,0.6797,-0.5054,-0.3025,0.0,-0.5627,-0.2325,0.2567,0.8174,-0.085,-0.592,2659.0,ok
563,8479414,Nathan Bastian,DAL,R,-0.9303,0.2849,-0.1175,-0.6795,0.0,-0.0599,-0.2373,0.2533,0.5597,-1.1549,0.9975,1364.8,ok
564,8479639,Dylan Coghlan,VGK,D,0.4655,0.0,0.0,-1.8421,0.0,0.0,-0.2385,0.2524,0.0452,0.7999,-0.9308,146.5,small_sample
565,8479772,Zack MacEwen,NJD,R,-1.0012,0.0322,1.113,-1.3368,0.0,0.0,-0.241,0.2506,0.1523,-0.5064,1.9973,370.1,ok
566,8478434,Keegan Kolesar,VGK,R,0.2935,-0.9397,-0.695,-0.0663,0.0,2.7875,-0.2421,0.2498,0.9951,-0.6062,-0.3249,2739.7,ok
567,8478569,Noel Acciari,PIT,C,-0.0571,-0.1894,-0.1835,-0.5754,0.0,-0.6797,-0.2427,0.2494,0.8448,-1.2388,0.993,2174.9,ok
568,8477507,Nikita Zadorov,BOS,D,0.5052,-0.6256,-0.279,-0.5311,0.0,0.0678,-0.245,0.2477,0.9779,-0.0393,-0.3344,3986.3,ok
569,8483495,Simon Nemec,NJD,D,-0.8725,0.4714,-1.0325,-0.1222,-0.6023,0.2062,-0.2483,0.2454,0.6539,-0.5827,-0.8004,2592.2,ok
570,8483669,Adam Sykora,NYR,L,-0.1882,0.0,0.0,-1.1735,0.0,0.0,-0.2489,0.245,0.0725,-0.9934,-0.7583,120.6,small_sample
571,8477488,Brett Pesce,NJD,D,0.4337,-0.8865,0.2717,-0.6314,0.0,0.4714,-0.2497,0.2444,0.644,0.5511,-0.1871,3158.6,ok
572,8483690,Noah Laba,NYR,C,-0.1882,-0.1692,-0.644,-0.3883,0.0,0.4245,-0.2516,0.243,0.4878,-0.4179,-0.4447,858.5,ok
573,8482751,Ryan Winterton,SEA,C,-0.1882,-1.2614,0.957,0.4867,0.0,-1.009,-0.254,0.2412,0.5105,0.4615,0.8204,956.4,ok
574,8481572,Ville Heinola,WPG,D,0.3645,-0.629,1.2442,-1.8421,0.0,0.0,-0.2547,0.2407,0.1042,1.5022,0.1645,312.0,ok
575,8483731,Alex Bump,PHI,L,-0.1882,0.0,0.0,-1.2088,0.0,0.0,-0.2552,0.2404,0.1121,-1.0397,-0.4306,195.8,small_sample
576,8481601,Simon Holmstrom,NYI,R,-1.3248,0.0722,-0.2316,0.5129,-1.1716,0.2976,-0.2553,0.2403,0.941,-0.2631,-0.0472,2837.0,ok
577,8482087,Kaiden Guhle,MTL,D,0.1047,-0.5569,-0.2309,-0.3085,0.0,0.0097,-0.2571,0.239,0.59,-0.2178,-0.0915,2929.0,ok
578,8475764,Cam Fowler,STL,D,-0.1016,-0.6988,-0.3723,0.4944,-0.029,-0.6419,-0.2593,0.2374,0.943,0.6739,-1.1726,4096.6,ok
579,8481491,Noah Philp,CAR,C,-0.1882,0.0,0.0,-1.2518,0.0,0.0,-0.263,0.2348,0.1714,-3.2156,-0.3813,290.9,small_sample
580,8481178,Egor Zamula,CBJ,D,0.1781,-0.3235,-0.2431,-0.59,-0.6582,0.0,-0.2647,0.2335,0.5755,-1.1076,0.782,2291.7,ok
581,8479351,Sam Steel,DAL,C,-0.2176,-0.8078,0.1327,-0.1545,0.0,1.0086,-0.2649,0.2334,0.9206,-0.3607,0.5385,2751.9,ok
582,8484149,Gavin Brindley,COL,C,-0.1882,0.3868,-1.4908,-0.5821,0.0,0.0,-0.2682,0.231,0.3708,-1.1813,-0.8156,483.6,ok
583,8485511,Quinn Hutson,EDM,R,-0.1882,0.0,0.0,-1.2853,0.0,0.0,-0.269,0.2305,0.0343,-3.3016,-2.6556,58.4,small_sample
584,8482874,Jacob Melanson,SEA,R,-0.1882,-0.8515,1.5788,-1.2247,0.0,0.0,-0.2707,0.2293,0.2413,0.7976,1.3173,346.6,ok
585,8477810,Joel Hanley,CGY,D,-0.8827,-0.2032,1.379,-1.4566,0.0,-0.0204,-0.2724,0.228,0.7271,-0.0594,1.9066,2355.5,ok
586,8484759,Carter Yakemchuk,OTT,D,-0.1882,0.0,0.0,-1.3103,0.0,0.0,-0.2735,0.2272,0.0264,-0.6504,-5.4355,50.5,small_sample
587,8477499,Rasmus Ristolainen,PHI,D,-0.6338,-0.1793,0.3045,-0.9489,-0.2057,0.9163,-0.2735,0.2272,0.5903,0.2705,0.1374,2298.6,ok
588,8480192,Johnathan Kovacevic,NJD,D,-0.3277,-0.557,0.5435,-0.6682,0.0,0.0291,-0.2758,0.2256,0.6467,0.171,0.557,2779.4,ok
589,8481167,Brayden Pachal,CGY,D,-0.6687,-0.4752,0.8505,-0.8011,0.0,0.2581,-0.2772,0.2245,0.6401,0.346,0.7932,2154.5,ok
590,8475253,Garrett Wilson,PHI,L,0.3405,0.0,0.0,-1.9281,0.0,0.0,-0.279,0.2233,0.0198,-0.8616,-0.8088,26.0,small_sample
591,8477503,Max Domi,TOR,C,-0.3024,-0.9517,-0.6561,1.4501,-0.837,0.0,-0.2836,0.2199,0.9519,0.0212,-0.9001,2946.4,ok
592,8480355,Mark Kastelic,BOS,C,-0.0781,-0.286,-0.6352,-0.3466,0.0,-0.0665,-0.2837,0.2199,0.8856,-0.6523,-0.1986,1949.7,ok
593,8479520,Brandon Duhaime,WSH,L,0.8222,-0.7589,0.068,-0.942,0.0,-0.8042,-0.2842,0.2195,0.9967,-1.4501,1.5412,2404.6,ok
594,8479942,Dominik Shine,DET,R,-0.1882,0.0,0.0,-1.3873,0.0,0.0,-0.2873,0.2173,0.1543,-1.0176,-1.521,198.0,small_sample
595,8484821,Sam Morton,CGY,C,-0.1882,0.0,0.0,-1.4048,0.0,0.0,-0.2905,0.215,0.0237,1.132,3.0871,35.0,small_sample
596,8476869,Brady Skjei,NSH,D,-0.217,-0.426,-0.4488,-0.1463,-0.0201,-0.0943,-0.2928,0.2134,0.9967,0.2066,-0.8078,4254.1,ok
597,8476891,Matt Grzelcyk,CHI,D,-0.4985,-1.209,0.3962,0.3588,-0.1842,1.6449,-0.2974,0.21,0.8764,0.5928,-0.0621,3478.1,ok
598,8482877,Jaroslav Chmelar,NYR,R,-0.1882,0.0,0.0,-1.4455,0.0,0.0,-0.2978,0.2097,0.1846,0.7809,0.5067,253.6,small_sample
599,8476885,Jacob Trouba,ANA,D,0.3356,-0.5646,-0.2773,-0.0443,-1.0329,-1.0277,-0.298,0.2096,0.9522,0.1398,-0.5113,4009.0,ok
600,8480245,Olle Lycksell,OTT,R,-0.1882,-1.0078,0.3583,0.062,0.0,0.0,-0.2981,0.2095,0.151,-0.714,1.194,446.9,ok
601,8481056,Spencer Stastney,EDM,D,0.7692,-0.8468,-0.4503,-0.5908,0.0,0.1976,-0.2986,0.2091,0.559,-0.3207,-0.2825,1516.8,ok
602,8483771,Sandis Vilmanis,FLA,L,-0.1882,0.0,0.0,-1.4586,0.0,0.0,-0.3002,0.208,0.1252,0.0712,2.7376,187.2,small_sample
603,8486056,Tyson Gross,CGY,C,-0.1882,0.0,0.0,-1.4607,0.0,0.0,-0.3006,0.2077,0.0396,-2.6463,-5.3351,57.5,small_sample
604,8483482,Tristan Luneau,ANA,D,-0.1882,0.0,0.0,-1.465,0.0,0.0,-0.3013,0.2072,0.0419,0.6399,-5.0388,219.0,small_sample
605,8478104,Sammy Blais,MTL,L,-0.7986,-0.9785,0.11,0.9,0.0,0.0,-0.3019,0.2068,0.2258,-0.4816,0.629,671.1,ok
606,8483609,Adam Klapka,CGY,R,-0.4311,-0.7203,-0.0748,0.1807,0.0,0.0,-0.3041,0.2052,0.6533,-0.2442,0.144,1120.7,ok
607,8478859,Niko Mikkola,FLA,D,-0.7643,-0.0798,0.2844,-1.2225,0.0,0.932,-0.3043,0.205,0.884,-0.2033,0.5842,3900.4,ok
608,8476925,Colton Sissons,VGK,C,0.1029,-0.2905,-0.1947,-0.4408,-0.6906,-1.37,-0.3046,0.2049,0.8533,-0.6907,0.4299,2466.6,ok
609,8484800,Berkly Catton,SEA,C,-0.1882,-0.5345,0.7812,-1.254,0.0,0.0,-0.3069,0.2031,0.4351,1.2368,-0.1904,785.6,ok
610,8479362,Riley Tufte,BOS,L,-0.1882,0.0,0.0,-1.5156,0.0,0.0,-0.3104,0.2006,0.0583,-1.245,-0.8931,148.0,small_sample
611,8484150,Hunter Brzustewicz,CGY,D,-0.1882,-0.1252,0.4702,-1.7316,0.0,0.0,-0.3107,0.2004,0.2281,-0.371,1.0009,521.6,ok
612,8478413,Jordan Greenway,BUF,L,0.0873,-0.6501,0.0359,-0.6463,0.0,-0.0879,-0.3117,0.1997,0.5086,-0.6752,0.7233,1689.8,ok
613,8476981,Josh Anderson,MTL,R,-0.7925,0.3985,-0.4482,-0.506,-1.1825,-0.7142,-0.3128,0.199,0.9235,0.0662,-0.6666,2841.5,ok
614,8484406,Ty Mueller,VAN,C,-0.1882,0.0,0.0,-1.5291,0.0,0.0,-0.3129,0.1989,0.0475,-0.2722,0.406,85.3,small_sample
615,8482206,Ethan Cardwell,SJS,R,-0.1882,0.0,0.0,-1.5324,0.0,0.0,-0.3135,0.1985,0.0699,-0.8359,-3.4748,141.8,small_sample
616,8477407,Anthony Duclair,NYI,L,-1.2929,0.4733,-1.5532,0.1879,0.2481,0.0,-0.3152,0.1972,0.703,-0.3654,-1.7153,2272.9,ok
617,8480043,Timothy Liljegren,WSH,D,0.0506,-0.4836,0.5288,-0.503,-0.7445,-2.2664,-0.3156,0.197,0.6694,0.2042,0.5041,2807.6,ok
618,8484262,Travis Mitchell,NYI,D,-0.1882,0.0,0.0,-1.5444,0.0,0.0,-0.3156,0.1969,0.0593,-3.0795,1.3003,102.5,small_sample
619,8482787,Nikita Chibrikov,WPG,R,-0.1882,0.0,0.0,-1.5865,0.0,0.0,-0.3232,0.1914,0.09,-2.1594,2.2268,149.2,small_sample
620,8484304,Uvis Balinskis,FLA,D,-2.0873,0.0616,-0.5813,-0.3784,1.2737,3.0,-0.3249,0.1902,0.6994,-0.8445,0.0657,2114.0,ok
621,8481030,Jack St. Ivany,PIT,D,-0.1882,-0.438,-0.6197,-0.504,0.0,1.0363,-0.3264,0.1891,0.2301,-1.296,0.4659,724.9,ok
622,8475718,Justin Holl,STL,D,-0.5466,-0.5443,0.9764,-0.9018,0.0,-0.8316,-0.3269,0.1888,0.4107,0.8735,0.4344,1644.6,ok
623,8484839,Harrison Brunicke,PIT,D,-0.1882,0.0,0.0,-1.6235,0.0,0.0,-0.3299,0.1866,0.0593,1.5233,-0.893,136.1,small_sample
624,8483472,Maveric Lamoureux,UTA,D,-0.1882,-0.4906,-0.7058,-0.0647,0.0,0.0,-0.3312,0.1857,0.0923,-1.7985,0.853,301.6,ok
625,8480834,Ty Emberson,EDM,D,0.2208,-0.4598,-0.3733,-0.8434,0.0,-0.1799,-0.3318,0.1852,0.8247,-1.7238,1.2238,2498.3,ok
626,8479661,Tanner Jeannot,BOS,L,-0.2808,-0.435,-0.1799,-0.4799,0.0,-0.312,-0.3323,0.1849,0.8632,-0.1743,-0.0666,2196.0,ok
627,8476473,Connor Murphy,EDM,D,-0.1509,-0.1952,-0.1972,-1.2631,0.0,0.4317,-0.3339,0.1838,0.8721,-1.3353,1.0712,3156.5,ok
628,8484860,Matvei Gridin,CGY,R,-0.1882,-0.8957,-1.2169,1.2822,-0.3675,0.0,-0.335,0.1829,0.2439,-0.6803,-0.9498,476.4,ok
629,8484428,Charles Alexis Legault,CAR,D,-0.1882,0.0,0.0,-1.6619,0.0,0.0,-0.3368,0.1817,0.0791,-1.3287,-1.516,156.1,small_sample
630,8484798,Zeev Buium,VAN,D,-2.3116,-0.0592,0.6759,-0.0095,0.45,0.0,-0.3372,0.1814,0.501,0.5825,0.323,1254.6,ok
631,8478462,Nicolas Roy,COL,C,-0.2098,-0.1501,-1.7647,0.287,-0.253,0.3751,-0.3388,0.1802,0.884,-1.7321,-0.6318,2639.4,ok
632,8475714,Calle Jarnkrok,TOR,C,0.5407,-0.6945,-0.433,-0.6214,0.4712,-1.3297,-0.34,0.1794,0.53,-1.2293,0.6493,1380.4,ok
633,8479372,Joshua Mahura,SEA,D,0.0584,-0.6143,-0.2101,-0.9292,0.0,1.0695,-0.3405,0.179,0.4542,-1.1193,0.8379,1506.0,ok
634,8484180,Samuel Honzek,CGY,L,-0.1882,0.0,0.0,-1.6896,0.0,0.0,-0.3418,0.1781,0.1384,0.1609,2.6303,248.0,small_sample
635,8478147,Bokondji Imama,PIT,L,-0.1882,0.0,0.0,-1.6904,0.0,0.0,-0.3419,0.178,0.0864,-2.2822,2.5925,138.4,small_sample
636,8481712,Matj  Blmel,BOS,R,-0.1882,0.0,0.0,-1.6929,0.0,0.0,-0.3424,0.1777,0.0541,-1.7219,1.222,95.4,small_sample
637,8480291,Skyler Brind'Amour,CAR,C,-0.1882,0.0,0.0,-1.6961,0.0,0.0,-0.3429,0.1772,0.0343,-2.4807,-0.4773,74.9,small_sample
638,8483531,Brian Halonen,NJD,L,-0.1882,0.0,0.0,-1.6991,0.0,0.0,-0.3435,0.1769,0.1101,-3.531,1.0884,153.5,small_sample
639,8484305,Zach Metsa,BUF,D,-0.1882,0.3865,-0.7514,-1.711,0.0,0.0,-0.3458,0.1752,0.2835,-1.1588,0.1522,450.6,ok
640,8481518,Nolan Foote,FLA,L,-0.1882,0.0,0.0,-1.7144,0.0,0.0,-0.3462,0.1749,0.1134,-0.7935,-0.0851,230.0,small_sample
641,8484230,Otto Stenberg,STL,C,-0.1882,-0.6826,-0.4389,-0.0675,0.0,0.0,-0.3497,0.1724,0.2109,-0.7074,0.1195,387.3,ok
642,8479992,Michael Rasmussen,DET,C,-1.2754,-0.0318,0.1494,-0.2073,-0.8638,-0.2388,-0.3499,0.1722,0.85,-0.1226,0.3227,2519.5,ok
643,8477456,J.T. Compher,DET,L,-0.0733,-0.3261,-0.6595,0.191,-0.5051,-2.3163,-0.3512,0.1713,0.968,-0.261,-0.6224,3096.1,ok
644,8480828,Michael Callahan,BOS,D,-0.1882,0.0,0.0,-1.7534,0.0,0.0,-0.3532,0.1698,0.1002,-0.5077,-0.2657,281.4,small_sample
645,8481564,Ryan Johnson,BUF,D,-0.1882,-0.8403,0.4988,-0.6924,0.0,0.0,-0.3548,0.1687,0.0992,0.9086,-0.2404,624.2,ok
646,8484255,Jason Polin,COL,R,-0.1882,0.0,0.0,-1.772,0.0,0.0,-0.3566,0.1674,0.0458,-2.2045,6.179,92.0,small_sample
647,8480825,Patrick Giles,SJS,R,-0.1882,0.0,0.0,-1.7745,0.0,0.0,-0.357,0.1671,0.087,-1.6691,0.5494,174.7,small_sample
648,8480874,Adam Ginning,PHI,D,-0.1882,0.0,0.0,-1.7756,0.0,0.0,-0.3572,0.1669,0.0517,-2.2093,0.3061,196.4,small_sample
649,8477435,Ryan Graves,PIT,D,0.2124,-0.3421,0.3985,-1.6384,0.0,-1.2002,-0.3576,0.1667,0.5016,-0.7326,1.2664,2257.1,ok
650,8483424,Owen Beck,MTL,C,-0.1882,0.0,0.0,-1.7806,0.0,0.0,-0.3581,0.1663,0.1463,0.0531,1.6622,257.5,small_sample
651,8480196,Jacob Bryson,WPG,D,-0.739,-0.7016,0.0545,-0.0824,0.0,0.4969,-0.36,0.1649,0.5788,-0.0597,0.1327,1638.6,ok
652,8477425,Miles Wood,CBJ,L,-1.4661,0.493,-1.3188,-0.4739,0.0,1.5778,-0.3612,0.1641,0.6243,-0.1689,-1.5978,1877.8,ok
653,8480796,Martin Fehrvry,WSH,D,-0.4985,-0.3336,-0.2106,-0.574,0.0,-0.2958,-0.3637,0.1623,0.9631,0.0353,-0.3174,3678.6,ok
654,8482807,Ethan Del Mastro,CHI,D,-0.8148,-0.3159,0.0045,-0.5426,0.0,0.0,-0.3641,0.162,0.2169,-0.9828,0.9888,698.1,ok
655,8477446,Michael McCarron,MIN,C,0.1131,-0.4158,-0.3916,-0.9753,0.0,-0.2276,-0.3681,0.1591,0.9288,-0.6719,0.1474,2504.4,ok
656,8482731,Tyson Hinds,ANA,D,-0.1882,0.0,0.0,-1.8421,0.0,0.0,-0.3692,0.1583,0.0396,5.0445,2.3511,89.5,small_sample
657,8482781,Carson Lambos,MIN,D,-0.1882,0.0,0.0,-1.8421,0.0,0.0,-0.3692,0.1583,0.0066,0.7567,6.2261,9.0,small_sample
658,8484933,Mikulas Hovorka,FLA,D,-0.1882,0.0,0.0,-1.8421,0.0,0.0,-0.3692,0.1583,0.0264,-2.2192,2.259,54.6,small_sample
659,8483766,David Spacek,MIN,D,-0.1882,0.0,0.0,-1.8421,0.0,0.0,-0.3692,0.1583,0.0132,-5.0649,-2.9764,21.2,small_sample
660,8483435,Jorian Donovan,OTT,D,-0.1882,0.0,0.0,-1.8421,0.0,0.0,-0.3692,0.1583,0.0132,-4.1626,-2.868,13.9,small_sample
661,8480075,Cameron Crotty,OTT,D,-0.1882,0.0,0.0,-1.8421,0.0,0.0,-0.3692,0.1583,0.0452,3.2281,2.1129,96.3,small_sample
662,8482168,Maxim Groshev,TBL,D,-0.1882,0.0,0.0,-1.8421,0.0,0.0,-0.3692,0.1583,0.0132,-0.8697,-19.8368,22.9,small_sample
663,8482873,Topias Vilen,NJD,D,-0.1882,0.0,0.0,-1.8421,0.0,0.0,-0.3692,0.1583,0.0132,-0.6026,1.9437,30.6,small_sample
664,8481715,Hunter Skinner,STL,D,-0.1882,0.0,0.0,-1.8421,0.0,0.0,-0.3692,0.1583,0.0066,-2.7256,-0.8026,10.8,small_sample
665,8483686,Adam Engstrom,MTL,D,-0.1882,0.0,0.0,-1.8421,0.0,0.0,-0.3692,0.1583,0.0989,-0.179,0.3678,188.5,small_sample
666,8484220,David Reinbacher,MTL,D,-0.1882,0.0,0.0,-1.8421,0.0,0.0,-0.3692,0.1583,0.0132,-2.185,2.683,24.6,small_sample
667,8483546,Marshall Rifai,TOR,D,-0.1882,0.0,0.0,-1.8421,0.0,0.0,-0.3692,0.1583,0.0099,-3.2595,-3.0,32.6,small_sample
668,8482804,Ty Murchison,PHI,D,-0.1882,0.0,0.0,-1.8421,0.0,0.0,-0.3692,0.1583,0.0198,-1.4646,4.5055,42.1,small_sample
669,8484152,Luca Cagnoni,SJS,D,-0.1882,0.0,0.0,-1.8421,0.0,0.0,-0.3692,0.1583,0.0435,-2.7834,1.3995,130.5,small_sample
670,8483709,Abram Wiebe,CGY,D,-0.1882,0.0,0.0,-1.8421,0.0,0.0,-0.3692,0.1583,0.0264,-1.974,-7.7622,48.0,small_sample
671,8483712,Ludvig Jansson,FLA,D,-0.1882,0.0,0.0,-1.8421,0.0,0.0,-0.3692,0.1583,0.0264,0.1466,-2.0188,61.8,small_sample
672,8481562,Domenick Fensore,CAR,D,-0.1882,0.0,0.0,-1.8421,0.0,0.0,-0.3692,0.1583,0.0145,-5.3047,-3.979,50.5,small_sample
673,8483760,Hunter McDonald,PHI,D,-0.1882,0.0,0.0,-1.8421,0.0,0.0,-0.3692,0.1583,0.0066,-2.233,2.1461,12.6,small_sample
674,8482067,Connor Mackey,NYR,D,-0.1882,0.0,0.0,-1.8421,0.0,0.0,-0.3692,0.1583,0.0293,-3.8342,2.7257,82.3,small_sample
675,8482187,Ronan Seeley,CAR,D,-0.1882,0.0,0.0,-1.8421,0.0,0.0,-0.3692,0.1583,0.0066,-3.2225,-0.2429,13.8,small_sample
676,8486169,Jake Livanavage,PIT,D,-0.1882,0.0,0.0,-1.8421,0.0,0.0,-0.3692,0.1583,0.0066,0.1912,-4.8727,20.0,small_sample
677,8484287,Cole McWard,NYI,D,-0.1882,0.0,0.0,-1.8421,0.0,0.0,-0.3692,0.1583,0.0214,-2.76,-3.0852,50.3,small_sample
678,8481547,Simon Lundmark,TBL,D,-0.1882,0.0,0.0,-1.8421,0.0,0.0,-0.3692,0.1583,0.0066,-4.4014,1.6885,16.8,small_sample
679,8482174,William Villeneuve,TOR,D,-0.1882,0.0,0.0,-1.8421,0.0,0.0,-0.3692,0.1583,0.0198,-2.2009,1.3556,52.0,small_sample
680,8486166,Viking Gustafsson-Nyberg,MIN,D,-0.1882,0.0,0.0,-1.8421,0.0,0.0,-0.3692,0.1583,0.0132,-0.7394,-1.4753,33.2,small_sample
681,8477365,Connor Clifton,PIT,D,-0.4455,-0.439,0.3944,-0.8427,0.0,-1.0348,-0.3703,0.1575,0.7485,0.0619,0.4665,2810.7,ok
682,8479533,Joona Koppanen,PIT,L,-0.1882,0.0,0.0,-1.855,0.0,0.0,-0.3715,0.1566,0.1358,-1.72,-0.2114,291.3,small_sample
683,8481093,Rafael Harvey-Pinard,PIT,L,0.5642,-1.3497,-0.336,0.1512,0.0,-0.2351,-0.3742,0.1547,0.0847,-1.8231,1.373,479.1,ok
684,8480145,Neal Pionk,WPG,D,-0.6374,-0.3229,-0.5168,-0.2636,0.4442,-0.7223,-0.3744,0.1546,0.7442,-0.4223,-0.27,3536.8,ok
685,8484242,Brayden Yager,WPG,C,-0.1882,0.0,0.0,-1.9281,0.0,0.0,-0.3847,0.1472,0.0198,0.4841,1.9048,26.2,small_sample
686,8483728,Jared Davidson,MTL,C,-0.1882,0.0,0.0,-1.9281,0.0,0.0,-0.3847,0.1472,0.0659,-1.0156,1.7221,87.0,small_sample
687,8484214,Luca Pinelli,CBJ,C,-0.1882,0.0,0.0,-1.9281,0.0,0.0,-0.3847,0.1472,0.0198,2.1465,-4.0431,37.8,small_sample
688,8481004,Josiah Slavin,CAR,L,-0.1882,0.0,0.0,-1.9281,0.0,0.0,-0.3847,0.1472,0.0132,-2.3576,1.6335,25.8,small_sample
689,8484794,Michael Brandsegg-Nygrd,DET,R,-0.1882,0.0,0.0,-1.9281,0.0,0.0,-0.3847,0.1472,0.0923,0.0708,3.0521,159.1,small_sample
690,8483675,Kenny Connors,LAK,C,-0.1882,0.0,0.0,-1.9281,0.0,0.0,-0.3847,0.1472,0.0132,7.3891,-3.1486,16.5,small_sample
691,8483444,Nathan Gaucher,ANA,C,-0.1882,0.0,0.0,-1.9281,0.0,0.0,-0.3847,0.1472,0.0198,-2.3677,-6.6831,23.2,small_sample
692,8482802,Carter Mazur,DET,L,-0.1882,0.0,0.0,-1.9281,0.0,0.0,-0.3847,0.1472,0.0567,-0.696,-1.6818,85.7,small_sample
693,8482479,Trevor Kuntar,BUF,C,-0.1882,0.0,0.0,-1.9281,0.0,0.0,-0.3847,0.1472,0.0066,-5.6275,-36.683,5.2,small_sample
694,8475461,Andrew Agozzino,UTA,L,-0.1882,0.0,0.0,-1.9281,0.0,0.0,-0.3847,0.1472,0.0132,-1.003,-0.2474,11.9,small_sample
695,8481848,Jacob Gaucher,PHI,C,-0.1882,0.0,0.0,-1.9281,0.0,0.0,-0.3847,0.1472,0.0422,-1.3527,-1.0418,62.9,small_sample
696,8485388,Victor Eklund,NYI,R,-0.1882,0.0,0.0,-1.9281,0.0,0.0,-0.3847,0.1472,0.0066,-0.3226,5.2468,12.2,small_sample
697,8478173,Hayden Hodgson,OTT,R,-0.1882,0.0,0.0,-1.9281,0.0,0.0,-0.3847,0.1472,0.0738,0.3496,-2.235,87.0,small_sample
698,8483433,Jack Devine,FLA,R,-0.1882,0.0,0.0,-1.9281,0.0,0.0,-0.3847,0.1472,0.0396,-2.5189,3.1519,50.0,small_sample
699,8481591,Sam Poulin,EDM,R,-0.1882,0.0,0.0,-1.9281,0.0,0.0,-0.3847,0.1472,0.0458,0.6868,0.8067,118.3,small_sample
700,8481534,Raphael Lavoie,VGK,C,-0.1882,0.0,0.0,-1.9281,0.0,0.0,-0.3847,0.1472,0.0537,-1.5036,-1.444,144.3,small_sample
701,8476391,T.J. Tynan,COL,C,-0.1882,0.0,0.0,-1.9281,0.0,0.0,-0.3847,0.1472,0.0422,-1.865,-1.8164,70.3,small_sample
702,8484779,Jett Luchanko,PHI,C,-0.1882,0.0,0.0,-1.9281,0.0,0.0,-0.3847,0.1472,0.0422,-1.4275,-0.8122,79.5,small_sample
703,8481594,Nathan Lgar,NJD,R,-0.1882,0.0,0.0,-1.9281,0.0,0.0,-0.3847,0.1472,0.0185,-3.069,2.5442,39.9,small_sample
704,8482525,Ryan Tverberg,TOR,C,-0.1882,0.0,0.0,-1.9281,0.0,0.0,-0.3847,0.1472,0.0132,-2.0982,2.5623,19.7,small_sample
705,8476425,Joseph LaBate,VAN,C,-0.1882,0.0,0.0,-1.9281,0.0,0.0,-0.3847,0.1472,0.0303,-0.7464,1.3633,64.2,small_sample
706,8482162,Roby Jarventie,EDM,L,-0.1882,0.0,0.0,-1.9281,0.0,0.0,-0.3847,0.1472,0.0313,-1.9671,3.9577,75.6,small_sample
707,8483841,Xavier Parent,NJD,C,-0.1882,0.0,0.0,-1.9281,0.0,0.0,-0.3847,0.1472,0.033,-3.4441,-5.8572,42.8,small_sample
708,8485395,James Hagens,BOS,C,-0.1882,0.0,0.0,-1.9281,0.0,0.0,-0.3847,0.1472,0.0132,-2.2489,5.7829,29.1,small_sample
709,8482673,Xavier Bourgault,OTT,R,-0.1882,0.0,0.0,-1.9281,0.0,0.0,-0.3847,0.1472,0.0132,7.9064,-1.9042,11.9,small_sample
710,8482953,Taylor Makar,COL,L,-0.1882,0.0,0.0,-1.9281,0.0,0.0,-0.3847,0.1472,0.0791,-2.825,-1.9293,74.5,small_sample
711,8482766,William Stromgren,CGY,L,-0.1882,0.0,0.0,-1.9281,0.0,0.0,-0.3847,0.1472,0.0198,-2.3264,-3.5126,21.7,small_sample
712,8485251,Kai Uchacz,VGK,C,-0.1882,0.0,0.0,-1.9281,0.0,0.0,-0.3847,0.1472,0.0198,-1.4277,2.4221,34.5,small_sample
713,8482941,Shane Lachance,NJD,L,-0.1882,0.0,0.0,-1.9281,0.0,0.0,-0.3847,0.1472,0.0066,-1.9252,0.6435,7.4,small_sample
714,8485385,Braeden Cootes,VAN,C,-0.1882,0.0,0.0,-1.9281,0.0,0.0,-0.3847,0.1472,0.0198,-4.3032,-9.6103,28.9,small_sample
715,8483463,Aleksanteri Kaskimaki,STL,C,-0.1882,0.0,0.0,-1.9281,0.0,0.0,-0.3847,0.1472,0.033,-2.7731,-4.3385,49.3,small_sample
716,8482167,Bogdan Trineyev,WSH,R,-0.1882,0.0,0.0,-1.9281,0.0,0.0,-0.3847,0.1472,0.0132,-2.1795,4.9938,20.6,small_sample
717,8477419,Mason Geertsen,BUF,L,-0.1882,0.0,0.0,-1.9281,0.0,0.0,-0.3847,0.1472,0.033,-3.7555,2.6202,20.5,small_sample
718,8485467,Luke Haymes,TOR,C,-0.1882,0.0,0.0,-1.9281,0.0,0.0,-0.3847,0.1472,0.0264,-0.4747,1.5226,47.4,small_sample
719,8482698,Tristan Broz,PIT,C,-0.1882,0.0,0.0,-1.9281,0.0,0.0,-0.3847,0.1472,0.0066,-5.1904,-0.1913,11.5,small_sample
720,8480878,Nils Lundkvist,DAL,D,-0.641,-0.7137,0.3427,-0.3712,-0.1842,0.0,-0.3852,0.1468,0.5943,0.4095,0.0495,2158.2,ok
721,8478472,Mathieu Joseph,LAK,R,0.0193,-1.2245,0.0639,-0.3389,0.0,1.2038,-0.3901,0.1433,0.6922,-0.9178,1.0035,2200.9,ok
722,8484223,Axel Sandin-Pellikka,DET,D,-0.1882,-0.4266,-1.0106,-0.1788,-0.1115,0.0,-0.3902,0.1432,0.4483,0.3616,-1.7153,939.2,ok
723,8477450,Jason Dickinson,EDM,C,0.062,-0.7118,0.1226,-0.7281,-1.0116,0.2549,-0.3908,0.1428,0.7838,-1.1464,1.3107,2642.4,ok
724,8482165,Yan Kuznetsov,CGY,D,-0.1882,-0.6647,-0.4811,-0.9293,0.0,2.2985,-0.3911,0.1425,0.3774,0.6487,-1.2931,1017.0,ok
725,8481133,Cole Reinhardt,FLA,L,-0.1882,-0.1789,-1.3734,-0.3513,0.0,0.0,-0.3934,0.1409,0.4562,-1.7993,-0.0404,755.9,ok
726,8477573,Nathan Walker,STL,L,-0.377,-0.4442,-0.3096,-0.5755,0.0,-0.5041,-0.4034,0.1337,0.6661,-1.1312,0.7166,1780.6,ok
727,8479383,Boris Katchouk,PHI,L,-0.2465,-0.878,0.1902,-1.0113,0.0,1.6919,-0.4041,0.1332,0.117,0.1856,0.0691,635.7,ok
728,8477320,Anton Blidh,NYR,L,-0.3048,0.0,0.0,-1.9281,0.0,0.0,-0.408,0.1304,0.028,-1.4524,2.6421,36.2,small_sample
729,8483425,Lian Bichsel,DAL,D,-0.5093,-0.0962,-0.6877,-1.0075,0.0,0.4769,-0.408,0.1304,0.4799,-0.8336,-0.0875,1265.6,ok
730,8480326,Sheldon Dries,DET,C,-0.3253,0.0,0.0,-1.9281,0.0,0.0,-0.4121,0.1274,0.033,-3.6738,-2.988,31.1,small_sample
731,8477369,Carson Soucy,NYI,D,-0.1118,-0.0639,-0.5872,-1.1854,0.0,-1.1428,-0.4138,0.1262,0.8635,-1.6731,0.8865,2877.0,ok
732,8477380,Jonny Brodzinski,NYR,C,-0.8202,-0.0341,-0.7907,-0.2474,-0.878,0.0,-0.4157,0.1248,0.6582,-0.1727,-0.8865,1709.6,ok
733,8477950,Tony DeAngelo,NYI,D,-0.8846,-0.7654,-0.6503,0.9545,-0.7256,0.0,-0.419,0.1225,0.6905,0.6572,-1.5284,2297.6,ok
734,8478399,Jonas Siegenthaler,NJD,D,-0.1689,-0.7287,0.2217,-1.2421,0.0,0.7886,-0.4207,0.1212,0.852,0.0672,0.2298,3285.8,ok
735,8478416,Erik Cernak,TBL,D,-0.3054,-0.4663,-0.2337,-0.809,0.0,-0.4177,-0.4212,0.1209,0.8164,-0.725,0.4119,3135.1,ok
736,8476871,Tanner Pearson,BUF,L,-1.092,0.2272,-1.1712,-0.0343,-0.9418,-0.1543,-0.4224,0.1201,0.7666,-0.2718,-1.2971,2001.0,ok
737,8475455,Brenden Dillon,NJD,D,0.2268,-0.6021,0.0135,-1.3021,0.0,-0.8971,-0.4303,0.1144,0.9918,0.0045,0.0136,3758.4,ok
738,8477839,Conor Sheary,NYR,L,-0.19,-0.9063,0.3196,-0.5596,-0.7015,0.0,-0.4326,0.1127,0.5224,0.2331,0.195,1426.5,ok
739,8482623,Josh Dunne,BUF,C,-0.1882,-0.7763,0.5476,-1.2917,0.0,0.0,-0.4332,0.1122,0.232,-0.9482,1.6818,328.8,ok
740,8475795,Dylan McIlrath,WSH,D,-0.0318,-0.7963,0.1442,-1.0493,0.0,0.0,-0.4335,0.112,0.1579,-1.0653,1.2584,343.2,ok
741,8482758,Ville Koivunen,PIT,R,-0.1882,-1.3986,1.3939,-0.961,0.0,0.0,-0.4352,0.1108,0.2887,0.6173,1.2499,571.7,ok
742,8481523,Kirby Dach,MTL,C,-1.0199,0.2352,-0.8101,-0.6927,-0.6762,0.0,-0.4361,0.1102,0.4726,-0.3434,-0.7419,1186.4,ok
743,8482511,Mason Lohrei,BOS,D,-1.5214,-0.1238,-0.6282,-0.0799,0.426,0.0,-0.4365,0.1099,0.8533,-0.1446,-0.6969,3001.1,ok
744,8483395,Arshdeep Bains,VAN,L,-0.1882,-1.0914,0.6039,-0.8036,0.0,0.0,-0.4398,0.1075,0.2492,0.8692,-0.0603,456.9,ok
745,8484177,Lenni Hameenaho,NJD,R,-0.1882,-1.3933,-0.1558,0.4588,0.0,0.0,-0.4413,0.1064,0.2175,-0.661,0.4522,380.4,ok
746,8477851,Jordan Oesterle,NSH,D,-1.5479,-0.1184,0.037,-0.5516,0.0,0.0,-0.4416,0.1062,0.1892,-0.3033,0.3529,896.3,ok
747,8481028,Martin Pospisil,CGY,C,-0.9922,-0.579,-0.1296,-0.0045,-0.4307,0.0,-0.4425,0.1056,0.5692,-0.0453,-0.1283,2000.1,ok
748,8475753,Justin Faulk,DET,D,-1.504,0.038,-0.5899,0.1965,-0.4705,-1.1454,-0.4434,0.1049,0.9216,-0.629,-0.1611,3897.0,ok
749,8477494,Jonathan Drouin,STL,L,-0.7029,-0.9131,-0.7238,0.838,-0.4209,0.0,-0.4436,0.1048,0.7221,0.2728,-1.2424,2568.9,ok
750,8478468,Jeremy Lauzon,VGK,D,-0.4383,-0.601,0.0074,-1.0459,0.0,0.564,-0.4448,0.1039,0.6892,-0.369,0.379,2676.3,ok
751,8480058,Pierre-Olivier Joseph,VAN,D,-0.896,-0.6899,0.8583,-0.808,0.0,-0.7711,-0.4449,0.1038,0.4759,0.2621,0.8877,1779.4,ok
752,8481522,Peyton Krebs,BUF,C,-0.5297,-0.7635,-0.0525,0.4578,-1.0978,-1.6773,-0.4451,0.1037,0.9927,-0.385,0.3146,2994.3,ok
753,8478476,Kyle Capobianco,DAL,D,-0.9543,-0.2466,0.1652,-1.123,0.0,0.0,-0.4463,0.1028,0.2215,-0.0496,0.2708,395.2,ok
754,8477979,Nicolas Aube-Kubel,MIN,R,0.4884,-1.3542,-0.4048,-0.1614,0.0,0.0,-0.4471,0.1023,0.2254,-1.1442,0.602,987.2,ok
755,8475842,Sam Carrick,BUF,C,-1.3079,-0.1544,-0.3459,-0.3295,0.0,-0.3412,-0.4477,0.1018,0.9245,-1.2281,0.7648,2240.8,ok
756,8480887,Jordan Harris,BOS,D,-0.8659,-0.4625,-0.426,-0.0573,0.0,-0.7902,-0.448,0.1016,0.2755,-0.6884,0.1178,1338.4,ok
757,8479543,Michael Pezzetta,TOR,L,-0.5658,-1.2131,1.2573,-0.8291,0.0,0.0,-0.449,0.1009,0.2587,-1.0802,2.7644,668.9,ok
758,8479644,Matt Luff,NYI,R,-1.1287,0.0,0.0,-1.2511,0.0,0.0,-0.4509,0.0995,0.033,-1.5559,1.0028,44.9,small_sample
759,8480840,Oskar Bck,DAL,C,-0.2327,-1.0928,0.7754,-0.8177,0.0,-0.6022,-0.4526,0.0983,0.7633,-1.0826,2.1213,1457.5,ok
760,8482496,Nils Aman,VAN,C,-0.8689,-1.0468,1.0265,-0.7822,0.0,0.6304,-0.454,0.0973,0.1592,-0.092,1.4671,591.3,ok
761,8474189,Lars Eller,OTT,C,0.1679,-0.8526,-0.7949,-0.1222,-0.8144,0.1167,-0.4561,0.0958,0.8998,-1.3343,0.2695,2595.8,ok
762,8478970,Jalen Chatfield,CAR,D,0.3771,-0.5898,-0.9912,-0.9159,0.0,-0.1171,-0.4584,0.0941,0.9057,-0.7821,-0.5456,3590.3,ok
763,8482125,Alexander Holtz,VGK,R,-0.451,-0.1169,-1.194,-0.4741,-0.6882,0.0,-0.4653,0.0892,0.5293,-0.4815,-1.1178,1726.0,ok
764,8474090,Brendan Smith,CBJ,D,-0.395,-0.5934,-0.8459,-0.7451,0.0,1.6388,-0.4708,0.0852,0.3293,-0.6569,-0.4762,1365.0,ok
765,8480009,Eeli Tolvanen,SEA,R,-1.685,-0.0564,-0.7372,0.1837,0.094,-0.6273,-0.4727,0.0839,0.968,-0.6224,-0.3652,3066.7,ok
766,8482652,Walker Duehr,WPG,R,-0.2958,-0.7522,-0.4528,-0.4909,0.0,0.0,-0.4727,0.0838,0.1806,0.128,-0.7345,540.2,ok
767,8479388,Riley Stillman,EDM,D,-0.7065,0.0,0.0,-1.8421,0.0,0.0,-0.4729,0.0837,0.0461,-0.3178,-1.4485,82.0,small_sample
768,8475762,Derek Forbort,VAN,D,-1.5894,-0.1866,0.1566,-0.9619,0.0,1.0456,-0.4737,0.0831,0.2844,-1.9294,2.1392,1307.3,ok
769,8479983,Mario Ferraro,SJS,D,-1.442,-0.2633,0.3238,-0.6121,0.0,-1.0144,-0.4812,0.0777,0.9776,0.3184,0.1153,4284.2,ok
770,8477454,Adam Erne,DAL,L,-0.2068,-0.4086,-0.2755,-1.4492,0.0,0.0,-0.4839,0.0758,0.3362,-1.2882,0.9191,626.2,ok
771,8479982,Conor Timmins,BUF,D,-0.0541,-0.9838,0.2092,-0.9127,0.0,-0.4898,-0.4887,0.0723,0.5672,0.2114,0.0688,1944.8,ok
772,8475179,Dmitry Kulikov,FLA,D,-0.5352,-0.6594,0.1875,-1.1242,0.0,0.0956,-0.4903,0.0711,0.5274,0.1751,0.0761,2527.4,ok
773,8482460,Matt Rempe,NYR,C,-0.1882,-0.5836,-0.3229,-1.1607,0.0,0.0,-0.494,0.0684,0.3655,-0.1282,-0.3044,663.9,ok
774,8478452,Caleb Jones,PIT,D,0.5828,-1.4546,-0.6283,-0.1698,0.0,0.0,-0.5008,0.0636,0.1111,0.4926,-1.3342,471.3,ok
775,8478136,Jake Middleton,MIN,D,-1.0102,-0.4232,-0.2835,-0.4504,0.0,-0.6308,-0.5025,0.0624,0.8912,0.0551,-0.4349,3780.1,ok
776,8476875,Mike Matheson,MTL,D,-0.5983,-0.4905,-1.046,0.1011,-0.2773,-0.8799,-0.5045,0.0609,0.9657,-0.1945,-1.2066,4421.3,ok
777,8482062,Cole Smith,VGK,R,0.0867,-0.6874,-0.5323,-0.9372,0.0,-0.7924,-0.5083,0.0582,0.8279,-0.6337,-0.0794,2385.6,ok
778,8476878,Zemgus Girgensons,TBL,C,0.2978,-0.847,-0.4431,-1.032,0.0,-0.6128,-0.5117,0.0558,0.916,-1.4089,0.8153,2430.5,ok
779,8481568,Alex Vlasic,CHI,D,-0.6584,-0.7298,0.0681,-0.4079,-0.6862,-0.5865,-0.5117,0.0557,0.9769,-0.0571,0.1484,4289.8,ok
780,8482177,Marat Khusnutdinov,BOS,C,-0.2736,-0.6608,-0.6485,-0.6134,-0.3447,0.1035,-0.5124,0.0552,0.8306,-1.0032,0.1345,1920.7,ok
781,8480003,Jesper Boqvist,FLA,C,-0.4756,-0.8134,-0.4579,-0.7007,0.0,1.0871,-0.5132,0.0547,0.8672,-0.9271,0.3137,2195.6,ok
782,8480035,Henri Jokiharju,BOS,D,-0.831,-0.8736,0.2255,-0.2788,-0.9105,0.2996,-0.5151,0.0533,0.6295,0.7165,-0.4145,2907.7,ok
783,8482132,Brett Berard,NYR,L,-0.1882,-0.3323,-0.7917,-1.3232,0.0,0.0,-0.52,0.0497,0.2241,0.3047,-1.3651,506.8,ok
784,8478841,Colton White,NJD,D,-1.6886,0.0,0.0,-1.0226,0.0,0.0,-0.5218,0.0485,0.1516,-1.5661,1.5882,278.2,small_sample
785,8479368,Max Jones,EDM,L,-1.3488,-0.5018,-0.6293,0.1117,0.0,0.0,-0.5222,0.0482,0.327,-1.5389,0.696,991.8,ok
786,8482733,Logan Mailloux,STL,D,-0.4498,-0.5272,-0.6998,-0.7941,0.0,0.0,-0.5258,0.0456,0.471,-0.2043,-0.7331,1133.2,ok
787,8482624,Daniil Miromanov,CGY,D,-0.9579,-0.1422,-0.2919,-0.8705,-1.1735,0.0,-0.527,0.0448,0.2202,-0.7952,0.4042,1174.5,ok
788,8483490,Pavel Mintyukov,ANA,D,-1.356,0.071,-0.5428,-0.52,-0.9153,-0.6874,-0.5321,0.0411,0.854,-0.0409,-0.6862,3101.7,ok
789,8484240,Tom Willander,VAN,D,-1.0704,0.0005,-1.0732,-0.7409,-0.0512,0.0,-0.5333,0.0402,0.4614,-1.2737,-0.1639,1041.1,ok
790,8478013,Jake Walman,EDM,D,-0.0913,-0.3723,-2.0751,0.1733,-0.222,-1.109,-0.5337,0.0399,0.7103,-0.721,-2.0587,2991.8,ok
791,8477931,Tomas Nosek,FLA,L,0.394,-1.2507,-0.8222,-0.6995,0.0,1.274,-0.5359,0.0383,0.4311,-0.6223,-0.4791,1122.6,ok
792,8484164,Dalibor Dvorsky,STL,R,-0.1882,-0.3726,-1.09,-1.0444,-0.104,0.0,-0.5412,0.0345,0.4759,-0.7787,-0.6814,883.2,ok
793,8474641,Adam Henrique,EDM,C,-0.8611,-0.4851,-1.0378,-0.0987,-0.4411,0.3009,-0.5423,0.0337,0.884,-1.7572,0.3669,2671.9,ok
794,8479022,Rodrigo Abols,PHI,C,-0.1882,-0.7762,-1.2207,-0.2286,0.0,0.0,-0.5424,0.0336,0.3639,-1.3833,-0.2519,609.6,ok
795,8484321,Nikolas Matinpalo,OTT,D,-0.0703,-1.0343,-0.4295,-0.942,0.0,1.1071,-0.5426,0.0335,0.4984,-0.3504,-0.2249,1240.2,ok
796,8482705,Cole Sillinger,CBJ,C,-0.7474,-0.8716,-0.4323,0.3007,-0.4255,-1.1595,-0.5442,0.0323,0.9219,-0.4138,-0.1653,2994.2,ok
797,8479980,Nicolas Hague,NSH,D,-0.4377,-0.753,-0.4608,-1.0132,0.0,0.9975,-0.5469,0.0304,0.798,0.0172,-0.6344,3341.1,ok
798,8482726,Samuel Helenius,LAK,C,-0.2681,-0.7255,-0.2599,-1.1721,0.0,0.0,-0.5482,0.0295,0.5471,-1.322,0.9739,847.9,ok
799,8483450,Ryan Greene,CHI,C,-0.4955,-0.4061,-1.0835,-0.0896,-0.4876,-1.6739,-0.5512,0.0273,0.5353,0.9232,-2.3746,1092.6,ok
800,8478967,Lane Pederson,PHI,C,-1.0493,0.0,0.0,-1.9281,0.0,0.0,-0.5569,0.0232,0.033,-4.2478,-0.6314,43.7,small_sample
801,8482929,Emil Lilleberg,TBL,D,-0.3054,-0.7749,-0.9001,-0.6054,0.0,0.4103,-0.5583,0.0222,0.6912,-0.8281,-0.3776,2397.3,ok
802,8479370,Tyson Jost,NSH,C,-0.2826,-0.8128,-1.013,-1.0372,0.0,2.3203,-0.5676,0.0155,0.68,-0.9948,-0.3622,1544.1,ok
803,8475208,Brian Dumoulin,LAK,D,0.7416,-1.1998,-1.3761,-0.5992,0.0,0.3956,-0.5696,0.014,0.9888,-0.8562,-0.9872,3859.6,ok
804,8483513,Reid Schaefer,NSH,L,-0.1882,-0.3008,-1.3619,-1.1226,0.0,0.0,-0.5705,0.0134,0.3098,-1.599,-0.2253,446.0,ok
805,8475343,Nic Dowd,VGK,C,0.1408,-0.7493,-1.0125,-0.9509,0.0,-0.1967,-0.5722,0.0122,0.9242,-1.1514,-0.205,2691.0,ok
806,8480798,Philipp Kurashev,SJS,C,-1.8636,-0.647,-0.6179,0.6859,-0.6291,0.7554,-0.5741,0.0108,0.6088,-0.5054,-0.3224,2283.4,ok
807,8481806,Louis Crevier,CHI,D,-1.8672,-0.0737,-0.4385,-0.4596,0.0,-0.5666,-0.5834,0.0041,0.6737,-0.1287,-0.4587,1991.9,ok
808,8478840,Will Borgen,NYR,D,-0.6067,-0.5489,-0.7389,-0.8039,0.0,-0.2161,-0.5836,0.004,0.9618,-0.7148,-0.2749,3761.4,ok
809,8483447,Conor Geekie,TBL,C,-0.6566,-0.3134,-1.6114,-0.4183,0.0,0.0,-0.584,0.0037,0.298,-1.0833,-1.0752,731.7,ok
810,8475755,Alexander Petrovic,DAL,D,-0.1852,-0.7627,-1.2648,-0.4507,0.0,0.0,-0.5849,0.0031,0.3774,-0.7682,-0.9261,876.8,ok
811,8481599,Victor Soderstrom,BOS,D,-1.2797,0.0,0.0,-1.8421,0.0,0.0,-0.5875,0.0012,0.0577,-1.041,-0.1333,153.6,small_sample
812,8481032,Paul Cotter,NJD,L,-1.157,0.0867,-1.2201,-0.7801,-0.5532,0.0,-0.5894,-0.0002,0.9585,-1.2306,-0.4038,2713.7,ok
813,8482768,Fedor Svechkov,NSH,C,-1.0626,-0.9161,-0.2018,-0.2707,0.1198,0.0,-0.5895,-0.0003,0.6671,-0.4231,0.1529,1358.4,ok
814,8480074,Alexandre Texier,MTL,L,-1.9682,-0.2634,-0.4532,0.075,-0.7208,0.0853,-0.5903,-0.0009,0.5873,0.4081,-1.0152,1959.6,ok
815,8476278,Colin Blackwell,DAL,C,-1.5124,-0.8871,-0.1269,-0.062,0.0,0.7219,-0.5919,-0.002,0.7831,-1.1033,0.9333,1824.5,ok
816,8478062,Dysin Mayo,CBJ,D,-1.3157,0.0,0.0,-1.8421,0.0,0.0,-0.5947,-0.004,0.0198,2.7972,0.7828,25.1,small_sample
817,8479066,Ryan Lomberg,CGY,L,-0.0474,-1.2636,-0.6539,-0.3244,0.0,0.0,-0.596,-0.005,0.8158,-1.3421,0.4663,1873.0,ok
818,8479718,Alex Barr-Boulet,COL,C,-0.273,-0.246,-1.7806,-0.8784,0.0,0.0,-0.5966,-0.0054,0.0804,-0.8519,-1.5332,394.4,ok
819,8480281,Alexey Toropchenko,STL,R,-0.386,-0.8099,-0.858,-0.6599,0.0,0.2426,-0.597,-0.0056,0.88,-1.4831,0.3338,2470.7,ok
820,8485702,Max Shabanov,NYI,R,-0.1882,-1.0646,-1.7199,0.7142,-0.6791,0.0,-0.6003,-0.0081,0.29,-0.4684,-1.8356,514.0,ok
821,8477952,Robby Fabbri,MIN,C,-1.8864,0.3039,-1.8196,0.0881,-0.4399,0.0,-0.6013,-0.0087,0.4245,-0.2673,-2.1701,1558.0,ok
822,8478891,Mason Appleton,DET,C,-0.7992,-0.9199,-0.4948,-0.4186,0.0,0.3525,-0.6052,-0.0116,0.8444,-0.1076,-0.5552,2879.4,ok
823,8479359,Beck Malenstyn,BUF,L,-0.5875,-0.9549,-0.5467,-0.5515,0.0,0.3919,-0.6052,-0.0116,0.968,-1.5528,0.8204,2355.7,ok
824,8476374,Sean Kuraly,BOS,C,-1.1666,-1.0455,-0.0194,-0.1001,0.0,-0.1221,-0.6058,-0.012,0.967,-0.1309,0.1049,2444.7,ok
825,8483398,Declan Carlile,TBL,D,-0.1882,-0.5569,-0.4502,-1.7656,0.0,0.0,-0.6158,-0.0192,0.2904,-1.5824,0.9793,614.9,ok
826,8483448,Isaiah George,NYI,D,-0.1882,-0.8544,-0.522,-1.1551,0.0,0.0,-0.6162,-0.0195,0.1569,-0.7595,0.0602,553.8,ok
827,8483506,Sam Rinzel,CHI,D,-2.0879,-0.3608,0.2408,-0.5425,-0.3427,0.0,-0.6173,-0.0203,0.385,0.5662,-0.2436,994.5,ok
828,8476867,Brendan Gaunce,CBJ,C,-0.6771,-0.6794,-1.352,-0.1729,0.0,0.0,-0.6206,-0.0227,0.2518,-1.3957,-0.4154,624.7,ok
829,8483476,Jonathan Lekkerimki,VAN,R,-0.1882,-0.2748,-1.4143,-1.2496,-0.3918,0.0,-0.6211,-0.023,0.1806,-0.9681,-0.9265,375.7,ok
830,8483503,Owen Pickering,PIT,D,-0.1882,-0.2962,-1.0308,-1.7735,0.0,0.0,-0.6298,-0.0293,0.1252,-1.6733,0.2925,380.8,ok
831,8482859,Zack Ostapchuk,SJS,C,-0.2086,-1.1073,0.324,-1.2735,0.0,-1.2074,-0.6416,-0.0378,0.622,-1.2643,1.6984,1091.1,ok
832,8479291,Kevin Rooney,UTA,C,-1.0277,-0.1968,-0.9426,-1.2002,0.0,0.074,-0.6431,-0.0388,0.3378,-1.5742,0.3114,806.5,ok
833,8480246,Nick Perbix,NSH,D,-0.6927,-0.6947,-0.8311,-0.7847,0.0,0.0307,-0.6488,-0.0429,0.9403,-0.2268,-0.8865,3525.3,ok
834,8481556,John Beecher,CGY,C,-0.1551,-0.8231,-1.3096,-0.522,0.0,-0.6189,-0.6502,-0.0439,0.6249,-1.4147,-0.3395,1510.1,ok
835,8482142,Jamie Drysdale,PHI,D,-2.2629,-0.1854,-0.0027,-0.8324,0.1906,0.0,-0.6507,-0.0443,0.8471,0.5485,-0.5521,3162.1,ok
836,8482516,Matthew Kessel,STL,D,-1.0824,-0.4704,-0.6629,-0.925,0.0,0.0,-0.6509,-0.0445,0.3701,-0.9378,0.0498,1335.5,ok
837,8476457,Adam Larsson,SEA,D,-0.4089,-0.9535,-0.6224,-0.5464,0.0,-1.1026,-0.6557,-0.0479,0.9984,0.6641,-1.4978,4509.7,ok
838,8480871,Adam Boqvist,NYI,D,-0.9982,-0.7962,-0.7534,-0.2673,-0.3178,0.0,-0.6608,-0.0516,0.3807,0.4409,-1.4501,1295.3,ok
839,8480831,Alec Regula,EDM,D,-0.1882,-1.2533,0.1309,-1.2915,0.0,0.0,-0.6614,-0.0521,0.1912,0.0861,0.0893,391.8,ok
840,8476429,Scott Mayfield,NYI,D,-0.5171,-0.8191,-0.5456,-1.0952,0.0,-0.021,-0.6647,-0.0544,0.856,-0.9981,0.2672,2804.1,ok
841,8476967,Brett Kulak,COL,D,0.593,-0.7024,-2.3546,-0.966,0.0,0.413,-0.6667,-0.0558,1.0,-2.8054,-0.3488,4052.5,ok
842,8482103,Ozzy Wiesblatt,NSH,C,-0.1882,-1.3998,-0.5887,-0.391,0.0,0.0,-0.67,-0.0582,0.2835,-0.7373,-0.0513,430.0,ok
843,8482896,Tyson Kozak,BUF,C,-0.1882,-1.2017,-0.6574,-0.7545,0.0,0.0,-0.6818,-0.0667,0.3863,-1.4315,0.5509,666.7,ok
844,8480001,Urho Vaakanainen,NYR,D,-1.258,-0.7902,-0.1644,-0.5157,0.0,-0.9917,-0.6827,-0.0674,0.5379,-0.6761,0.4559,2271.8,ok
845,8477508,Curtis Lazar,EDM,C,-0.0613,-0.926,-0.7497,-0.5419,0.0,-2.8154,-0.6836,-0.068,0.6035,-1.287,0.2827,1608.5,ok
846,8483466,Kevin Korchinski,CHI,D,-1.6549,-0.5242,0.3584,-1.115,-0.7107,0.0,-0.6935,-0.0751,0.2742,0.1738,0.3063,1740.9,ok
847,8482775,Oliver Kapanen,MTL,C,-1.7848,0.1065,-1.8549,-0.3058,-0.5047,0.6605,-0.6945,-0.0759,0.6117,-0.4251,-2.0596,1115.3,ok
848,8478043,Sam Lafferty,CHI,C,-1.0968,-0.8518,0.2735,-1.341,0.0,0.0,-0.6953,-0.0765,0.5587,-1.5219,1.8883,1663.5,ok
849,8481607,Albert Johansson,DET,D,-0.73,-0.7715,-0.4723,-1.1339,0.0,-0.2998,-0.7,-0.0798,0.7818,-0.5503,-0.0824,2100.7,ok
850,8477953,Kasperi Kapanen,EDM,R,-1.3909,-0.7133,-0.8682,0.2969,-1.4886,0.1649,-0.7037,-0.0825,0.6556,-1.3263,0.1634,2166.9,ok
851,8477919,Frederick Gaudreau,SEA,C,-0.5827,-0.9894,-1.258,0.0946,0.3497,-1.8723,-0.709,-0.0863,0.883,-1.0504,-0.6347,2649.4,ok
852,8478424,Jansen Harkins,ANA,C,-0.6843,-1.3242,-0.6505,-0.5003,0.0,1.309,-0.709,-0.0863,0.6094,-1.9205,1.0491,1334.3,ok
853,8476897,Oskar Sundqvist,STL,C,-1.1004,-0.8453,-0.9519,0.1022,-0.8425,-0.177,-0.7103,-0.0872,0.7248,-1.5668,0.2917,1990.4,ok
854,8479395,Dennis Cholowski,NJD,D,-1.2622,-0.3783,-0.7125,-1.2426,0.0,0.0,-0.7221,-0.0957,0.2663,-1.7042,0.7497,697.6,ok
855,8482090,Jack Finley,STL,C,-0.1882,-1.3455,0.0036,-1.3697,0.0,0.0,-0.7276,-0.0997,0.294,-0.9279,0.9327,391.7,ok
856,8474567,Zach Bogosian,MIN,D,-0.8545,-0.9077,-0.8628,-0.6153,0.0,-0.069,-0.7313,-0.1024,0.6978,-0.5626,-0.5932,2709.3,ok
857,8480007,Jonas Rondbjerg,VGK,R,-0.5833,-1.44,-0.4192,-0.3872,0.0,0.0,-0.7328,-0.1034,0.1107,-1.2759,0.7144,371.4,ok
858,8482703,Colton Dach,EDM,C,-0.7114,-0.9642,-0.9334,-0.6524,0.0,0.0,-0.7366,-0.1061,0.501,-1.152,-0.0983,932.3,ok
859,8482070,Mitchell Chaffee,TBL,R,-0.9952,-0.1071,-2.1007,-0.9954,0.4651,0.0,-0.7381,-0.1073,0.383,-1.6339,-1.1802,1138.0,ok
860,8485512,Tim Washe,ANA,C,-0.1882,-1.5119,0.0035,-1.05,0.0,-0.311,-0.7405,-0.109,0.265,-0.786,0.7906,404.0,ok
861,8483432,Luca Del Bel Belluz,CBJ,C,-0.1882,-1.5548,-0.659,-0.4767,0.0,0.0,-0.7486,-0.1148,0.1533,-2.1934,1.3106,322.4,ok
862,8478443,Brandon Carlo,TOR,D,-0.6248,-0.8541,-0.3157,-1.4726,0.0,-0.5113,-0.7511,-0.1166,0.8161,0.1413,-0.5642,3443.9,ok
863,8483733,Nikita Grebenkin,PHI,R,-0.1882,-1.6322,-0.9279,-0.1017,0.0,0.0,-0.7523,-0.1175,0.3902,-0.809,-0.434,659.9,ok
864,8484806,Sam Dickinson,SJS,D,-1.0974,-0.9985,0.138,-1.0505,0.0,-0.7676,-0.753,-0.118,0.4746,0.5664,-0.3816,1093.2,ok
865,8479393,Noah Gregor,FLA,L,-1.4078,-0.7309,-1.4003,-0.1302,0.0,0.5149,-0.7585,-0.1219,0.5534,-1.8088,-0.067,1493.6,ok
866,8477971,Andreas Englund,NSH,D,-1.9237,-0.5911,0.2261,-1.3553,0.0,0.472,-0.7617,-0.1242,0.2933,-0.6315,0.9344,1470.8,ok
867,8481704,Juuso Parssinen,NYR,C,-1.0608,-0.2332,-1.4661,-0.7211,-1.3885,0.0,-0.7653,-0.1269,0.3942,-1.9341,-0.0298,1195.7,ok
868,8475324,Nick Jensen,OTT,D,0.0428,-1.1307,-1.2261,-0.6768,0.0,-1.478,-0.7687,-0.1293,0.8115,-0.1342,-1.5082,3461.7,ok
869,8480950,Ilya Lyubushkin,DAL,D,-0.2976,-1.0962,-0.9728,-0.9563,0.0,-0.2046,-0.769,-0.1295,0.7877,-0.9026,-0.4006,2955.4,ok
870,8478502,Dennis Gilbert,OTT,D,-0.1924,-1.2316,-0.733,-1.1081,0.0,0.0,-0.769,-0.1295,0.2235,-0.6863,-0.2955,788.0,ok
871,8482947,Zakhar Bardakov,COL,C,-0.1882,-1.8814,-0.4447,-0.1953,0.0,0.0,-0.7692,-0.1297,0.3955,-1.8949,1.2993,423.0,ok
872,8482691,Aatu Rty,VAN,C,-1.8594,-0.8556,-0.3437,-0.3888,0.0,0.0,-0.7826,-0.1393,0.5656,-0.0847,-0.3757,1057.2,ok
873,8482747,Brennan Othmann,CGY,L,-0.1882,-1.0892,-1.3753,-0.8653,0.0,0.0,-0.7866,-0.1422,0.2172,-0.1369,-1.7054,423.7,ok
874,8477070,Liam O'Brien,UTA,C,-1.2219,-0.6169,-1.1211,-0.8602,0.0,0.0,-0.7934,-0.147,0.4848,-1.2194,-0.2824,1310.6,ok
875,8478831,Kevin Stenlund,UTA,C,-0.3728,-0.9047,-1.813,-0.5594,0.0,-0.2653,-0.7953,-0.1484,0.9852,-2.2788,-0.1498,2587.9,ok
876,8476856,Mathew Dumba,PIT,D,-1.0409,-0.7505,-0.726,-0.7676,0.0,-1.6386,-0.7994,-0.1514,0.4469,-0.4207,-0.5518,2293.4,ok
877,8481237,Kyle MacLean,NYI,C,-0.4233,-1.5168,-0.2175,-1.0074,0.0,0.0,-0.8035,-0.1543,0.762,-1.3054,1.0141,1698.6,ok
878,8482666,Scott Morrow,NYR,D,-0.1882,-1.7694,-0.8858,-0.1839,0.0,0.0,-0.8052,-0.1556,0.2498,0.8955,-2.0822,655.1,ok
879,8479293,Brandon Tanev,UTA,L,-0.4083,-1.0414,-1.4739,-0.6852,0.0,-0.3563,-0.817,-0.1641,0.7904,-1.0257,-0.9486,2133.1,ok
880,8479316,Luke Kunin,FLA,C,-1.5238,-0.1971,-1.3948,-0.4993,-1.348,-0.5296,-0.8177,-0.1645,0.8322,-1.1873,-0.6811,2411.9,ok
881,8477506,Ryan Pulock,NYI,D,-1.5611,-0.7993,-0.6662,-0.2124,-0.8373,-0.7138,-0.8218,-0.1675,0.8893,-0.6382,-0.2542,3658.0,ok
882,8481517,Brett Leason,WSH,R,-1.3542,-0.744,-1.0152,-0.6235,0.0,-0.6592,-0.8341,-0.1764,0.3968,-1.3717,0.0118,1410.1,ok
883,8476994,Vinnie Hinostroza,FLA,C,-0.5442,-0.5532,-2.4716,-0.6456,-0.2501,0.0,-0.8453,-0.1844,0.6018,-0.6333,-2.6775,1239.5,ok
884,8476988,Matt Benning,TOR,D,0.0187,-2.0396,-0.0374,-0.9663,0.0,0.0,-0.8496,-0.1875,0.0574,1.6003,-1.6504,305.4,ok
885,8480879,Jacob Bernard-Docker,DET,D,-2.3688,-0.4501,-0.0297,-0.9466,0.0,-1.1273,-0.8541,-0.1907,0.6922,-0.8853,0.8455,2377.1,ok
886,8482073,Braden Schneider,NYR,D,-1.1937,-0.9977,-1.1331,-0.5685,0.0,-0.0613,-0.866,-0.1993,0.9921,-0.5891,-0.9288,3869.7,ok
887,8479442,Troy Stecher,TOR,D,-0.9128,-0.8661,-1.1242,-0.9023,0.0,-1.0265,-0.8732,-0.2045,0.7719,-0.7129,-0.793,2777.7,ok
888,8474574,Tyler Myers,DAL,D,-0.2802,-1.298,-0.9772,-0.7037,-1.1103,-0.5834,-0.884,-0.2123,0.8889,0.2912,-1.6002,3641.7,ok
889,8480144,David Kampf,WSH,C,-1.0644,-1.124,-0.7121,-0.62,0.0,-1.4137,-0.8871,-0.2145,0.6256,-1.704,0.7501,1950.0,ok
890,8475413,Justin Dowling,NYR,C,-0.7126,-1.3991,-0.4491,-1.1594,0.0,0.0,-0.8893,-0.2161,0.2221,-0.984,0.3824,555.5,ok
891,8479378,Logan Stanley,BUF,D,-0.9501,-0.8465,-1.8384,-0.5685,0.0,-0.2442,-0.8964,-0.2212,0.7914,-1.364,-1.0987,2320.0,ok
892,8479387,Keaton Middleton,COL,D,-0.1882,-1.1484,-1.354,-1.4019,0.0,0.0,-0.8991,-0.2232,0.1819,-2.2026,0.3888,471.8,ok
893,8480848,Ty Dellandrea,SJS,C,-0.5772,-1.2362,-1.5599,-0.4643,0.0,-0.6768,-0.906,-0.2281,0.6414,-1.1811,-0.9085,1683.3,ok
894,8475752,Tyler Pitlick,MIN,C,0.1829,-1.5348,-1.0551,-1.4531,0.0,0.0,-0.9108,-0.2316,0.267,-1.1591,-0.2542,579.8,ok
895,8481563,Drew Helleson,ANA,D,-1.8624,-0.982,-1.5936,-0.4877,0.0,2.7186,-0.9193,-0.2377,0.617,-1.4673,-0.6674,1744.8,ok
896,8482131,Donovan Sebrango,FLA,D,-0.1882,-1.9212,-1.4929,-0.0561,0.0,0.0,-0.9355,-0.2494,0.2848,-0.1115,-1.8882,619.1,ok
897,8479369,Andrew Peeke,BOS,D,-1.5106,-0.9351,-0.9912,-0.8537,0.0,-0.105,-0.9381,-0.2512,0.8708,-0.9237,-0.404,3061.9,ok
898,8482964,Arber Xhekaj,MTL,D,-2.0705,-0.6483,-0.445,-1.0859,0.0,-0.8844,-0.9434,-0.255,0.7779,-0.9141,0.318,2295.0,ok
899,8477406,Mattias Janmark,EDM,C,-0.7649,-1.4525,-1.1606,-0.4553,0.0,-0.7198,-0.9475,-0.258,0.7169,-1.479,-0.0756,2067.3,ok
900,8474568,Luke Schenn,BUF,D,-1.3422,-0.8184,-1.5057,-1.0793,0.0,0.8233,-0.9476,-0.2581,0.734,-1.251,-0.766,2531.3,ok
901,8480860,Kevin Bahl,CGY,D,-1.0602,-1.1545,-0.9372,-0.9482,0.0,-0.4954,-0.9478,-0.2582,0.9249,-0.2324,-1.0231,3934.3,ok
902,8476441,Joel Edmundson,LAK,D,-1.4691,-1.0406,-1.0314,-0.7139,0.0,-0.2592,-0.954,-0.2627,0.9166,-0.2042,-1.1773,3344.9,ok
903,8477527,Ross Johnston,ANA,L,-1.0157,-1.7045,-0.7107,-0.4229,0.0,0.0,-0.9626,-0.2688,0.6908,-1.7679,0.8159,1515.0,ok
904,8483768,Victor Mancini,VAN,D,-0.1882,-1.5013,-2.3764,-0.2023,0.0,0.0,-0.9735,-0.2767,0.2808,-1.0534,-2.1298,773.0,ok
905,8482117,Lukas Reichel,BOS,L,-1.7139,-1.238,-0.9098,-0.0994,-0.9091,0.0,-0.9875,-0.2868,0.5751,-0.1076,-1.1111,1852.9,ok
906,8471817,Ryan Reaves,SJS,R,-1.1558,-1.3067,-0.4367,-1.4367,0.0,0.0,-0.9952,-0.2923,0.5488,-1.1231,0.5382,1052.0,ok
907,8480813,Joe Veleno,MTL,C,-2.0085,-1.2211,0.2955,-1.2944,-0.2225,0.1503,-0.9955,-0.2925,0.8266,-0.6754,1.0712,2406.2,ok
908,8481014,Alexander Romanov,NYI,D,-0.8226,-1.4786,-1.1302,-0.7968,0.0,-0.2203,-0.999,-0.2951,0.4855,0.3417,-1.8556,2984.5,ok
909,8483678,Elias Pettersson,VAN,D,-0.1557,-1.3318,-1.4107,-1.4616,0.0,-0.6019,-1.0036,-0.2984,0.5722,-0.2881,-1.6016,1305.4,ok
910,8478454,Noah Juulsen,PHI,D,-1.2773,-1.2212,-0.9904,-1.1248,0.0,0.2612,-1.0162,-0.3075,0.5702,-0.869,-0.4577,1792.4,ok
911,8479026,Philippe Myers,TOR,D,-0.8226,-1.1036,-0.7432,-1.5545,0.0,-1.9174,-1.0307,-0.3179,0.4077,-0.8516,-0.1439,1121.7,ok
912,8484783,Artyom Levshunov,CHI,D,-1.3248,-1.6675,-0.888,-0.6256,0.0658,0.0,-1.0742,-0.3492,0.5129,0.6186,-1.8081,1374.3,ok
913,8476624,Barclay Goodrow,SJS,C,-1.7277,-0.9079,-0.9244,-1.2124,0.0,-1.2081,-1.0809,-0.3541,0.9769,-1.2947,0.0564,2439.8,ok
914,8484386,Dmitri Simashev,UTA,D,-0.1882,-1.6717,-1.5362,-1.296,0.0,0.0,-1.0837,-0.3561,0.1846,-0.8478,-1.2101,408.4,ok
915,8476905,Chandler Stephenson,SEA,C,-2.1072,-0.7239,-2.9632,0.2496,0.6139,-0.3131,-1.0918,-0.3619,0.9595,-1.1787,-2.7906,3208.6,ok
916,8480806,Isac Lundestrm,CBJ,C,-1.2971,-1.5165,-0.6741,-1.039,0.0,-0.6224,-1.0926,-0.3625,0.8365,-2.1554,1.2524,2090.9,ok
917,8481161,Jake Christiansen,CBJ,D,-1.7415,-1.2864,-1.2161,-0.6956,0.0,0.0,-1.1048,-0.3712,0.5524,-0.8653,-0.7637,1354.7,ok
918,8475181,Nick Leddy,SJS,D,-1.67,-1.1896,-1.0398,-0.7529,0.0,-1.7564,-1.1267,-0.387,0.4687,-0.5861,-0.8068,2620.8,ok
919,8482094,Daemon Hunt,MIN,D,-0.1882,-1.8691,-1.963,-0.7849,0.0,0.0,-1.1294,-0.389,0.2347,-1.292,-1.3374,485.9,ok
920,8475235,Nicolas Deslauriers,CAR,L,-1.5088,-1.3764,-0.8342,-1.4193,0.0,0.0,-1.1533,-0.4061,0.4258,-2.684,1.5666,979.6,ok
921,8479324,Ryan Lindgren,SEA,D,-1.9616,-1.1956,-1.3031,-1.0517,0.0,-0.1701,-1.2062,-0.4442,0.911,-0.3925,-1.3531,3600.1,ok
922,8475279,Ben Chiarot,DET,D,-1.5082,-1.1832,-1.3805,-0.909,0.0,-2.405,-1.2106,-0.4474,0.9878,-0.2608,-1.5883,4319.9,ok
923,8483499,Liam Ohgren,VAN,L,-2.2689,-1.0804,-2.2281,-0.2993,0.0,0.0,-1.243,-0.4707,0.5564,-1.5852,-1.3994,1128.4,ok
924,8476879,Cody Ceci,LAK,D,-0.7156,-1.4764,-2.1339,-1.29,0.0,-0.3588,-1.2432,-0.4709,1.0,-0.79,-2.0684,4117.8,ok
925,8480259,Ben Jones,MIN,C,-0.1882,-1.6964,-1.9223,-1.8463,0.0,0.0,-1.2566,-0.4805,0.2874,-1.1141,-1.4609,446.5,ok
926,8477938,Haydn Fleury,WPG,D,-1.9093,-0.9934,-2.1725,-1.1016,0.0,0.1806,-1.2683,-0.4889,0.4443,-1.545,-1.3651,1355.5,ok
927,8477034,Jaycob Megna,VGK,D,0.2448,-1.6541,-2.8208,-1.8421,0.0,-0.0678,-1.3114,-0.52,0.1305,-2.2098,-1.5688,840.0,ok
928,8480870,Bo Groulx,TOR,C,-1.3236,-1.122,-3.2345,-0.472,0.0,-0.881,-1.3139,-0.5217,0.1599,-1.1045,-3.2283,625.7,ok
929,8482451,Mikael Pyyhtia,CBJ,L,-2.2166,-0.9857,-2.5715,-0.7728,0.0,0.5699,-1.3164,-0.5236,0.2469,-2.4544,-0.9903,738.0,ok
930,8475790,Erik Gudbranson,CBJ,D,-1.3536,-1.3561,-2.4037,-0.9965,0.0,-0.2736,-1.3199,-0.5261,0.4357,-1.8266,-1.3933,2052.1,ok
931,8482172,Landon Slaggert,CHI,L,-2.8841,-1.404,-0.4163,-0.98,0.0,-1.3448,-1.3546,-0.5511,0.4997,-0.5674,0.0097,1040.3,ok
932,8474612,Travis Hamonic,DET,D,-2.3375,-1.3635,-1.0671,-1.3926,0.0,-0.5048,-1.3748,-0.5656,0.4838,-0.3188,-1.1106,1845.1,ok
933,8476822,Luke Glendening,PHI,C,-1.7421,-1.3478,-2.4771,-0.8007,0.0,-0.6611,-1.3915,-0.5776,0.8995,-1.848,-1.4702,2041.0,ok
934,8482861,Vincent Iorio,NYR,D,-0.1882,-2.3069,-2.139,-1.3166,0.0,0.0,-1.3995,-0.5834,0.1879,-0.1313,-2.7339,442.6,ok
935,8483460,David Jiricek,PHI,D,-1.4372,-1.9984,-1.7502,-1.027,0.0,0.0,-1.4293,-0.6049,0.2897,0.4957,-2.8403,1042.9,ok
936,8482192,Isaak Phillips,WPG,D,-1.6116,-1.2303,-3.2757,-0.8369,0.0,0.0,-1.4358,-0.6095,0.086,-2.1265,-2.2614,568.8,ok
937,8481567,Henry Thrun,TOR,D,-2.5822,-1.224,-1.691,-1.2405,0.0,-1.0537,-1.4838,-0.6441,0.3477,-1.1002,-1.1649,1873.1,ok
938,8481122,Simon Benoit,TOR,D,-2.4944,-1.3938,-1.7236,-1.4661,0.0,-0.639,-1.5477,-0.6901,0.8952,-1.3434,-0.9653,3200.0,ok
939,8477073,Kurtis MacDermid,OTT,L,-2.1041,-2.1317,-3.389,-0.8067,0.0,0.0,-1.8456,-0.9046,0.2904,-3.5047,-1.0351,426.2,ok
940,8480021,Jack Studnicka,FLA,C,-1.7175,-1.9342,-3.4227,-1.889,0.0,0.0,-1.9036,-0.9463,0.1615,-2.5572,-2.0276,360.5,ok
