player_id,player_name,team,position,slot_kind,slot_idx,slot_minutes,actual_gp_total,actual_gp_weighted_avg,actual_points,actual_ppg,sim_points,sim_gp,sim_ppg,delta_ppg,pct_delta_ppg,avg_toi_per_game,ev_minutes_3yr,gp_w,hist_goal_share,hist_a1_share,hist_a2_share,thin_sample_shares,composite_war,linemate_war,linemate_mult,share_g_norm,share_a1_norm,share_a2_norm,sim_team_gf
8484153,Leo Carlsson,ANA,C,F,2,22,201.0,70.4,58.83,0.835653409090909,65.8,82,0.8024390243902438,-0.03321438470066518,-0.039746603483372916,18.336,2745.9,102.1,0.0963488843813387,0.0657623626373626,0.0679654638034093,False,0.9909,0.778,1.0728,0.1209,0.083,0.0816,261.6
8478873,Troy Terry,ANA,R,F,1,22,214.0,65.9,56.31,0.8544764795144157,62.5,82,0.7621951219512195,-0.09228135756319622,-0.10799753975163615,18.484,3086.5,95.5,0.0669371196754563,0.0779532967032967,0.0777064423289794,False,1.0167,0.765,1.0709,0.0832,0.0974,0.0926,261.6
8484762,Beckett Sennecke,ANA,R,F,3,18,82.0,82.0,60.0,0.7317073170731707,58.4,82,0.7121951219512195,-0.019512195121951237,-0.026666666666666693,17.445,1171.3,82.0,0.1029411764705882,0.0846497252747252,0.089882665485942,True,1.1531,0.815,1.0785,0.0961,0.0889,0.0692,261.6
8474590,John Carlson,ANA,D,D,1,24,232.0,73.7,57.28,0.7772048846675712,55.7,82,0.6792682926829269,-0.09793659198464433,-0.12601129241041004,23.474,4073.8,106.8,0.0351588911426639,0.0849931318681318,0.1104715519149878,False,0.8038,1.007,1.1073,0.0388,0.0944,0.1131,261.6
8475798,Mikael Granlund,ANA,C,F,0,22,210.0,64.8,48.34,0.7459876543209878,54.3,82,0.6621951219512194,-0.08379253236976836,-0.11232428832356203,19.39,2967.3,93.9,0.0684584178498985,0.0612980769230769,0.0681868496789904,False,0.5387,1.004,1.1068,0.0838,0.0755,0.0774,261.6
8483445,Cutter Gauthier,ANA,L,F,6,14,159.0,72.3,58.03,0.802627939142462,52.7,82,0.6426829268292683,-0.1599450123131937,-0.19927665673348102,16.403,2045.8,104.8,0.1384381338742393,0.0640453296703296,0.0537967677662165,False,1.154,0.48,1.0282,0.1184,0.0551,0.046,261.6
8481605,Jackson LaCombe,ANA,D,D,0,24,228.0,79.6,51.55,0.6476130653266332,52.3,82,0.6378048780487805,-0.009808187277852709,-0.015145134962503892,23.505,3884.9,115.3,0.041920216362407,0.0904876373626373,0.0832410892185078,False,1.0071,0.804,1.0768,0.0449,0.0976,0.0851,261.6
8475184,Chris Kreider,ANA,L,F,4,18,225.0,73.8,46.9,0.6355013550135501,49.0,82,0.5975609756097561,-0.03794037940379402,-0.05970149253731341,17.116,2773.3,107.0,0.0799526707234618,0.0568337912087912,0.0549036971441222,False,1.2174,0.783,1.0736,0.088,0.0629,0.0578,261.6
8482745,Mason McTavish,ANA,C,F,7,14,215.0,74.5,43.72,0.5868456375838926,43.4,82,0.5292682926829269,-0.05757734490096578,-0.09811327070269786,15.76,2841.5,108.0,0.0703177822853279,0.065418956043956,0.0664157626743413,False,0.6027,0.755,1.0695,0.0651,0.0609,0.0591,261.6
8473986,Alex Killorn,ANA,L,F,5,18,227.0,80.7,34.17,0.4234200743494424,40.9,82,0.49878048780487805,0.07536041345543565,0.17798025653654248,16.954,2997.4,117.0,0.0669371196754563,0.0386332417582417,0.0420633163604162,False,0.4128,1.185,1.134,0.0786,0.0456,0.0447,261.6
8480068,Ryan Poehling,ANA,C,F,8,14,220.0,73.4,34.24,0.4664850136239782,36.3,82,0.44268292682926824,-0.023802086794709965,-0.05102433325735138,14.797,2652.3,106.5,0.0439486139283299,0.0688530219780219,0.0376355988487934,False,0.3568,0.878,1.0879,0.0441,0.0695,0.0356,261.6
8483490,Pavel Mintyukov,ANA,D,D,3,20,204.0,71.1,21.69,0.3050632911392405,27.1,82,0.3304878048780488,0.025424513738808274,0.08334176702762879,18.26,3101.7,103.1,0.0305949966193373,0.0269574175824175,0.0480407350011069,False,0.0411,0.21,0.9876,0.0323,0.0286,0.0527,261.6
8476885,Jacob Trouba,ANA,D,D,2,20,227.0,79.2,29.03,0.36654040404040406,25.2,82,0.3073170731707317,-0.05922333086967235,-0.16157381346462454,22.19,4009.0,114.8,0.0289046653144016,0.0463598901098901,0.044941332742971,False,0.2096,0.041,0.9624,0.0244,0.0394,0.0405,261.6
8482803,Olen Zellweger,ANA,D,D,5,16,164.0,69.2,20.62,0.29797687861271677,22.2,82,0.2707317073170732,-0.027245171295643578,-0.09143384353339164,17.465,2555.1,100.3,0.0268762677484787,0.0334821428571428,0.0400708434801859,False,0.6167,0.365,1.0109,0.0243,0.0304,0.0367,261.6
8479705,Jeffrey Viel,ANA,L,F,11,10,50.0,34.6,7.41,0.21416184971098265,16.5,82,0.20121951219512196,-0.012942337515860686,-0.060432507159079586,11.771,558.5,46.8,0.0108932461873638,0.0147537647537647,0.0095113931731155,True,0.4525,0.127,0.9752,0.0174,0.0229,0.0272,261.6
8475462,Radko Gudas,ANA,D,D,4,16,203.0,62.7,14.07,0.22440191387559807,16.2,82,0.19756097560975608,-0.026840938265841996,-0.11961100421238757,17.572,3232.3,90.9,0.0087897227856659,0.0317651098901098,0.0314367943325215,False,0.3647,0.617,1.0487,0.0082,0.0297,0.0287,261.6
8478366,Frank Vatrano,ANA,R,F,9,10,213.0,59.7,21.21,0.35527638190954774,16.0,82,0.1951219512195122,-0.16015443069003554,-0.4507882844033532,14.315,2663.6,86.5,0.0434415145368492,0.0159684065934065,0.035421740092982,False,0.3628,0.172,0.982,0.0291,0.0107,0.0248,261.6
8485512,Tim Washe,ANA,C,F,10,10,41.0,29.4,3.7,0.12585034013605442,8.4,82,0.10243902439024391,-0.023411315745810513,-0.18602504943968354,11.976,404.0,39.7,0.0072621641249092,0.0073768823768823,0.0047556965865577,True,-0.109,0.408,1.0173,0.0024,0.0073,0.0272,261.6
8477956,David Pastrnak,BOS,R,F,0,22,241.0,78.6,102.14,1.2994910941475828,101.7,82,1.2402439024390244,-0.05924719170855841,-0.045592610811559534,20.485,3759.8,113.9,0.1231265108783239,0.212431806910233,0.0737622770094207,False,1.4357,0.661,1.0554,0.1413,0.2438,0.0806,257.0
8478401,Pavel Zacha,BOS,C,F,2,22,238.0,79.0,60.24,0.7625316455696203,77.5,82,0.9451219512195121,0.18259030564989187,0.23945275807339736,17.488,3110.5,114.5,0.0944399677679291,0.0679451148950239,0.0944076969332531,False,0.7336,1.012,1.108,0.1333,0.0959,0.1209,257.0
8479987,Morgan Geekie,BOS,C,F,3,18,234.0,79.7,63.34,0.7947302383939774,69.1,82,0.8426829268292683,0.04795268843529088,0.06033832125501552,17.161,3247.9,115.5,0.1521353746978243,0.05653827078856,0.0709561034275405,False,1.0477,0.397,1.0158,0.1641,0.061,0.0757,257.0
8477496,Elias Lindholm,BOS,C,F,1,22,226.0,72.6,47.48,0.6539944903581267,57.5,82,0.7012195121951219,0.047225021836995174,0.0722101218484804,18.065,2971.1,105.2,0.062207896857373,0.0472805422383865,0.0839847664862697,False,0.5889,1.085,1.1189,0.0858,0.0652,0.1041,257.0
8479999,Casey Mittelstadt,BOS,C,F,4,18,232.0,74.0,42.55,0.575,52.2,82,0.6365853658536585,0.06158536585365859,0.1071049840933193,15.856,3217.6,107.3,0.0692989524576954,0.0633162506199371,0.0549208258167969,False,0.3652,0.738,1.0669,0.085,0.0777,0.0635,257.0
8479325,Charlie McAvoy,BOS,D,D,0,24,193.0,64.8,50.86,0.7848765432098765,51.4,82,0.6268292682926829,-0.15804727491719361,-0.2013657769294956,24.292,3465.7,93.9,0.0419016921837228,0.0864605719953711,0.0851874123070755,False,1.2107,0.828,1.0804,0.0453,0.0935,0.0857,257.0
8478042,Viktor Arvidsson,BOS,L,F,6,14,154.0,65.0,44.79,0.689076923076923,45.6,82,0.5560975609756098,-0.13297936210131323,-0.1929818829333637,14.738,1946.0,94.2,0.0857373086220789,0.0502562407009423,0.0699538985768691,False,0.9839,0.101,0.9714,0.0801,0.047,0.0676,257.0
8483489,Fraser Minten,BOS,C,F,5,18,107.0,61.9,25.34,0.40936995153473343,36.7,82,0.4475609756097561,0.03819102407502267,0.0932922016670838,15.326,1323.9,89.8,0.0485092667203867,0.0320714167631013,0.0280617358188013,True,0.429,0.706,1.0622,0.0577,0.0477,0.05,257.0
8476854,Hampus Lindholm,BOS,D,D,1,24,157.0,55.3,21.41,0.3871609403254973,29.2,82,0.35609756097560974,-0.031063379349887565,-0.08023376357070446,21.718,2683.3,80.2,0.0201450443190975,0.0373615473632005,0.0440970134295449,False,0.8278,1.211,1.1378,0.0256,0.0476,0.0496,257.0
8482511,Mason Lohrei,BOS,D,D,5,16,191.0,71.8,26.79,0.37311977715877437,27.9,82,0.34024390243902436,-0.03287587471975001,-0.08811078032392873,17.587,3001.1,104.0,0.0294923448831587,0.0409985121507687,0.05973140910002,False,0.1099,0.053,0.9642,0.0262,0.0364,0.0553,257.0
8482177,Marat Khusnutdinov,BOS,C,F,8,14,168.0,72.3,25.93,0.3586445366528354,27.7,82,0.33780487804878045,-0.020839658604054956,-0.05810672260212778,13.874,1920.7,104.8,0.0381950040290088,0.026615969581749,0.045500100220485,False,0.0552,0.566,1.041,0.0406,0.0283,0.0467,257.0
8477507,Nikita Zadorov,BOS,D,D,2,20,237.0,80.6,21.86,0.2712158808933003,21.3,82,0.2597560975609756,-0.011459783332324669,-0.04225336397920257,20.595,3986.3,116.8,0.0106365834004834,0.0385187634319722,0.0459009821607536,False,0.2477,-0.251,0.9185,0.0096,0.0348,0.0454,257.0
8479661,Tanner Jeannot,BOS,L,F,11,10,199.0,73.1,19.28,0.26374829001367994,18.1,82,0.2207317073170732,-0.04301658269660674,-0.16309710555611787,12.251,2196.0,106.0,0.0294923448831587,0.0294263514630517,0.0356784926839045,False,0.1849,-0.149,0.9338,0.0228,0.0227,0.0296,257.0
8476374,Sean Kuraly,BOS,C,F,9,10,226.0,80.6,20.52,0.254590570719603,17.5,82,0.21341463414634146,-0.041175936573261546,-0.16173394190082263,12.967,2444.7,116.9,0.0246575342465753,0.0451314266820962,0.0236520344758468,False,-0.012,-0.051,0.9486,0.0183,0.0334,0.0186,257.0
8479369,Andrew Peeke,BOS,D,D,3,20,191.0,74.1,14.45,0.1950067476383266,17.2,82,0.2097560975609756,0.014749349922649008,0.07563507468984716,19.087,3061.9,107.4,0.0132151490733279,0.0219871053066622,0.0308679094006814,False,-0.2512,0.248,0.9933,0.0139,0.0232,0.0329,257.0
8480035,Henri Jokiharju,BOS,D,D,4,16,175.0,47.9,14.14,0.29519832985386224,15.5,82,0.18902439024390244,-0.1061739396099598,-0.3596698520026219,17.936,2907.7,69.4,0.0104754230459307,0.0292610348817986,0.0306674684305472,False,0.0533,0.11,0.9727,0.0092,0.0257,0.0278,257.0
8482117,Lukas Reichel,BOS,L,F,10,10,164.0,41.4,11.93,0.2881642512077295,11.6,82,0.14146341463414633,-0.14670083657358315,-0.5090875636333899,12.409,1852.9,60.0,0.0203062046736502,0.0203339394941312,0.017638805371818,False,-0.2868,0.086,0.9692,0.0161,0.0161,0.0145,257.0
8479420,Tage Thompson,BUF,C,F,1,22,228.0,79.1,77.1,0.9747155499367889,90.7,82,1.1060975609756099,0.13138201103882097,0.13479010471038572,19.061,3269.8,114.7,0.1521584271263713,0.08688906128782,0.0549430356486585,False,1.2412,0.855,1.0844,0.188,0.1071,0.067,283.8
8477949,Alex Tuch,BUF,R,F,0,22,236.0,79.4,65.76,0.8282115869017632,73.5,82,0.8963414634146342,0.06812987651287095,0.08226143849029734,19.092,3297.6,115.2,0.102721185354039,0.0654771140418929,0.0729511209114296,False,1.125,0.913,1.0932,0.1277,0.0813,0.0888,283.8
8480839,Rasmus Dahlin,BUF,D,D,0,24,231.0,76.3,71.52,0.9373525557011796,71.2,82,0.8682926829268293,-0.06905987277435033,-0.07367545151961591,24.288,4474.2,110.7,0.0619746402621456,0.1093871217998448,0.1207276736493936,False,1.4145,0.285,0.999,0.0604,0.1064,0.1261,283.8
8480802,Ryan McLeod,BUF,C,F,2,22,241.0,80.5,52.1,0.6472049689440994,66.3,82,0.8085365853658536,0.1613316164217542,0.24927437854033038,17.192,3057.0,116.8,0.0350477275965237,0.0885958107059736,0.061925762587284,False,0.5849,1.183,1.1337,0.0502,0.1266,0.0837,283.8
8475722,Jason Zucker,BUF,L,F,4,18,204.0,65.1,46.03,0.7070660522273426,61.2,82,0.7463414634146341,0.0392754111872915,0.05554701864637576,15.591,2483.0,94.4,0.0913235503632996,0.0591155934833204,0.0446527012127894,False,1.2909,0.859,1.085,0.1129,0.073,0.0545,283.8
8481524,Bowen Byram,BUF,D,D,1,24,237.0,81.4,40.14,0.4931203931203931,51.0,82,0.6219512195121951,0.12883082639180204,0.26125633453643965,22.304,4312.2,118.0,0.0357600797834449,0.0549262994569433,0.0793825799338478,False,0.2852,1.415,1.1684,0.0444,0.068,0.0903,283.8
8482097,Jack Quinn,BUF,R,F,6,14,183.0,76.3,45.9,0.601572739187418,49.3,82,0.6012195121951219,-0.0003532269922961184,-0.0005871725383920227,15.47,2282.3,110.6,0.0678159281948995,0.0704422032583398,0.053840499816244,False,0.338,1.017,1.1087,0.0672,0.0696,0.0515,283.8
8484145,Zach Benson,BUF,L,F,5,18,211.0,67.8,38.48,0.567551622418879,48.3,82,0.5890243902439024,0.021472767825023387,0.03783403478525431,15.504,2644.2,98.3,0.0374697250320558,0.0620636152055857,0.051819184123484,False,0.928,1.04,1.1123,0.0478,0.079,0.0636,283.8
8482659,Josh Doan,BUF,R,F,7,14,144.0,69.6,41.07,0.5900862068965518,42.6,82,0.5195121951219512,-0.07057401177460054,-0.11959949402269776,15.413,1770.7,101.0,0.0757942726884171,0.0679596586501163,0.0312385152517456,False,1.5274,0.422,1.0195,0.0693,0.062,0.03,283.8
8480064,Josh Norris,BUF,C,F,3,18,150.0,47.3,33.97,0.7181818181818183,38.5,82,0.4695121951219512,-0.24866962305986706,-0.3462488422352579,16.682,1863.2,68.6,0.0497221826471007,0.0425135764158262,0.0338110988607129,False,0.7899,1.109,1.1226,0.0594,0.0507,0.0386,283.8
8482671,Owen Power,BUF,D,D,3,20,236.0,80.2,31.93,0.3981296758104738,31.9,82,0.3890243902439024,-0.00910528556657142,-0.022870150405231063,21.654,4227.0,116.2,0.0276392648525431,0.0263770364623739,0.0780962881293642,False,0.3737,0.359,1.01,0.0254,0.0242,0.0762,283.8
8480807,Mattias Samuelsson,BUF,D,D,2,20,181.0,71.6,32.14,0.4488826815642459,28.8,82,0.351219512195122,-0.09766316936912389,-0.21756947501024484,22.0,3165.8,103.8,0.0317709075366861,0.0316524437548487,0.0543917677324513,False,0.359,0.374,1.0122,0.0289,0.0287,0.0523,283.8
8481522,Peyton Krebs,BUF,C,F,11,10,243.0,81.6,34.83,0.42683823529411763,26.5,82,0.3231707317073171,-0.10366750358680055,-0.24287304888552755,13.719,2994.3,118.3,0.0290639692263855,0.0557020946470131,0.0485115766262403,False,0.1037,0.355,1.0094,0.0211,0.0404,0.0374,283.8
8483468,Jiri Kulich,BUF,C,F,8,14,75.0,23.3,9.24,0.3965665236051502,26.0,82,0.3170731707317073,-0.07949335287344289,-0.20045401752718825,15.351,963.6,33.8,0.0196609203590255,0.008533747090768,0.0075339948548327,True,0.5059,0.933,1.0961,0.047,0.0195,0.0324,283.8
8483500,Noah Ostlund,BUF,C,F,10,10,68.0,46.5,20.0,0.43010752688172044,20.9,82,0.2548780487804878,-0.17522947810123263,-0.40740853658536585,13.817,812.2,62.8,0.0336652366856099,0.0299974140160331,0.0276314535777968,True,0.3511,0.231,0.9909,0.0189,0.0299,0.0319,283.8
8479378,Logan Stanley,BUF,D,D,5,16,164.0,69.3,21.45,0.30952380952380953,20.9,82,0.2548780487804878,-0.054645760743321725,-0.17654784240150095,16.38,2320.0,100.5,0.024077503917937,0.0198603568657874,0.0376699742741639,False,-0.2212,0.072,0.967,0.0224,0.0185,0.0389,283.8
8479982,Conor Timmins,BUF,D,D,4,16,132.0,45.0,9.83,0.21844444444444444,10.9,82,0.1329268292682927,-0.08551761517615175,-0.3914845048755675,17.986,1944.8,65.3,0.0032768200598375,0.0100853374709076,0.0345461227489893,False,0.0723,-0.221,0.923,0.0027,0.0082,0.0325,283.8
8479941,Justin Danforth,BUF,R,F,9,10,136.0,22.4,6.86,0.30625,4.9,82,0.059756097560975614,-0.24649390243902441,-0.8048780487804879,14.03,1625.2,32.5,0.0092605784299757,0.0097750193948797,0.00606394707828,False,0.3588,0.227,0.9903,0.0065,0.0068,0.0046,283.8
8480830,Andrei Svechnikov,CAR,R,F,2,22,210.0,75.9,63.45,0.8359683794466403,87.2,82,1.0634146341463415,0.22744625469970126,0.2720751888369949,17.014,2804.2,110.1,0.0935336573869494,0.0901204819277108,0.0647482014388489,False,1.1387,1.382,1.1635,0.1283,0.1276,0.0894,292.5
8478427,Sebastian Aho,CAR,C,F,0,22,236.0,78.9,79.17,1.0034220532319391,82.8,82,1.0097560975609756,0.006334044329036503,0.006312442813704435,19.731,3290.4,114.5,0.0838120489026366,0.1034538152610441,0.0893285371702638,False,1.3388,1.282,1.1485,0.0978,0.1247,0.1063,292.5
8477940,Nikolaj Ehlers,CAR,L,F,3,18,233.0,78.9,68.38,0.8666666666666666,74.5,82,0.9085365853658537,0.0418699186991871,0.0483114446529082,16.375,3017.9,114.3,0.0902931212255118,0.0970281124497992,0.0681454836131095,False,1.3538,1.016,1.1086,0.1003,0.1113,0.08,292.5
8482093,Seth Jarvis,CAR,R,F,1,22,225.0,72.2,66.31,0.9184210526315789,72.4,82,0.8829268292682928,-0.035494223363286115,-0.038647005381228436,18.986,2979.6,104.7,0.0927971718957136,0.0685943775100401,0.0681454836131095,False,1.4256,1.239,1.142,0.1119,0.0854,0.0843,292.5
8482809,Jackson Blake,CAR,R,F,5,18,162.0,75.2,44.76,0.5952127659574468,57.0,82,0.6951219512195121,0.09990918526206538,0.16785457398809914,15.817,2051.4,109.1,0.0646634261305052,0.0616867469879518,0.0575539568345323,False,1.1241,1.131,1.1258,0.0755,0.0744,0.0699,292.5
8475791,Taylor Hall,CAR,L,F,8,14,167.0,74.4,43.52,0.5849462365591398,49.7,82,0.6060975609756097,0.02115132441646994,0.036159433285509274,14.707,2137.5,108.0,0.067167476800707,0.0721285140562248,0.0511590727418065,False,0.8529,0.779,1.073,0.0625,0.0693,0.052,292.5
8476906,Shayne Gostisbehere,CAR,D,D,4,16,206.0,60.4,49.21,0.8147350993377483,46.8,82,0.5707317073170731,-0.24400339202067522,-0.29948800808877835,19.02,3046.0,87.6,0.0422742671969362,0.0628112449799196,0.1001199040767386,False,1.1517,0.806,1.0771,0.0349,0.0536,0.0899,292.5
8473533,Jordan Staal,CAR,C,F,4,18,230.0,75.3,35.59,0.4726427622841966,45.2,82,0.551219512195122,0.07857674991092539,0.16624976870729646,15.948,2907.4,109.2,0.0670201797024598,0.0433734939759036,0.0273780975219824,False,0.9082,1.239,1.142,0.0788,0.0526,0.033,292.5
8482702,Logan Stankoven,CAR,C,F,6,14,183.0,76.3,40.48,0.5305373525557011,43.6,82,0.5317073170731708,0.001169964517469646,0.002205244384459832,15.345,2413.1,110.7,0.0698188245691559,0.0446586345381526,0.0605515587529976,False,0.9505,0.73,1.0657,0.0619,0.0409,0.059,292.5
8480817,K'Andre Miller,CAR,D,D,0,24,226.0,73.0,34.1,0.4671232876712329,36.0,82,0.43902439024390244,-0.02809889742733046,-0.06015306487375729,22.221,4192.6,105.9,0.0299013109441743,0.0425702811244979,0.0523581135091926,False,0.5889,0.538,1.0368,0.0305,0.0449,0.0604,292.5
8482100,Alexander Nikishin,CAR,D,D,5,16,81.0,81.0,33.0,0.4074074074074074,35.8,82,0.4365853658536585,0.029177958446251095,0.07161862527716178,18.184,1228.5,81.0,0.0299013109441743,0.0419277108433734,0.0521582733812949,True,0.8061,1.152,1.1289,0.0426,0.044,0.0478,292.5
8476921,Jordan Martinook,CAR,L,F,7,14,238.0,77.8,30.9,0.397172236503856,30.4,82,0.37073170731707317,-0.026440529186782857,-0.06657194727287076,14.935,3016.4,112.8,0.03947562233024,0.0412851405622489,0.0377697841726618,False,0.607,0.902,1.0914,0.0368,0.0397,0.0378,292.5
8480336,Sean Walker,CAR,D,D,2,20,244.0,81.2,27.24,0.33546798029556646,28.1,82,0.3426829268292683,0.00721494653370186,0.02150710934422141,20.422,4027.7,117.8,0.0281337457652084,0.0321285140562249,0.0505595523581135,False,0.6517,0.094,0.9703,0.0244,0.0287,0.0529,292.5
8478970,Jalen Chatfield,CAR,D,D,3,20,223.0,73.7,17.59,0.23867028493894166,23.9,82,0.2914634146341463,0.052793129695204666,0.22119691066154543,19.48,3590.3,106.8,0.0154661953159522,0.0250602409638554,0.0443645083932853,False,0.0941,0.652,1.0539,0.0153,0.0255,0.0486,292.5
8480762,Eric Robinson,CAR,L,F,10,10,196.0,69.2,20.83,0.3010115606936416,21.4,82,0.26097560975609757,-0.04003595093754403,-0.13300469538540793,11.662,2127.9,100.4,0.0486080424215642,0.0302008032128514,0.0103916866506794,False,0.7016,0.644,1.0528,0.04,0.0257,0.0095,292.5
8476873,Mark Jankowski,CAR,L,F,11,10,160.0,63.6,19.62,0.30849056603773584,19.6,82,0.23902439024390246,-0.06946617579383338,-0.22518087566196754,11.527,1636.1,92.2,0.0425688613934305,0.0212048192771084,0.0197841726618705,False,1.0213,0.485,1.0289,0.0346,0.0178,0.0183,292.5
8480829,Jesperi Kotkaniemi,CAR,C,F,9,10,199.0,53.2,16.03,0.3013157894736842,17.3,82,0.21097560975609758,-0.09034017971758662,-0.29981893705399926,12.475,2336.4,77.2,0.0204742966563558,0.0273092369477911,0.0289768185451638,False,0.2674,0.861,1.0854,0.0162,0.0224,0.0248,292.5
8476958,Jaccob Slavin,CAR,D,D,1,24,200.0,51.8,14.59,0.2816602316602317,14.5,82,0.17682926829268292,-0.10483096336754877,-0.37218943813838423,21.367,3494.9,75.1,0.0070702607158638,0.0106024096385542,0.0299760191846522,False,0.5377,0.589,1.0445,0.0076,0.0117,0.036,292.5
8480893,Kirill Marchenko,CBJ,R,F,0,22,233.0,76.9,66.97,0.8708712613784134,82.9,82,1.0109756097560976,0.14010434837768415,0.1608783692734644,18.676,3384.0,111.5,0.1037986556198218,0.0874738703971699,0.084176446782679,False,0.8194,0.651,1.0539,0.1278,0.1107,0.1077,280.5
8478460,Zach Werenski,CBJ,D,D,0,24,226.0,76.1,79.59,1.0458607095926413,74.7,82,0.9109756097560976,-0.13488509983654373,-0.12897042464582206,26.511,4697.9,110.3,0.0875410348600906,0.1001768773114648,0.1440712262242007,False,1.5312,0.324,1.0048,0.0789,0.0929,0.1416,280.5
8475745,Charlie Coyle,CBJ,C,F,2,22,247.0,82.2,52.59,0.6397810218978103,74.0,82,0.9024390243902439,0.26265800249243365,0.4105435977348934,17.826,3182.1,119.2,0.0803501641394403,0.0850619070590127,0.0645487656819101,False,0.8162,0.653,1.0541,0.1036,0.1128,0.0865,280.5
8484166,Adam Fantilli,CBJ,C,F,1,22,213.0,79.7,55.59,0.6974905897114179,69.5,82,0.8475609756097561,0.1500703858983382,0.21515757791145088,18.413,3123.7,115.6,0.0830076598405502,0.0611030712333172,0.0714285714285714,False,0.4863,0.818,1.0789,0.1061,0.0803,0.0927,280.5
8478975,Mason Marchment,CBJ,L,F,5,18,211.0,67.4,46.03,0.6829376854599406,58.4,82,0.7121951219512195,0.029257436491278876,0.04284056527291324,16.729,2889.0,97.8,0.080819133969048,0.0641582247949831,0.0611088628085795,False,1.0581,0.623,1.0497,0.0905,0.0738,0.0714,280.5
8478856,Conor Garland,CBJ,R,F,4,18,234.0,74.2,38.07,0.5130727762803234,47.8,82,0.5829268292682926,0.0698540529879692,0.13614843004222,17.375,3081.8,107.5,0.0539315304048772,0.0730020903682264,0.0350060704168352,False,0.5951,0.855,1.0844,0.0601,0.0836,0.0394,280.5
8477497,Sean Monahan,CBJ,C,F,3,18,215.0,72.6,42.66,0.587603305785124,47.5,82,0.5792682926829268,-0.008335013102197197,-0.014184762100785666,17.541,2831.8,105.2,0.0508050648741597,0.063032641903843,0.0538243626062323,False,0.6512,0.827,1.0802,0.0558,0.0712,0.06,280.5
8481716,Dmitri Voronkov,CBJ,L,F,8,14,211.0,66.2,35.76,0.5401812688821752,42.2,82,0.5146341463414634,-0.025547122540711786,-0.047293610519997774,14.66,2598.2,96.0,0.0759731123964358,0.0456665058691108,0.0408741400242816,False,1.124,0.399,1.0161,0.0731,0.0452,0.0424,280.5
8478500,Ivan Provorov,CBJ,D,D,1,24,246.0,82.0,31.55,0.3847560975609756,38.8,82,0.47317073170731705,0.08841463414634143,0.22979397781299515,24.279,4604.2,118.9,0.0362670001563232,0.0424505547515677,0.0546337515176042,False,0.3243,1.531,1.1859,0.0421,0.0507,0.0586,280.5
8483485,Denton Mateychuk,CBJ,D,D,3,20,120.0,67.2,26.33,0.39181547619047613,37.4,82,0.4560975609756097,0.06428208478513359,0.1640621381527147,18.986,1963.3,90.8,0.048356000208431,0.0417954535979942,0.033469730353583,False,0.6818,0.974,1.1023,0.0557,0.0495,0.0383,280.5
8476923,Damon Severson,CBJ,D,D,2,20,208.0,70.5,30.03,0.42595744680851066,36.9,82,0.44999999999999996,0.02404255319148929,0.056443556443556274,20.594,3704.1,102.2,0.0295450992652805,0.0493648496542852,0.0607041683528935,False,0.9739,0.682,1.0585,0.0301,0.0517,0.064,280.5
8476432,Boone Jenner,CBJ,C,F,6,14,151.0,56.5,33.21,0.587787610619469,34.0,82,0.4146341463414634,-0.17315346427800565,-0.294585086772277,16.576,2101.1,81.9,0.0506487415976238,0.0559575494452484,0.037434237150951,False,0.7662,0.578,1.0429,0.0442,0.0502,0.0343,280.5
8482705,Cole Sillinger,CBJ,C,F,7,14,224.0,77.1,32.93,0.42710765239948123,32.0,82,0.3902439024390244,-0.036863749960456826,-0.08631020716523599,15.633,2994.2,111.8,0.0278255432233859,0.0437369351985849,0.055847834884662,False,0.0323,0.945,1.098,0.0271,0.0438,0.0543,280.5
8482660,Kent Johnson,CBJ,C,F,9,10,186.0,71.7,30.03,0.4188284518828452,25.6,82,0.3121951219512195,-0.10663332993162566,-0.25459905947710826,14.18,2268.2,104.0,0.0454900734719399,0.0424505547515677,0.0483609874544718,False,0.5544,0.114,0.9733,0.031,0.0297,0.037,280.5
8479671,Mathieu Olivier,CBJ,R,F,10,10,197.0,65.6,26.48,0.4036585365853659,20.4,82,0.24878048780487802,-0.15487804878048786,-0.38368580060422974,14.131,2432.6,95.1,0.0562763795529154,0.0237980382698183,0.027721570214488,False,0.5906,0.096,0.9706,0.0383,0.0167,0.0213,280.5
8479371,Dante Fabbro,CBJ,D,D,5,16,198.0,71.3,14.76,0.20701262272089763,15.0,82,0.18292682926829268,-0.024085793452604948,-0.11634939520126915,17.551,3188.6,103.4,0.0221979052680944,0.0236372407139411,0.0208417644678267,False,0.3651,-0.526,0.8773,0.0176,0.0193,0.0206,280.5
8480806,Isac Lundeström,CBJ,C,F,11,10,193.0,69.1,12.66,0.1832127351664255,11.6,82,0.14146341463414633,-0.04174932053227917,-0.2278734635687591,12.796,2090.9,100.2,0.0167265905893387,0.0114166264672777,0.0248887090246863,False,-0.3625,0.573,1.0421,0.0135,0.0095,0.0211,280.5
8475790,Erik Gudbranson,CBJ,D,D,4,16,131.0,34.8,4.83,0.13879310344827586,5.8,82,0.07073170731707316,-0.0680613961312027,-0.490380245417361,18.063,2052.1,50.4,0.005002344849148,0.0094870557967518,0.009105625252934,False,-0.5261,0.365,1.011,0.0044,0.0087,0.0088,280.5
8474150,Mikael Backlund,CGY,C,F,1,22,240.0,80.6,40.07,0.4971464019851117,61.4,82,0.748780487804878,0.2516340858197664,0.506156908337239,18.218,3357.7,116.8,0.0698543880362062,0.09889857732905,0.0259179265658747,False,0.6561,1.053,1.1142,0.0956,0.1409,0.0354,245.0
8476399,Blake Coleman,CGY,L,F,2,22,229.0,72.8,37.28,0.5120879120879122,59.6,82,0.7268292682926829,0.21474135620477075,0.41934470846854366,17.411,3146.8,105.5,0.0859897678079496,0.0608077099586966,0.0477861771058315,False,1.0795,0.841,1.0824,0.1197,0.0881,0.0683,245.0
8482679,Matt Coronato,CGY,R,F,3,18,191.0,76.1,43.0,0.5650459921156373,57.5,82,0.7012195121951219,0.13617352007948458,0.2409954622802041,16.754,2541.6,110.3,0.0903187721369539,0.0653969710876549,0.0737041036717062,False,0.4653,0.538,1.0369,0.1024,0.0772,0.0895,245.0
8476456,Jonathan Huberdeau,CGY,L,F,0,22,212.0,59.6,35.79,0.6005033557046979,54.3,82,0.6621951219512194,0.06169176624652151,0.102733424651933,18.527,2971.9,86.4,0.0672963400236127,0.0768701239100504,0.0413066954643628,False,1.0269,0.868,1.0864,0.0883,0.105,0.0555,245.0
8480028,Morgan Frost,CGY,C,F,6,14,234.0,81.0,41.41,0.5112345679012346,50.9,82,0.6207317073170732,0.1094971394158386,0.21418179890564906,15.583,2930.9,117.4,0.0895316804407713,0.0803120697567691,0.0745140388768898,False,0.6367,0.289,0.9995,0.0818,0.0764,0.0757,245.0
8480797,Joel Farabee,CGY,L,F,4,18,245.0,81.8,35.69,0.4363080684596577,49.9,82,0.6085365853658536,0.17222851690619595,0.3947406187426962,16.388,3218.8,118.5,0.0789059425423061,0.0690683799908215,0.044816414686825,False,0.5554,0.493,1.0302,0.0909,0.0828,0.0557,245.0
8481068,Yegor Sharangovich,CGY,C,F,5,18,233.0,77.1,31.79,0.4123216601815824,46.4,82,0.5658536585365853,0.15353199835500292,0.37235976952408695,16.278,3020.4,111.8,0.0775285320739866,0.0541532813217072,0.0413066954643628,False,0.521,0.51,1.0327,0.0901,0.0655,0.0516,245.0
8482074,Connor Zary,CGY,C,F,8,14,191.0,68.4,26.1,0.381578947368421,34.8,82,0.424390243902439,0.042811296534017995,0.11219512195121958,14.751,2460.4,99.2,0.0600157418339236,0.0309775126204681,0.0626349892008639,False,0.3949,0.41,1.0177,0.059,0.0317,0.0672,245.0
8478109,Victor Olofsson,CGY,L,F,11,10,185.0,70.8,29.41,0.4153954802259887,31.4,82,0.3829268292682927,-0.03246865095769602,-0.0781632263789486,13.641,2118.1,102.7,0.0692640692640692,0.0491050940798531,0.0647948164146868,False,0.6239,0.288,0.9994,0.0516,0.0381,0.0537,245.0
8480860,Kevin Bahl,CGY,D,D,0,24,231.0,75.7,18.0,0.23778071334214002,30.3,82,0.3695121951219512,0.1317314817798112,0.5540040650406505,21.478,3934.3,109.8,0.020267611176702,0.0351078476365305,0.060475161987041,False,-0.2582,0.142,0.9776,0.0225,0.0406,0.0764,245.0
8476874,Olli Maatta,CGY,D,D,3,20,192.0,53.2,15.93,0.2994360902255639,28.2,82,0.3439024390243902,0.04446634879882633,0.14850029856230765,17.923,3078.4,77.2,0.0121999212908303,0.046810463515374,0.0485961123110151,False,0.4565,0.263,0.9956,0.0138,0.0551,0.0613,245.0
8476458,Ryan Strome,CGY,C,F,9,10,213.0,61.1,27.21,0.4453355155482815,27.6,82,0.33658536585365856,-0.10875014969462293,-0.24419824132089163,14.615,2700.8,88.6,0.0442739079102715,0.0635612666360716,0.0591252699784017,False,0.285,0.458,1.0249,0.0316,0.0472,0.0457,245.0
8480727,Zach Whitecloud,CGY,D,D,2,20,213.0,75.9,15.83,0.2085638998682477,25.3,82,0.30853658536585366,0.09997268549760596,0.479338397300587,19.504,3531.3,110.0,0.0141676505312868,0.0328132170720514,0.054535637149028,False,0.263,0.457,1.0247,0.0151,0.0365,0.0632,245.0
8482165,Yan Kuznetsov,CGY,D,D,1,24,58.0,51.9,10.91,0.21021194605009635,18.9,82,0.23048780487804876,0.02027585882795241,0.0964543605106077,20.071,1017.0,57.1,0.0155629494472469,0.0181484417372439,0.0142352248183781,True,0.1425,-0.258,0.9175,0.0207,0.0178,0.0483,245.0
8484144,Connor Bedard,CHI,C,F,0,22,218.0,71.4,70.72,0.9904761904761904,82.2,82,1.002439024390244,0.011962833914053506,0.012077861163227097,20.649,3547.1,103.5,0.1318236959158916,0.1676300578034682,0.0762942779291553,False,0.375,0.4,1.0163,0.1442,0.1763,0.0844,239.3
8477479,Tyler Bertuzzi,CHI,L,F,3,18,240.0,79.1,54.07,0.6835651074589129,69.6,82,0.848780487804878,0.16521538034596517,0.24169662632450237,17.692,3328.7,114.7,0.1548726243429033,0.086062941554271,0.0746594005449591,False,1.2798,0.621,1.0493,0.167,0.0892,0.0789,239.3
8483493,Frank Nazar,CHI,C,F,1,22,121.0,57.8,33.93,0.5870242214532873,51.6,82,0.6292682926829268,0.04224407122963958,0.07196308037350921,17.768,1608.1,83.8,0.0602507076425394,0.0618711196745878,0.0713896457765667,False,0.2684,0.454,1.0243,0.0772,0.0762,0.0918,239.3
8476882,Teuvo Teravainen,CHI,C,F,4,18,232.0,76.1,41.1,0.5400788436268069,50.8,82,0.6195121951219512,0.0794333514951443,0.14707732478784624,17.481,2886.2,110.3,0.0748079255964415,0.0723613787197602,0.0697547683923705,False,0.5738,0.974,1.1022,0.0858,0.0797,0.0746,239.3
8481624,Ilya Mikheyev,CHI,R,F,5,18,234.0,77.1,35.17,0.4561608300907912,45.9,82,0.5597560975609756,0.10359526747018433,0.22710250559997755,16.774,3109.7,111.8,0.0849171047310958,0.051809034467994,0.0455040871934604,False,0.6674,0.927,1.0952,0.1008,0.0591,0.0507,239.3
8477987,Ryan Donato,CHI,C,F,8,14,239.0,80.6,37.72,0.4679900744416874,43.4,82,0.5292682926829269,0.06127821824123947,0.1309391407805912,15.06,3070.8,116.8,0.0942175495349777,0.0757867694283879,0.0455040871934604,False,0.6838,0.169,0.9816,0.0869,0.0672,0.0439,239.3
8477444,Andre Burakovsky,CHI,L,F,7,14,202.0,73.5,32.79,0.4461224489795918,38.9,82,0.474390243902439,0.0282677949228472,0.0633633097538661,15.831,2590.9,106.5,0.0533764658309745,0.0704345964461571,0.0809264305177111,False,0.3116,0.356,1.0095,0.0481,0.0611,0.0743,239.3
8481568,Alex Vlasic,CHI,D,D,0,24,238.0,80.2,22.83,0.28466334164588525,31.4,82,0.3829268292682927,0.09826348762240744,0.345191927609158,21.641,4289.8,116.3,0.0145572179539021,0.0552344251766217,0.0659400544959128,False,0.0557,-0.349,0.9038,0.0147,0.0538,0.076,239.3
8484185,Nick Lardis,CHI,L,F,11,10,41.0,41.0,15.0,0.36585365853658536,25.0,82,0.3048780487804878,-0.06097560975609756,-0.16666666666666666,12.671,449.4,41.0,0.0586332389809947,0.0124170413187754,0.0158038147138964,True,0.6889,0.602,1.0465,0.067,0.0147,0.0283,239.3
8484783,Artyom Levshunov,CHI,D,D,1,24,85.0,54.3,19.33,0.3559852670349908,24.2,82,0.2951219512195122,-0.0608633158154786,-0.1709714458758659,19.654,1374.3,73.3,0.0086864057749621,0.0308126580873316,0.0860429912201029,True,-0.3492,0.056,0.9645,0.0041,0.0297,0.0818,239.3
8483450,Ryan Greene,CHI,C,F,6,14,82.0,59.8,20.74,0.3468227424749164,23.4,82,0.28536585365853656,-0.06145688881637984,-0.17719970835195345,16.731,1092.6,80.7,0.0390888259873298,0.0505879461135295,0.0292663235442527,True,0.0273,0.498,1.0308,0.0287,0.0367,0.0368,239.3
8476891,Matt Grzelcyk,CHI,D,D,4,16,213.0,71.0,18.69,0.2632394366197183,22.5,82,0.27439024390243905,0.01115080728272072,0.04235994205848963,18.024,3478.1,103.0,0.0018196522442377,0.0642260757867694,0.0501362397820163,False,0.21,0.004,0.9568,0.0016,0.053,0.0462,239.3
8481806,Louis Crevier,CHI,D,D,5,16,133.0,62.5,18.41,0.29456,22.5,82,0.27439024390243905,-0.020169756097560942,-0.06847418555663004,17.083,1991.9,90.6,0.028507885159725,0.0389638193106401,0.0411444141689373,False,0.0041,0.21,0.9877,0.0266,0.035,0.04,239.3
8483506,Sam Rinzel,CHI,D,D,3,20,62.0,41.6,10.93,0.2627403846153846,21.4,82,0.26097560975609757,-0.001764774859287055,-0.006716800928302057,18.486,994.5,56.1,0.0173728115499243,0.0246041374279438,0.0257543647189423,True,-0.0203,0.303,1.0017,0.0275,0.0264,0.0453,239.3
8478233,Andrew Mangiapane,CHI,L,F,10,10,218.0,67.5,20.55,0.30444444444444446,20.1,82,0.24512195121951222,-0.05932249322493224,-0.19485490475342707,12.911,2682.8,97.8,0.047513141932875,0.0393919931492185,0.0247956403269754,False,0.8128,0.54,1.0372,0.0386,0.0307,0.0199,239.3
8482176,Wyatt Kaiser,CHI,D,D,2,20,166.0,69.1,14.14,0.20463096960926197,19.5,82,0.23780487804878048,0.03317390843951851,0.16211577603753383,19.242,2733.4,100.2,0.028507885159725,0.0201241704131877,0.0378746594005449,False,0.3034,-0.02,0.9531,0.0285,0.0194,0.0409,239.3
8484197,Oliver Moore,CHI,C,F,9,10,59.0,39.4,15.11,0.383502538071066,19.1,82,0.2329268292682927,-0.1505757088027733,-0.39263288728188406,12.92,675.6,53.1,0.0217160144374054,0.0308126580873316,0.0509234029669996,True,0.3907,0.751,1.0688,0.015,0.0315,0.041,239.3
8477492,Nathan MacKinnon,COL,C,F,0,22,241.0,79.9,125.24,1.5674593241551937,114.5,82,1.396341463414634,-0.17111786074055968,-0.10916893223547365,22.425,4149.8,115.8,0.142001597018898,0.160670482420278,0.1060680006507239,False,1.7219,1.01,1.1077,0.1523,0.1801,0.1181,304.8
8480039,Martin Necas,COL,C,F,1,22,234.0,78.2,92.66,1.1849104859335038,101.7,82,1.2402439024390244,0.055333416505520594,0.04669839381320646,20.607,3536.5,113.3,0.1155177002927868,0.098119378577269,0.1044411908247926,False,0.9928,1.375,1.1624,0.1414,0.1256,0.1266,304.8
8480069,Cale Makar,COL,D,D,0,24,232.0,76.3,82.9,1.0865006553079948,79.8,82,0.973170731707317,-0.11332992360067773,-0.10430727588337407,25.062,4146.0,110.7,0.0697364918818206,0.1118833469610248,0.098910037416626,False,1.5544,0.843,1.0826,0.0713,0.1196,0.1075,304.8
8475754,Brock Nelson,COL,C,F,2,22,243.0,80.8,63.1,0.780940594059406,77.4,82,0.9439024390243903,0.16296184496498434,0.20867380464612892,19.366,3452.5,117.2,0.1038062283737024,0.0551921504497138,0.0587278347161216,False,1.0275,1.357,1.1598,0.1349,0.075,0.0757,304.8
8475172,Nazem Kadri,COL,C,F,3,18,241.0,78.6,55.83,0.7103053435114504,58.2,82,0.7097560975609757,-0.000549245950474675,-0.0007732532994323742,19.071,3587.0,113.9,0.0715996805962203,0.0686835650040883,0.0541727672035139,False,0.6095,1.225,1.1399,0.076,0.0762,0.058,304.8
8477476,Artturi Lehkonen,COL,L,F,4,18,184.0,68.0,46.31,0.6810294117647059,48.3,82,0.5890243902439024,-0.09200502152080348,-0.13509698690163327,18.946,2717.2,98.7,0.0745275485759914,0.0546470427909512,0.0322108345534407,False,1.3121,0.873,1.0872,0.076,0.0582,0.0347,304.8
8477501,Valeri Nichushkin,COL,R,F,5,18,169.0,63.8,45.66,0.7156739811912225,47.7,82,0.5817073170731708,-0.1339666641180517,-0.1871895131566294,18.265,2397.0,92.5,0.0553633217993079,0.0328427364404469,0.0676752887587441,False,1.1371,0.961,1.1003,0.0592,0.0367,0.0757,304.8
8470613,Brent Burns,COL,D,D,2,20,246.0,82.0,34.1,0.4158536585365854,40.0,82,0.4878048780487805,0.07195121951219507,0.1730205278592374,19.559,3885.7,118.9,0.039925472451424,0.0470155355682747,0.0488042947779404,False,0.5571,-0.056,0.9478,0.0382,0.047,0.0567,304.8
8478038,Devon Toews,COL,D,D,1,24,226.0,70.9,30.62,0.4318758815232722,38.4,82,0.46829268292682924,0.03641680140355702,0.08432237816826234,23.028,4231.6,102.8,0.0180995475113122,0.0332515671845189,0.06279485928095,False,0.8425,1.554,1.1894,0.0221,0.0425,0.0743,304.8
8476455,Gabriel Landeskog,COL,L,F,6,14,60.0,60.0,35.0,0.5833333333333334,31.0,82,0.3780487804878049,-0.2052845528455285,-0.35191637630662026,16.414,802.9,60.0,0.0501730103806228,0.0158081221041155,0.05189523344721,True,0.583,0.312,1.003,0.038,0.0244,0.0474,304.8
8476312,Josh Manson,COL,D,D,4,16,203.0,71.3,26.72,0.3747545582047686,29.7,82,0.3621951219512195,-0.012559436253549106,-0.03351376515262167,17.826,3168.4,103.4,0.0134415757253127,0.0426546742981738,0.0504311046038718,False,0.5405,0.705,1.0619,0.0126,0.0419,0.0514,304.8
8478462,Nicolas Roy,COL,C,F,7,14,215.0,73.0,27.55,0.37739726027397263,28.0,82,0.34146341463414637,-0.03593384563982627,-0.09521490859191714,14.703,2639.4,105.8,0.0379291988288528,0.0339329517579722,0.0239141044411908,False,0.1802,0.514,1.0332,0.0368,0.0344,0.0259,304.8
8480835,Jack Drury,COL,C,F,8,14,228.0,79.0,24.83,0.3143037974683544,27.3,82,0.3329268292682927,0.018623031799938294,0.05925169199335986,13.994,2539.9,114.6,0.029944104338568,0.0310711365494685,0.0281438099886123,False,0.4444,0.382,1.0134,0.03,0.0325,0.032,304.8
8480448,Parker Kelly,COL,C,F,11,10,242.0,81.4,29.97,0.36818181818181817,26.2,82,0.3195121951219512,-0.04866962305986694,-0.1321890996687744,12.645,2450.3,118.0,0.0572265105137077,0.0222131370945761,0.0266796811452741,False,0.4764,0.622,1.0495,0.0469,0.019,0.024,304.8
8479525,Ross Colton,COL,C,F,10,10,214.0,70.6,26.31,0.3726628895184136,23.1,82,0.28170731707317076,-0.09095557244524283,-0.24406930500319818,13.009,2539.6,102.3,0.0335373968591961,0.0384300899427636,0.0245648283715633,False,0.9062,0.407,1.0172,0.0259,0.031,0.0214,304.8
8483565,Nick Blankenburg,COL,D,D,5,16,133.0,57.4,20.48,0.356794425087108,21.3,82,0.2597560975609756,-0.0970383275261324,-0.27197265625,17.484,1949.4,83.2,0.0216928400319403,0.02929953665849,0.0231006995282251,False,0.7048,0.54,1.0373,0.0203,0.0287,0.024,304.8
8476967,Brett Kulak,COL,D,D,3,20,247.0,82.7,15.41,0.18633615477629986,19.4,82,0.23658536585365852,0.05024921107735866,0.2696696791757016,19.093,4052.5,119.9,0.0090497737556561,0.0185336603979285,0.0317227916056613,False,-0.0558,0.557,1.0398,0.0097,0.0208,0.0377,304.8
8481186,Logan O'Connor,COL,R,F,9,10,150.0,32.2,8.17,0.2537267080745341,6.9,82,0.08414634146341464,-0.16958036661111947,-0.6683583604501895,13.479,1783.4,46.7,0.0107798775618844,0.0079040610520577,0.0105742638685537,False,0.3376,0.691,1.0599,0.0084,0.0064,0.0089,304.8
8480027,Jason Robertson,DAL,L,F,2,22,246.0,82.0,91.03,1.1101219512195122,107.7,82,1.3134146341463415,0.20329268292682934,0.183126441832363,19.526,3611.6,118.9,0.1438779716916312,0.080028129395218,0.1152530779753762,False,1.8057,1.303,1.1516,0.1871,0.1055,0.1424,298.8
8482740,Wyatt Johnston,DAL,C,F,1,22,246.0,82.0,80.93,0.9869512195121952,98.6,82,1.2024390243902439,0.21548780487804864,0.21833683430124784,19.619,3457.6,118.9,0.1419541019650955,0.0815752461322081,0.0646374829001368,False,1.4487,1.481,1.1784,0.188,0.1095,0.0795,298.8
8478420,Mikko Rantanen,DAL,R,F,0,22,226.0,69.4,81.52,1.1746397694524495,95.0,82,1.1585365853658536,-0.016103184086595945,-0.013709040427008816,20.699,3695.5,100.7,0.0920709083413494,0.1146272855133614,0.088235294117647,False,1.1569,1.627,1.2003,0.1177,0.1486,0.1028,298.8
8475168,Matt Duchene,DAL,C,F,4,18,219.0,64.6,55.31,0.8561919504643964,61.8,82,0.7536585365853659,-0.10253341387903059,-0.1197551715166403,16.726,2989.9,93.7,0.0644496358389446,0.0720112517580872,0.0524965800273597,False,0.938,1.158,1.13,0.0785,0.089,0.0619,298.8
8478449,Roope Hintz,DAL,C,F,3,18,209.0,60.4,51.0,0.8443708609271523,56.6,82,0.6902439024390244,-0.15412695848812785,-0.1825346724055475,17.195,2628.6,87.6,0.055654802803353,0.0736990154711673,0.0495896032831737,False,1.357,0.949,1.0985,0.0641,0.0861,0.0569,298.8
8480036,Miro Heiskanen,DAL,D,D,0,24,198.0,70.1,53.21,0.7590584878744652,55.4,82,0.6756097560975609,-0.08344873177690426,-0.10993715650368328,25.354,3753.1,101.6,0.0170399890064587,0.0670886075949367,0.1140560875512996,False,1.2105,0.82,1.0792,0.0174,0.0696,0.1184,298.8
8481581,Thomas Harley,DAL,D,D,1,24,227.0,72.6,40.14,0.5528925619834711,48.5,82,0.5914634146341463,0.03857085265067517,0.06976193080316435,22.988,4251.0,105.2,0.025559983509688,0.0538677918424753,0.0718194254445964,False,0.82,1.21,1.1378,0.0304,0.065,0.0822,298.8
8478047,Michael Bunting,DAL,L,F,8,14,231.0,75.0,35.72,0.47626666666666667,41.0,82,0.5,0.02373333333333333,0.049832026875699875,14.801,2920.2,108.7,0.0607393156520544,0.060337552742616,0.0208618331053351,False,1.1136,0.471,1.0268,0.0591,0.0595,0.0216,298.8
8482145,Mavrik Bourque,DAL,C,F,7,14,156.0,74.2,34.31,0.4623989218328841,37.0,82,0.45121951219512196,-0.01117940963776215,-0.02417698032998984,14.817,1979.5,107.7,0.0563418991342586,0.0434599156118143,0.0311217510259917,False,0.7085,0.673,1.0572,0.0564,0.0441,0.0322,298.8
8473994,Jamie Benn,DAL,L,F,9,10,222.0,66.3,40.79,0.6152337858220212,33.2,82,0.40487804878048783,-0.21035573704153332,-0.3419118746225462,14.031,2539.2,96.2,0.0584031881269754,0.0535864978902953,0.0490766073871409,False,0.7203,0.367,1.0112,0.0422,0.0392,0.0383,298.8
8479351,Sam Steel,DAL,C,F,6,14,229.0,74.7,30.45,0.4076305220883534,32.8,82,0.39999999999999997,-0.007630522088353409,-0.01871921182266009,15.371,2751.9,108.3,0.0342173972790985,0.0362869198312236,0.0478796169630643,False,0.2334,0.911,1.0928,0.0341,0.0367,0.0478,298.8
8484829,Justin Hryckowian,DAL,C,F,10,10,86.0,61.3,22.48,0.366721044045677,28.7,82,0.35,-0.016721044045677036,-0.04559608540925277,13.185,943.5,82.8,0.0413275719033586,0.0282492056050424,0.0257131276283123,True,0.6358,0.409,1.0176,0.039,0.0291,0.034,298.8
8476902,Esa Lindell,DAL,D,D,2,20,244.0,81.5,30.14,0.3698159509202454,24.8,82,0.3024390243902439,-0.06737692653000149,-0.18219042840727012,22.793,4212.8,118.2,0.0214374055242545,0.0316455696202531,0.0506155950752394,False,0.6078,-0.212,0.9243,0.0174,0.0261,0.0487,298.8
8475794,Tyler Seguin,DAL,C,F,5,18,115.0,28.1,20.38,0.7252669039145907,23.4,82,0.28536585365853656,-0.43990105025605414,-0.6065367768496135,16.555,1520.7,40.8,0.0322935275525628,0.020253164556962,0.0157318741450068,False,0.9598,1.147,1.1283,0.0397,0.0252,0.0188,298.8
8474574,Tyler Myers,DAL,D,D,3,20,221.0,72.8,15.38,0.2112637362637363,17.3,82,0.21097560975609758,-0.0002881265076387085,-0.0013638237812807527,19.776,3641.7,105.5,0.0074206403737804,0.0196905766526019,0.0294117647058823,False,-0.2123,0.608,1.0474,0.0079,0.0212,0.0326,298.8
8480840,Oskar Bäck,DAL,C,F,11,10,145.0,72.3,13.04,0.18035961272475795,15.8,82,0.1926829268292683,0.012323314104510347,0.06832635044141856,12.187,1457.5,97.5,0.0159406348770097,0.0134448090847528,0.0222234888787556,True,0.0983,0.678,1.0579,0.0092,0.0137,0.0355,298.8
8480950,Ilya Lyubushkin,DAL,D,D,4,16,207.0,61.0,10.14,0.16622950819672133,12.8,82,0.15609756097560976,-0.010131947221111576,-0.060951556261124855,16.378,2955.4,88.4,0.0037103201868902,0.0163150492264416,0.0246238030095759,False,-0.1295,0.147,0.9782,0.0036,0.0158,0.0264,298.8
8480878,Nils Lundkvist,DAL,D,D,5,16,150.0,49.3,10.1,0.20486815415821502,12.4,82,0.15121951219512195,-0.053648641963093074,-0.2618691137406424,16.005,2158.2,71.5,0.0087948330355915,0.0167369901547116,0.01812585499316,False,0.1468,-0.13,0.9368,0.0083,0.0159,0.0199,298.8
8479337,Alex DeBrincat,DET,R,F,2,22,246.0,82.0,80.14,0.9773170731707317,91.4,82,1.1146341463414635,0.13731707317073183,0.14050411779386088,18.306,3507.2,118.9,0.1464421330691761,0.0927763272410791,0.0941627609714529,False,1.4283,1.07,1.1166,0.1905,0.1234,0.1159,252.4
8482078,Lucas Raymond,DET,L,F,1,22,244.0,80.6,76.69,0.9514888337468983,91.2,82,1.1121951219512196,0.1607062882043213,0.1688998152206063,18.722,3447.5,116.9,0.1097903252435198,0.1214969538729329,0.1026842778014486,False,1.0287,1.269,1.1466,0.1434,0.1622,0.1236,252.4
8477946,Dylan Larkin,DET,C,F,0,22,224.0,75.5,67.86,0.8988079470198675,66.2,82,0.8073170731707318,-0.09149087384913579,-0.10179134947848147,20.156,3262.1,109.5,0.1091299323097242,0.0765883376849434,0.0607158074137196,False,1.1107,1.228,1.1405,0.1317,0.0945,0.0679,252.4
8474141,Patrick Kane,DET,R,F,3,18,189.0,67.0,56.79,0.8476119402985075,56.6,82,0.6902439024390244,-0.15736803785948306,-0.1856604778409115,17.804,2679.3,97.2,0.0665345880799075,0.0932985204525674,0.0903280783979548,False,0.6519,0.325,1.0049,0.0655,0.0939,0.0936,252.4
8481542,Moritz Seider,DET,D,D,0,24,246.0,82.0,55.38,0.6753658536585366,53.6,82,0.6536585365853659,-0.02170731707317075,-0.032141567352834986,25.295,4549.9,118.9,0.0383027901601452,0.0891209747606614,0.1265445249254367,False,0.9745,0.105,0.9719,0.0342,0.0814,0.123,252.4
8475753,Justin Faulk,DET,D,D,1,24,216.0,76.8,37.38,0.48671875000000003,42.7,82,0.5207317073170732,0.034012957317073156,0.06988215949575223,22.116,3897.0,111.3,0.0536569258708931,0.0496083550913838,0.0605027694929697,False,0.1049,0.975,1.1024,0.0622,0.0588,0.0673,252.4
8477429,Andrew Copp,DET,C,F,4,18,214.0,73.4,37.48,0.5106267029972751,41.9,82,0.5109756097560976,0.000348906758822487,0.000683291251269225,16.207,2771.2,106.5,0.0270761102856199,0.0640557006092254,0.0717937792927141,False,0.4785,0.412,1.0179,0.0297,0.0718,0.0817,252.4
8477456,J.T. Compher,DET,L,F,5,18,235.0,80.2,30.34,0.37830423940149627,40.0,82,0.4878048780487805,0.10950063864728421,0.28945125970705976,16.146,3096.1,116.3,0.0536569258708931,0.0576153176675369,0.0377077119727311,False,0.1713,0.565,1.041,0.0604,0.0663,0.0431,252.4
8474037,James van Riemsdyk,DET,L,F,11,10,214.0,71.7,32.69,0.4559274755927475,31.8,82,0.3878048780487805,-0.06812259754396699,-0.14941542501995822,12.027,2263.8,104.0,0.069011061581641,0.0433420365535248,0.0517682147422241,False,0.9345,0.388,1.0144,0.0564,0.0362,0.0441,252.4
8484471,Emmitt Finnie,DET,C,F,6,14,82.0,82.0,30.0,0.36585365853658536,27.7,82,0.33780487804878045,-0.028048780487804903,-0.07666666666666673,15.5,1075.0,82.0,0.0574541852402179,0.0454308093994778,0.0432466979122283,True,0.4219,0.259,0.995,0.0404,0.0331,0.0443,252.4
8474102,David Perron,DET,L,F,9,10,184.0,60.4,26.41,0.4372516556291391,24.3,82,0.29634146341463413,-0.14091019221450496,-0.3222633703050397,13.826,2170.6,87.7,0.0582796764074624,0.0309834638816362,0.0475074563272262,False,0.6044,0.553,1.0392,0.0425,0.0231,0.0352,252.4
8483464,Marco Kasper,DET,C,F,7,14,158.0,80.0,23.67,0.295875,24.2,82,0.2951219512195122,-0.0007530487804878194,-0.0025451585314332724,14.208,1997.3,108.0,0.0469918490390671,0.0327176610901589,0.0251700358219318,False,0.5295,0.205,0.987,0.0443,0.0315,0.0254,252.4
8482762,Simon Edvinsson,DET,D,D,2,20,166.0,69.6,24.86,0.35718390804597705,21.2,82,0.25853658536585367,-0.09864732268012338,-0.27618075858956503,21.957,3121.1,100.9,0.0214627703483572,0.0381201044386423,0.0432466979122283,False,0.7633,-0.447,0.8891,0.0169,0.0306,0.0404,252.4
8478891,Mason Appleton,DET,C,F,8,14,218.0,67.6,17.45,0.2581360946745562,19.6,82,0.23902439024390246,-0.01911170443065377,-0.07403731916975329,14.066,2879.4,98.0,0.0297176820208023,0.0302872062663185,0.017895185342991,False,-0.0116,0.476,1.0275,0.0295,0.0307,0.0182,252.4
8475279,Ben Chiarot,DET,D,D,3,20,240.0,81.4,14.86,0.18255528255528253,18.0,82,0.21951219512195122,0.03695691256666869,0.20244230706102503,20.863,4319.9,118.0,0.0224533597490506,0.0252393385552654,0.0264167021729867,False,-0.4474,0.763,1.0707,0.0223,0.0257,0.0259,252.4
8479992,Michael Rasmussen,DET,C,F,10,10,216.0,67.9,17.0,0.2503681885125184,13.2,82,0.16097560975609757,-0.08939257875642084,-0.35704447632711617,13.052,2519.5,98.5,0.0239392438500908,0.0269799825935596,0.0151256923732424,False,0.1722,0.769,1.0716,0.0191,0.022,0.0119,252.4
8481607,Albert Johansson,DET,D,D,4,16,143.0,76.6,10.48,0.13681462140992168,10.7,82,0.13048780487804879,-0.006326816531872892,-0.04624371625395644,16.027,2100.7,103.3,0.0108169916655965,0.0125261902459465,0.0247123988069876,False,-0.0798,-0.566,0.8714,0.0091,0.0108,0.0253,252.4
8474612,Travis Hamonic,DET,D,D,5,16,133.0,35.5,3.48,0.09802816901408451,4.5,82,0.054878048780487805,-0.043150120233596705,-0.44018082422203536,15.491,1845.1,51.5,0.0018160805679379,0.004177545691906,0.0125692373242437,False,-0.5656,-0.08,0.9442,0.0017,0.004,0.0133,252.4
8478402,Connor McDavid,EDM,C,F,0,22,225.0,78.0,128.41,1.6462820512820513,119.2,82,1.4536585365853658,-0.19262351469668548,-0.11700517207648523,22.684,3851.4,113.0,0.1361950941243582,0.1787642471505699,0.1482227922315867,False,2.0192,1.822,1.2294,0.159,0.2109,0.1576,276.8
8477934,Leon Draisaitl,EDM,C,F,1,22,217.0,67.6,99.79,1.476183431952663,106.7,82,1.301219512195122,-0.174963919757541,-0.11852451122968002,21.488,3554.5,97.9,0.137906446092413,0.139622075584883,0.09582264565775,False,1.8336,1.914,1.2434,0.1719,0.1758,0.1075,276.8
8480803,Evan Bouchard,EDM,D,D,0,24,245.0,81.9,87.34,1.0664224664224664,83.5,82,1.0182926829268293,-0.048129783495637124,-0.04513200444576002,24.269,4530.8,118.8,0.0587564175698802,0.1051289742051589,0.1731403444485159,False,1.4796,0.501,1.0313,0.0587,0.1061,0.1877,276.8
8475786,Zach Hyman,EDM,L,F,2,22,211.0,63.1,51.79,0.8207606973058637,64.6,82,0.7878048780487804,-0.03295581925708324,-0.04015277457273513,19.634,3229.8,91.5,0.1041072447233314,0.0482903419316136,0.0360938072554049,False,1.8096,1.926,1.2452,0.1422,0.0667,0.0443,276.8
8476454,Ryan Nugent-Hopkins,EDM,C,F,3,18,230.0,74.0,55.07,0.7441891891891892,53.1,82,0.6475609756097561,-0.09662821357943308,-0.12984361367129194,19.082,3098.7,107.3,0.0744438106103822,0.0754349130173965,0.066874312935141,False,0.7835,0.314,1.0033,0.069,0.0706,0.0692,276.8
8478458,Jack Roslovic,EDM,C,F,5,18,209.0,71.2,36.38,0.5109550561797753,47.4,82,0.5780487804878048,0.06709372430802951,0.13131042250499453,15.223,2747.1,103.2,0.0758699372504278,0.0356928614277144,0.0395749358739465,False,0.4851,0.463,1.0257,0.0901,0.0428,0.0513,276.8
8475218,Mattias Ekholm,EDM,D,D,2,20,226.0,77.7,39.34,0.5063063063063064,38.8,82,0.47317073170731705,-0.033135574598989304,-0.06544570783786142,20.934,4000.4,112.7,0.0231032515687393,0.0506898620275944,0.0796995236350311,False,0.9131,0.04,0.9622,0.0208,0.0461,0.0835,276.8
8483512,Matt Savoie,EDM,C,F,7,14,87.0,57.6,25.76,0.44722222222222224,35.2,82,0.4292682926829269,-0.017953929539295366,-0.04014543251022566,14.731,1050.8,83.5,0.0370792926411865,0.0250449910017996,0.0329791132282887,True,0.6171,0.322,1.0044,0.0572,0.0317,0.0456,276.8
8481617,Vasily Podkolzin,EDM,R,F,6,14,183.0,77.7,31.45,0.4047619047619047,34.7,82,0.4231707317073171,0.018408826945412404,0.04548063127690124,14.749,2352.7,112.6,0.0593268682258984,0.0365926814637072,0.0425064126053499,False,0.6096,0.325,1.005,0.0554,0.0345,0.0442,276.8
8477498,Darnell Nurse,EDM,D,D,1,24,239.0,80.5,26.72,0.3319254658385093,34.5,82,0.42073170731707316,0.08880624147856386,0.26754874397546374,21.359,4419.6,116.7,0.0252424415288077,0.0409418116376724,0.0371931110296812,False,0.501,1.48,1.1781,0.0327,0.0536,0.0458,276.8
8478013,Jake Walman,EDM,D,D,3,20,181.0,56.6,24.9,0.4399293286219081,26.9,82,0.32804878048780484,-0.11188054813410325,-0.2543148202566363,19.944,2991.8,82.0,0.0233884768967484,0.0301439712057588,0.0386588493953829,False,0.0399,0.913,1.0932,0.0251,0.0327,0.0425,276.8
8477450,Jason Dickinson,EDM,C,F,4,18,204.0,63.3,18.0,0.2843601895734597,21.4,82,0.26097560975609757,-0.02338457981736214,-0.08223577235772353,15.663,2642.4,91.8,0.0290929834569309,0.0193461307738452,0.0179552949798461,False,0.1428,0.634,1.0513,0.0344,0.0231,0.0226,276.8
8474641,Adam Henrique,EDM,C,F,8,14,228.0,70.0,20.38,0.29114285714285715,20.1,82,0.24512195121951222,-0.04602090592334493,-0.158069843701381,13.922,2671.9,101.5,0.0223901882487164,0.0347930413917216,0.0135580798827409,False,0.0337,0.613,1.0482,0.0231,0.0363,0.0149,276.8
8476473,Connor Murphy,EDM,D,D,4,16,194.0,74.8,16.86,0.22540106951871658,16.6,82,0.20243902439024392,-0.022962045128472663,-0.10187194398634372,18.313,3156.5,108.4,0.0155447803764974,0.012747450509898,0.0401245877610846,False,0.1838,0.209,0.9876,0.0131,0.0109,0.0384,276.8
8477953,Kasperi Kapanen,EDM,R,F,9,10,181.0,49.5,16.62,0.33575757575757575,13.3,82,0.16219512195121952,-0.17356245380635624,-0.516927885885357,13.697,2166.9,71.8,0.0268111808328579,0.0319436112777444,0.0080615610113594,False,-0.0825,0.015,0.9585,0.0184,0.0221,0.0065,276.8
8479365,Trent Frederic,EDM,C,F,11,10,214.0,70.7,11.21,0.15855728429985858,10.5,82,0.12804878048780488,-0.030508503812053694,-0.19241313287352327,11.788,2546.9,102.5,0.0242441528807758,0.0140971805638872,0.0104433858556247,False,0.2881,-0.17,0.9307,0.0187,0.011,0.0097,276.8
8477406,Mattias Janmark,EDM,C,F,10,10,194.0,53.9,10.69,0.19833024118738404,8.9,82,0.10853658536585366,-0.08979365582153039,-0.4527481804284834,12.377,2067.3,78.1,0.0049914432401597,0.0125974805038992,0.0225357273726639,False,-0.258,0.103,0.9716,0.0038,0.0098,0.02,276.8
8481056,Spencer Stastney,EDM,D,D,5,16,109.0,52.4,7.9,0.15076335877862596,8.4,82,0.10243902439024391,-0.048324334388382045,-0.32053102809509104,15.587,1516.8,76.0,0.0062749572162007,0.0152969406118776,0.007695126419934,False,0.2091,0.184,0.9838,0.0062,0.0153,0.0087,276.8
8477493,Aleksander Barkov,FLA,C,F,1,22,140.0,68.3,73.0,1.0688140556368961,89.3,82,1.0890243902439023,0.020210334607006164,0.018909121282993435,20.11,1910.6,30.8,0.0633961614596781,0.1177736604719929,0.1292659144727677,False,1.6355,1.945,1.2479,0.0944,0.1632,0.1484,262.5
8477933,Sam Reinhart,FLA,C,F,0,22,225.0,68.9,68.1,0.9883889695210448,76.2,82,0.9292682926829269,-0.05912067683811795,-0.059815192865584836,20.988,3133.3,99.8,0.1019364833462432,0.089944416371905,0.0608023401587964,False,1.7131,1.906,1.2421,0.1447,0.1189,0.0669,262.5
8477935,Sam Bennett,FLA,C,F,4,18,221.0,75.5,55.14,0.7303311258278146,62.1,82,0.7573170731707317,0.02698594734291715,0.03695029061280821,18.122,3022.6,109.5,0.0965143299767622,0.0720902812868452,0.0633096531550355,False,1.3307,1.123,1.1246,0.1175,0.0817,0.066,262.5
8473419,Brad Marchand,FLA,L,F,5,18,205.0,58.7,54.17,0.9228279386712095,59.6,82,0.7268292682926829,-0.19599867037852658,-0.2123891813036646,18.039,2637.9,85.0,0.0948102246320681,0.057773286171467,0.0676974508984538,False,1.3754,1.1,1.1212,0.1156,0.0656,0.0709,262.5
8479314,Matthew Tkachuk,FLA,L,F,2,22,163.0,39.4,43.28,1.0984771573604062,59.1,82,0.7207317073170731,-0.37774545004333304,-0.3438810243000767,18.327,2211.8,57.2,0.0587141750580944,0.068047835607209,0.0468031759297952,False,2.1767,1.674,1.2073,0.0928,0.1001,0.059,262.5
8477409,Carter Verhaeghe,FLA,C,F,6,14,234.0,77.9,55.69,0.7148908857509627,51.3,82,0.625609756097561,-0.08928112965340174,-0.12488777159274549,17.701,3320.8,112.9,0.0974438419829589,0.0736061984167087,0.0762641036356038,False,1.1585,0.722,1.0645,0.0894,0.0629,0.0633,262.5
8482113,Anton Lundell,FLA,C,F,3,18,221.0,68.6,43.62,0.6358600583090379,50.2,82,0.6121951219512195,-0.02366493635781841,-0.0372172084857025,18.178,2844.5,99.5,0.0633617350890782,0.0512043119420582,0.0716673631424989,False,0.8698,1.353,1.1591,0.0793,0.0597,0.0745,262.5
8477495,Seth Jones,FLA,D,D,0,24,182.0,55.7,32.9,0.5906642728904847,38.0,82,0.4634146341463415,-0.12724963874414325,-0.21543479872488688,24.104,3310.6,80.8,0.0289697908597986,0.0498568300488462,0.0739657333890514,False,0.5131,0.436,1.0216,0.0321,0.0515,0.0773,262.5
8478055,Gustav Forsling,FLA,D,D,1,24,239.0,79.9,29.48,0.36896120150187733,37.1,82,0.4524390243902439,0.08347782288836658,0.22625095145116994,22.673,4331.5,115.9,0.016266460108443,0.0530570995452248,0.0693689928959465,False,0.4358,0.513,1.0332,0.0194,0.0589,0.0771,262.5
8478542,Evan Rodrigues,FLA,C,F,7,14,231.0,72.9,31.79,0.43607681755829897,32.8,82,0.39999999999999997,-0.036076817558299,-0.08273041837055671,16.373,3048.4,105.7,0.0506584043377227,0.0372241872999831,0.0522356874216464,False,0.794,0.904,1.0918,0.0516,0.0353,0.0469,262.5
8480185,Eetu Luostarinen,FLA,C,F,8,14,235.0,75.3,30.41,0.4038512616201859,30.2,82,0.36829268292682926,-0.03555857869335666,-0.08804870028312253,16.197,2957.1,109.2,0.0416731216111541,0.0419403739262253,0.0442958629335562,False,0.6502,0.976,1.1026,0.0433,0.0406,0.0402,262.5
8477932,Aaron Ekblad,FLA,D,D,2,20,179.0,66.7,27.14,0.4068965517241379,25.4,82,0.3097560975609756,-0.0971404541631623,-0.23873501446878873,22.602,2978.2,96.7,0.0137877614252517,0.0495199595755432,0.0503552026744672,False,0.4383,0.205,0.9869,0.0131,0.0439,0.0468,262.5
8482713,Mackie Samoskevich,FLA,R,F,9,10,156.0,71.0,29.55,0.41619718309859155,24.6,82,0.30000000000000004,-0.1161971830985915,-0.27918781725888314,14.172,1827.7,102.9,0.0512780790085205,0.057773286171467,0.0296698704554951,False,1.0323,0.046,0.9632,0.038,0.0399,0.022,262.5
8484304,Uvis Balinskis,FLA,D,D,5,16,156.0,57.4,14.9,0.2595818815331011,19.9,82,0.2426829268292683,-0.01689895470383279,-0.06510067114093974,15.815,2114.0,83.2,0.0201394268009295,0.0254337207343776,0.0315503552026744,False,0.1902,0.071,0.9669,0.0215,0.0253,0.0335,262.5
8478859,Niko Mikkola,FLA,D,D,3,20,226.0,70.9,14.07,0.19844851904090266,18.5,82,0.22560975609756098,0.02716123705665832,0.13686792518245025,20.288,3900.4,102.8,0.0164213787761425,0.0149907360619841,0.0417885499373171,False,0.205,0.438,1.0219,0.018,0.0153,0.0432,262.5
8480003,Jesper Boqvist,FLA,C,F,10,10,198.0,72.4,15.48,0.21381215469613257,16.4,82,0.19999999999999998,-0.01381215469613259,-0.06459948320413433,12.167,2195.6,105.0,0.0247869868319132,0.0222334512379989,0.0294609277058086,False,0.0547,0.535,1.0365,0.023,0.0192,0.0254,262.5
8477931,Tomas Nosek,FLA,L,F,11,10,116.0,31.2,5.34,0.17115384615384616,10.8,82,0.13170731707317074,-0.03944652908067542,-0.2304741024938339,11.97,1122.6,45.2,0.0048024786986831,0.0072427151760148,0.0112829084830756,True,0.0383,0.543,1.0377,0.0029,0.0134,0.0286,262.5
8475179,Dmitry Kulikov,FLA,D,D,4,16,165.0,35.2,4.52,0.1284090909090909,4.4,82,0.05365853658536586,-0.07475055432372503,-0.5821282106626375,18.399,2527.4,51.1,0.0035631293570875,0.0053899275728482,0.0108650229837024,False,0.0711,0.19,0.9847,0.0033,0.0047,0.0099,262.5
8478550,Artemi Panarin,LAK,L,F,0,22,240.0,78.8,87.69,1.1128172588832488,95.4,82,1.1634146341463416,0.050597375263092825,0.0454678203983546,20.506,3826.3,114.2,0.1365895458440446,0.1279985350668376,0.16013143483023,False,1.3246,0.767,1.0712,0.1536,0.1452,0.1772,249.8
8477960,Adrian Kempe,LAK,R,F,2,22,239.0,80.7,73.14,0.9063197026022305,78.7,82,0.9597560975609757,0.05343639495874519,0.058959763100502285,19.245,3369.4,117.0,0.1324764353041988,0.0957700054934993,0.0674698795180723,False,0.8747,0.992,1.1049,0.1637,0.1194,0.0795,249.8
8482124,Quinton Byfield,LAK,R,F,1,22,240.0,79.6,50.62,0.635929648241206,59.4,82,0.724390243902439,0.08846059566123299,0.13910437405440826,19.434,3440.2,115.3,0.091688089117395,0.0609778428859183,0.0624315443592552,False,0.6585,1.1,1.1211,0.1138,0.0764,0.0729,249.8
8471685,Anze Kopitar,LAK,C,F,3,18,229.0,71.3,47.21,0.6621318373071529,49.3,82,0.6012195121951219,-0.06091232511203093,-0.0919942550410465,19.118,3244.8,103.4,0.0723221936589546,0.0895440395531954,0.0584884994523548,False,0.5868,0.713,1.0631,0.0708,0.0885,0.0568,249.8
8482155,Alex Laferriere,LAK,R,F,5,18,240.0,80.7,42.07,0.5213135068153656,49.2,82,0.6000000000000001,0.0786864931846345,0.15093891133824586,17.549,3284.2,117.0,0.0874035989717223,0.0547518769456143,0.0606790799561883,False,0.2925,0.86,1.0852,0.0952,0.0602,0.0642,249.8
8477942,Kevin Fiala,LAK,L,F,4,18,219.0,63.8,47.1,0.7382445141065831,47.3,82,0.5768292682926829,-0.1614152458139002,-0.21864740303453997,18.839,3197.3,92.5,0.1055698371893744,0.0578648599157663,0.0508214676889375,False,1.1329,0.44,1.0221,0.1009,0.0558,0.0501,249.8
8482730,Brandt Clarke,LAK,D,D,3,20,176.0,76.5,35.97,0.4701960784313725,42.6,82,0.5195121951219512,0.049316116690578726,0.1048841514270023,18.846,2673.2,110.9,0.0257069408740359,0.1069401208569859,0.0538882803943045,False,0.8411,-0.263,0.9168,0.0245,0.1027,0.059,249.8
8479675,Trevor Moore,LAK,L,F,6,14,222.0,70.4,35.66,0.5065340909090909,32.9,82,0.4012195121951219,-0.10531457871396893,-0.20791212398943953,16.865,3034.8,102.0,0.0567266495287061,0.0492583775865226,0.0630887185104052,False,0.7581,0.482,1.0285,0.0474,0.0415,0.054,249.8
8483808,Andrei Kuzmenko,LAK,L,F,7,14,190.0,56.8,29.34,0.5165492957746479,30.6,82,0.37317073170731707,-0.14337856406733085,-0.2775699536136466,15.113,2260.7,82.3,0.0603256212510711,0.0287493133125801,0.0508214676889375,False,0.6831,0.52,1.0341,0.0565,0.0272,0.0485,249.8
8479998,Mikey Anderson,LAK,D,D,1,24,231.0,78.9,20.83,0.26400506970849175,28.2,82,0.3439024390243902,0.07989736931589847,0.30263573879137734,21.074,4174.7,114.3,0.014567266495287,0.0432155282915217,0.0462212486308871,False,0.2585,0.554,1.0393,0.0169,0.0505,0.0543,249.8
8476441,Joel Edmundson,LAK,D,D,2,20,208.0,77.8,21.1,0.2712082262210797,27.5,82,0.3353658536585366,0.0641576274374569,0.23656224713905907,18.871,3344.9,112.8,0.0131962296486718,0.0303973631203076,0.0646221248630887,False,-0.2627,0.841,1.0824,0.0148,0.0344,0.0706,249.8
8476872,Scott Laughton,LAK,C,F,8,14,226.0,69.1,23.97,0.34688856729377715,24.9,82,0.30365853658536585,-0.043230030708411304,-0.1246222412161544,14.529,2707.9,100.2,0.0510711225364181,0.0353415125434902,0.0166484118291347,False,0.2812,0.721,1.0643,0.0512,0.0358,0.0165,249.8
8474563,Drew Doughty,LAK,D,D,0,24,184.0,62.6,23.41,0.37396166134185305,21.9,82,0.2670731707317073,-0.10688849061014577,-0.28582740334024453,23.453,3538.9,90.7,0.0195372750642673,0.0305804797656106,0.0411829134720701,False,0.5543,0.259,0.995,0.0195,0.0307,0.0435,249.8
8475208,Brian Dumoulin,LAK,D,D,5,16,242.0,81.4,18.14,0.22285012285012284,17.9,82,0.21829268292682924,-0.004557439923293605,-0.020450695135396883,18.127,3859.6,118.0,0.0101113967437874,0.0386376121589452,0.0440306681270536,False,0.014,-0.471,0.8856,0.0077,0.0298,0.0401,249.8
8476469,Joel Armia,LAK,R,F,9,10,214.0,70.3,25.97,0.36941678520625887,17.7,82,0.21585365853658536,-0.1535631266696735,-0.41569071254824985,14.225,2431.3,101.9,0.0382176520994001,0.050723310748947,0.0157721796276013,False,0.4496,0.322,1.0045,0.0264,0.0354,0.0114,249.8
8476879,Cody Ceci,LAK,D,D,4,16,246.0,82.5,13.72,0.1663030303030303,14.1,82,0.1719512195121951,0.0056481892091647945,0.03396323686268918,18.634,4117.8,119.7,0.0095972579263067,0.0122688152353048,0.0490690032858707,False,-0.4709,0.014,0.9583,0.0077,0.01,0.0434,249.8
8478472,Mathieu Joseph,LAK,R,F,10,10,183.0,54.6,13.38,0.24505494505494507,12.6,82,0.15365853658536585,-0.09139640846957922,-0.3729629224543367,12.374,2200.9,79.2,0.0097686375321336,0.0205090642739425,0.0359255202628696,False,0.1433,0.475,1.0275,0.0079,0.0168,0.0299,249.8
8481557,Matt Boldy,MIN,L,F,1,22,233.0,77.4,81.0,1.0465116279069766,91.3,82,1.1134146341463413,0.06690300623936474,0.06392953929539298,20.386,3429.9,112.2,0.1301369863013698,0.0921578022680083,0.0790207006369426,False,1.3525,1.428,1.1705,0.1622,0.1204,0.0937,281.7
8478864,Kirill Kaprizov,MIN,L,F,0,22,194.0,68.9,81.52,1.183164005805515,81.3,82,0.9914634146341463,-0.19170059117136873,-0.16202368414753812,22.15,3320.7,99.8,0.1298256537982565,0.0897620188468295,0.0734474522292993,False,1.8297,1.19,1.1347,0.1444,0.1046,0.0801,281.7
8480800,Quinn Hughes,MIN,D,D,0,24,224.0,73.1,77.1,1.0547195622435022,76.9,82,0.9378048780487805,-0.11691468419472162,-0.11084907152573475,27.051,4627.2,106.0,0.0417185554171855,0.1247404567960389,0.1677945859872611,False,1.3485,0.594,1.0452,0.0382,0.1196,0.1635,281.7
8478493,Joel Eriksson Ek,MIN,C,F,2,22,193.0,64.7,46.59,0.7200927357032457,62.6,82,0.7634146341463415,0.04332189844309575,0.060161554609750915,19.316,2587.5,93.8,0.0745641344956413,0.0493531384762817,0.0650875796178344,False,1.0272,1.591,1.1949,0.1001,0.0694,0.0814,281.7
8475692,Mats Zuccarello,MIN,R,F,3,18,197.0,62.1,54.62,0.879549114331723,59.2,82,0.7219512195121952,-0.1575978948195278,-0.17918032347661436,18.935,2917.6,90.0,0.0451432129514321,0.0891231432678485,0.0941480891719745,False,0.7788,0.743,1.0676,0.0452,0.0935,0.0983,281.7
8475149,Marcus Johansson,MIN,L,F,5,18,225.0,74.5,44.07,0.5915436241610739,58.1,82,0.7085365853658536,0.11699296120477976,0.1977757115896549,15.68,3045.1,108.0,0.0523038605230386,0.074588723846031,0.0561305732484076,False,0.6069,0.829,1.0805,0.064,0.0957,0.0708,281.7
8482122,Brock Faber,MIN,D,D,1,24,240.0,79.7,45.41,0.5697616060225846,52.4,82,0.6390243902439025,0.06926278422131782,0.12156449906274017,24.899,4732.6,115.5,0.0521481942714819,0.0578182398977799,0.0782245222929936,False,0.5936,1.349,1.1585,0.0575,0.0668,0.0828,281.7
8477451,Ryan Hartman,MIN,R,F,4,18,219.0,74.2,39.03,0.526010781671159,51.7,82,0.6304878048780488,0.10447702320688979,0.1986214481668261,16.331,2978.6,107.5,0.0823474470734744,0.0538252675291487,0.0322452229299363,False,0.879,0.693,1.0601,0.0949,0.065,0.039,281.7
8475765,Vladimir Tarasenko,MIN,R,F,7,14,231.0,76.3,44.17,0.5788990825688074,47.2,82,0.575609756097561,-0.0032893264712463566,-0.00568203780294537,14.953,2905.3,110.6,0.0825031133250311,0.0592557099504871,0.0419984076433121,False,0.6268,0.483,1.0286,0.0784,0.059,0.0432,281.7
8481553,Bobby Brink,MIN,R,F,6,14,204.0,69.9,32.17,0.4602288984263233,37.3,82,0.45487804878048776,-0.005350849645835543,-0.011626496432822644,14.993,2504.7,101.3,0.0583748443337484,0.0429643826864718,0.0416003184713375,False,0.4085,0.592,1.045,0.0562,0.0433,0.0427,281.7
8473422,Nick Foligno,MIN,L,F,8,14,205.0,60.5,21.34,0.3527272727272727,24.7,82,0.30121951219512194,-0.05150776053215078,-0.14602715614785017,14.108,2511.9,87.7,0.0287982565379825,0.0268327743172017,0.032842356687898,False,0.5571,0.518,1.0338,0.0292,0.0285,0.0358,281.7
8476463,Jonas Brodin,MIN,D,D,3,20,174.0,59.1,19.1,0.32318104906937395,22.9,82,0.2792682926829268,-0.04391275638644715,-0.13587664410675532,21.056,3286.4,85.7,0.0183686176836861,0.0372145024756428,0.0332404458598726,False,0.5758,0.158,0.9799,0.0169,0.0358,0.0347,281.7
8474716,Jared Spurgeon,MIN,D,D,4,16,161.0,71.5,23.24,0.32503496503496504,20.8,82,0.25365853658536586,-0.07137642844959918,-0.21959615465345703,19.841,2647.8,103.7,0.0189912826899128,0.0348187190544641,0.0408041401273885,False,0.8218,0.062,0.9656,0.0146,0.028,0.0361,281.7
8478136,Jake Middleton,MIN,D,D,5,16,222.0,73.4,17.83,0.24291553133514981,19.5,82,0.23780487804878048,-0.005110653286369338,-0.02103880825684293,18.641,3780.1,106.5,0.0165006226650062,0.0321034978437949,0.0290605095541401,False,0.0624,0.822,1.0795,0.0151,0.0308,0.0274,281.7
8475220,Marcus Foligno,MIN,L,F,11,10,188.0,61.0,17.48,0.28655737704918033,14.7,82,0.17926829268292682,-0.1072890843662535,-0.3744069877769716,13.446,2204.9,88.5,0.034090909090909,0.0172496406324868,0.0218949044585987,False,0.7893,0.075,0.9675,0.0242,0.0128,0.0179,281.7
8477446,Michael McCarron,MIN,C,F,9,10,223.0,77.2,16.62,0.21528497409326425,14.0,82,0.17073170731707318,-0.044553266776191064,-0.2069501922456047,13.889,2504.4,111.9,0.0272415940224159,0.0188468295799393,0.0226910828025477,False,0.1591,0.39,1.0147,0.0196,0.0142,0.0179,281.7
8477952,Robby Fabbri,MIN,C,F,10,10,133.0,29.8,9.52,0.3194630872483221,8.6,82,0.1048780487804878,-0.21458503846783433,-0.6717052674728429,13.542,1558.0,43.2,0.0202366127023661,0.0159718894745248,0.004578025477707,False,-0.0087,0.474,1.0273,0.0151,0.0125,0.0037,281.7
8481540,Cole Caufield,MTL,R,F,1,22,245.0,81.3,82.07,1.009471094710947,101.9,82,1.2426829268292683,0.2332118321183212,0.23102378397976744,18.243,3526.7,117.9,0.1785164666051092,0.10096,0.0531738730450781,False,1.3115,1.107,1.1222,0.2395,0.1239,0.0672,269.7
8480018,Nick Suzuki,MTL,C,F,0,22,246.0,82.0,96.45,1.176219512195122,97.6,82,1.1902439024390243,0.01402439024390234,0.011923276308968294,20.668,3757.8,118.9,0.0951061865189289,0.16176,0.1278748850045998,False,1.1146,1.206,1.137,0.1141,0.1775,0.1426,269.7
8483515,Juraj Slafkovský,MTL,L,F,2,22,243.0,81.3,66.1,0.8130381303813038,85.6,82,1.0439024390243903,0.2308643086430865,0.28395262167447705,18.216,3444.5,117.8,0.1021852877808556,0.09936,0.0822447102115915,False,1.0995,1.213,1.1381,0.1392,0.1238,0.1041,269.7
8483457,Lane Hutson,MTL,D,D,1,24,166.0,76.5,69.86,0.913202614379085,66.1,82,0.8060975609756097,-0.10710505340347531,-0.11728509283375123,23.501,3130.8,110.9,0.0341643582640812,0.09984,0.1501379944802207,False,1.5198,0.061,0.9653,0.0334,0.0892,0.1607,269.7
8484984,Ivan Demidov,MTL,R,F,4,18,84.0,61.3,46.44,0.7575856443719413,57.0,82,0.6951219512195121,-0.06246369315242917,-0.08245099892859405,15.482,977.6,82.7,0.0606625400408102,0.0768177777777777,0.0592865174281917,True,0.8747,0.396,1.0156,0.0589,0.1046,0.0668,269.7
8480865,Noah Dobson,MTL,D,D,2,20,230.0,77.8,46.66,0.5997429305912596,41.0,82,0.5,-0.0997429305912596,-0.16630947278182592,22.799,4282.5,112.8,0.0463219452139119,0.07056,0.0743330266789328,False,0.5896,0.239,0.992,0.04,0.0557,0.0683,269.7
8476875,Mike Matheson,MTL,D,D,0,24,240.0,78.8,37.28,0.47309644670050766,38.3,82,0.4670731707317073,-0.006023275968800368,-0.01273160263791494,24.488,4421.3,114.2,0.0221606648199446,0.05152,0.0745170193192272,False,0.0609,1.52,1.1842,0.0255,0.0542,0.0765,269.7
8482775,Oliver Kapanen,MTL,C,F,8,14,100.0,65.4,27.93,0.4270642201834862,30.2,82,0.36829268292682926,-0.05877153725665696,-0.13761756307144166,14.219,1115.3,88.3,0.0661172098537441,0.0171851851851851,0.0304337456131384,True,-0.0759,0.251,0.9938,0.0519,0.0235,0.0441,269.7
8478133,Jake Evans,MTL,C,F,5,18,232.0,72.3,27.17,0.3757952973720609,26.4,82,0.32195121951219513,-0.05384407785986578,-0.14328033968598805,15.462,2815.4,104.9,0.0275469375192366,0.03088,0.0292548298068077,False,0.2688,0.699,1.061,0.0337,0.0346,0.0357,269.7
8481618,Alex Newhook,MTL,C,F,6,14,179.0,52.6,25.86,0.49163498098859315,25.4,82,0.3097560975609756,-0.18187888342761754,-0.3699469941335144,14.905,2303.7,76.2,0.0552477685441674,0.03456,0.0218951241950322,False,0.3916,0.017,0.9588,0.0493,0.0282,0.0216,269.7
8481523,Kirby Dach,MTL,C,F,7,14,96.0,39.4,15.79,0.400761421319797,24.2,82,0.2951219512195122,-0.1056394701002848,-0.26359690449342754,14.359,1186.4,57.1,0.0332409972299169,0.01296,0.027046918123275,True,0.1102,0.158,0.9799,0.0405,0.0153,0.0423,269.7
8476479,Phillip Danault,MTL,C,F,3,18,233.0,76.4,25.34,0.33167539267015705,24.1,82,0.2939024390243903,-0.03777295364576677,-0.11388530617744994,16.272,3118.1,110.8,0.025854108956602,0.04432,0.0163753449862005,False,0.5227,0.572,1.042,0.0295,0.0463,0.019,269.7
8479339,Patrik Laine,MTL,R,F,10,10,75.0,17.2,9.28,0.5395348837209302,24.1,82,0.2939024390243903,-0.2456324446965399,-0.4552670311185869,14.033,826.6,25.0,0.0163127116035703,0.0113599999999999,0.0051517939282428,True,0.4744,0.099,0.971,0.0428,0.0274,0.0247,269.7
8478851,Alexandre Carrier,MTL,D,D,4,16,225.0,74.4,22.59,0.3036290322580645,20.8,82,0.25365853658536586,-0.04997049567269862,-0.1645774625076927,19.449,3682.2,108.0,0.0257002154509079,0.0344,0.039374425022999,False,0.3535,0.324,1.0049,0.0211,0.0258,0.0339,269.7
8480074,Alexandre Texier,MTL,L,F,11,10,160.0,48.0,19.21,0.40020833333333333,16.4,82,0.19999999999999998,-0.20020833333333335,-0.5002602811035919,13.643,1959.6,69.7,0.033548784241305,0.02304,0.0292548298068077,False,-0.0009,0.337,1.0067,0.0245,0.0154,0.0225,269.7
8482087,Kaiden Guhle,MTL,D,D,3,20,164.0,45.0,13.45,0.29888888888888887,15.7,82,0.19146341463414634,-0.10742547425474253,-0.3594160848671683,20.117,2929.0,65.2,0.0138504155124653,0.0217599999999999,0.0252069917203311,False,0.239,0.59,1.0446,0.0143,0.0205,0.0263,269.7
8481593,Jayden Struble,MTL,D,D,5,16,171.0,58.1,12.1,0.2082616179001721,15.4,82,0.1878048780487805,-0.020456739851391625,-0.0982261640798226,14.375,2452.9,84.2,0.0089258233302554,0.02256,0.0239190432382704,False,0.3244,0.353,1.0092,0.0099,0.023,0.0279,269.7
8476981,Josh Anderson,MTL,R,F,9,10,231.0,74.6,23.76,0.31849865951742634,15.1,82,0.18414634146341463,-0.1343523180540117,-0.4218300895130165,14.204,2841.5,108.2,0.0458602646968298,0.01744,0.021343146274149,False,0.199,0.237,0.9917,0.0317,0.011,0.0157,269.7
8479407,Jesper Bratt,NJD,L,F,2,22,245.0,81.8,75.93,0.9282396088019561,96.1,82,1.171951219512195,0.24371161071023895,0.2625524793375154,18.845,3403.3,118.5,0.0894603404563563,0.1392282334690711,0.1163284568192543,False,1.4918,1.556,1.1896,0.1159,0.1795,0.145,262.6
8480002,Nico Hischier,NJD,C,F,1,22,228.0,79.6,66.79,0.8390703517587941,83.0,82,1.0121951219512195,0.17312477019242545,0.2063292664667924,20.566,3284.9,115.3,0.1285766026801883,0.0963738607717665,0.0865974516281264,False,1.4826,1.56,1.1903,0.1527,0.1139,0.0989,262.6
8481559,Jack Hughes,NJD,C,F,0,22,185.0,61.3,75.1,1.2251223491027732,82.0,82,1.0,-0.22512234910277318,-0.18375499334221035,21.191,3001.8,88.9,0.1126403477001086,0.1215823152995927,0.0844738084001887,False,1.6291,1.487,1.1793,0.1286,0.1382,0.0937,262.6
8482684,Luke Hughes,NJD,D,D,0,24,221.0,69.7,38.0,0.5451936872309899,54.1,82,0.6597560975609756,0.11456241032998571,0.21013157894736853,22.431,3997.0,101.0,0.028250633828323,0.0769827419042078,0.0998112317130722,False,0.3914,1.078,1.118,0.0315,0.0855,0.114,262.6
8478414,Timo Meier,NJD,R,F,3,18,226.0,77.2,46.72,0.6051813471502591,53.6,82,0.6536585365853659,0.048477189435106816,0.08010357500835287,18.296,3411.6,111.9,0.1063020644693951,0.0651541593949971,0.0571024067956583,False,1.1905,0.548,1.0383,0.1013,0.0618,0.06,262.6
8477015,Connor Brown,NJD,R,F,5,18,228.0,76.4,37.72,0.49371727748691097,48.4,82,0.5902439024390244,0.0965266249521134,0.1955099190440473,16.329,2759.9,110.8,0.0612097066280333,0.0544890440178398,0.0630014157621519,False,0.4331,0.926,1.0952,0.0689,0.0611,0.0742,262.6
8476462,Dougie Hamilton,NJD,D,D,1,24,161.0,69.9,37.66,0.538769670958512,47.5,82,0.5792682926829268,0.04049862172441476,0.07516871106045121,21.157,2687.7,101.4,0.0474465773270554,0.0484777971688966,0.0837659273242095,False,1.0784,0.391,1.0149,0.051,0.0518,0.1015,262.6
8482110,Dawson Mercer,NJD,C,F,4,18,246.0,82.0,39.93,0.4869512195121951,44.7,82,0.5451219512195122,0.058170731707317125,0.11945905334335097,18.074,3410.9,118.9,0.0709887721839913,0.0637967810742679,0.0467201510146295,False,0.6623,0.812,1.078,0.0711,0.0636,0.0497,262.6
8481721,Arseny Gritsyuk,NJD,R,F,6,14,66.0,66.0,31.0,0.4696969696969697,38.1,82,0.46463414634146344,-0.005062823355506285,-0.010778914240755316,15.174,898.0,66.0,0.068272365085114,0.0731045181306961,0.034214252005663,True,0.6761,0.801,1.0764,0.0478,0.064,0.0441,262.6
8479996,Cody Glass,NJD,C,F,7,14,176.0,66.8,24.14,0.36137724550898204,33.2,82,0.40487804878048783,0.043500803271505795,0.12037504799240212,13.616,2041.2,96.8,0.0782325244476638,0.0302501454333915,0.0158093440302029,False,0.4207,0.929,1.0956,0.0822,0.0316,0.0174,262.6
8476474,Stefan Noesen,NJD,R,F,8,14,197.0,50.6,17.28,0.341501976284585,23.4,82,0.28536585365853656,-0.056136122626048446,-0.16438008130081314,13.321,2182.2,73.4,0.0362187613183629,0.0331588132635253,0.020292590844738,False,1.1823,0.548,1.0385,0.0369,0.0336,0.0228,262.6
8478399,Jonas Siegenthaler,NJD,D,D,3,20,194.0,73.8,13.83,0.18739837398373985,17.6,82,0.21463414634146344,0.027235772357723592,0.14533622559652937,19.493,3285.8,107.0,0.002897500905469,0.0098894706224549,0.0547428032090608,False,0.1212,0.244,0.9929,0.0028,0.0094,0.06,262.6
8483495,Simon Nemec,NJD,D,D,4,16,155.0,57.6,20.21,0.35086805555555556,17.5,82,0.21341463414634146,-0.1374534214092141,-0.39175245290305455,19.152,2592.2,83.5,0.0249909453096704,0.0321892573201473,0.0278433223218499,False,0.2454,0.226,0.99,0.0193,0.0247,0.0248,262.6
8481032,Paul Cotter,NJD,L,F,11,10,234.0,78.8,17.38,0.22055837563451777,16.4,82,0.19999999999999998,-0.02055837563451779,-0.09321058688147306,11.395,2713.7,114.2,0.0396595436436073,0.0160946286600736,0.020292590844738,False,-0.0002,0.39,1.0147,0.0329,0.0133,0.019,262.6
8475760,Nick Bjugstad,NJD,C,F,10,10,203.0,63.2,13.9,0.2199367088607595,14.4,82,0.175609756097561,-0.04432695276319851,-0.2015441305492191,11.824,2367.4,91.7,0.0338645418326693,0.022493697886368,0.0143935818782444,False,0.3935,0.193,0.9852,0.0263,0.0174,0.013,262.6
8477488,Brett Pesce,NJD,D,D,2,20,179.0,47.7,9.83,0.2060796645702306,12.8,82,0.15609756097560976,-0.04998210359462085,-0.24253777634419274,20.673,3158.6,69.2,0.0056139080043462,0.02811712235796,0.0205285512033978,False,0.2444,0.121,0.9744,0.0049,0.0246,0.0212,262.6
8480192,Johnathan Kovacevic,NJD,D,D,5,16,177.0,47.3,10.52,0.22241014799154335,11.7,82,0.14268292682926828,-0.07972722116227507,-0.3584693499026246,18.55,2779.4,68.5,0.0034407823252444,0.0211363195656389,0.0302029259084473,False,0.2256,0.245,0.993,0.0027,0.0168,0.0278,262.6
8474149,Evgenii Dadonov,NJD,L,F,9,10,155.0,39.4,11.93,0.30279187817258885,11.3,82,0.1378048780487805,-0.16498700012380835,-0.5448858176762824,12.292,1841.8,57.1,0.0307859471206084,0.0126042272639131,0.0148655025955639,False,0.3868,0.197,0.9857,0.023,0.0094,0.0129,262.6
8476887,Filip Forsberg,NSH,L,F,1,22,246.0,82.0,76.55,0.9335365853658536,93.8,82,1.1439024390243901,0.21036585365853655,0.22534291312867405,18.826,3552.5,118.9,0.1809342230695901,0.1225991009399264,0.0904839841010054,False,1.3791,1.133,1.1262,0.2076,0.1468,0.0966,243.3
8474564,Steven Stamkos,NSH,C,F,2,22,243.0,81.8,63.9,0.7811735941320294,79.3,82,0.9670731707317073,0.18589957659967793,0.2379747318599946,17.896,3324.9,118.6,0.1620591039084842,0.0692684920310584,0.0769230769230769,False,1.1398,1.253,1.1442,0.1988,0.0886,0.0864,243.3
8475158,Ryan O'Reilly,NSH,C,F,0,22,242.0,80.6,68.59,0.8509925558312657,77.9,82,0.9500000000000001,0.09900744416873442,0.11634349030470903,20.018,3412.3,116.8,0.1153479504289799,0.1301593788312219,0.0918868365676876,False,1.127,1.259,1.1451,0.1266,0.149,0.0923,243.3
8482146,Luke Evangelista,NSH,R,F,5,18,229.0,77.8,49.03,0.6302056555269924,60.2,82,0.7341463414634146,0.10394068593642225,0.1649313760117,15.853,2887.2,112.8,0.0518589132507149,0.1230077646097262,0.0925882628010287,False,1.0336,0.471,1.0268,0.0527,0.1304,0.0961,243.3
8474600,Roman Josi,NSH,D,D,0,24,203.0,65.3,52.97,0.8111791730474732,52.2,82,0.6365853658536585,-0.17459380719381468,-0.21523457824723613,24.886,3864.7,94.8,0.0551000953288846,0.1064568859828361,0.1155015197568389,False,1.0893,0.213,0.9882,0.0458,0.0923,0.1018,243.3
8476539,Jonathan Marchessault,NSH,C,F,3,18,222.0,67.2,39.66,0.5901785714285713,47.4,82,0.5780487804878048,-0.012129790940766494,-0.02055274713110208,17.163,3030.8,97.5,0.0781696854146806,0.0729464650592562,0.0661678746785129,False,0.4178,0.779,1.073,0.0767,0.0747,0.0634,243.3
8475287,Erik Haula,NSH,L,F,4,18,226.0,77.8,33.69,0.43303341902313625,40.0,82,0.4878048780487805,0.05477145902564423,0.12648321496572043,16.266,2852.9,112.8,0.0674928503336511,0.0339190845933796,0.0713116670563479,False,0.5242,0.726,1.065,0.0694,0.0364,0.0721,243.3
8484241,Matthew Wood,NSH,R,F,6,14,77.0,54.1,22.48,0.4155268022181146,37.1,82,0.4524390243902439,0.036912222172129305,0.08883234962242861,12.3,812.5,73.1,0.0614341701090986,0.045429777959406,0.0150676746421427,True,0.6691,0.008,0.9573,0.0674,0.0563,0.0386,243.3
8476869,Brady Skjei,NSH,D,D,1,24,244.0,81.9,29.14,0.35579975579975576,33.6,82,0.40975609756097564,0.053956341761219884,0.1516480573179104,22.346,4254.1,118.7,0.0221163012392755,0.0543522680833673,0.0668693009118541,False,0.2134,1.089,1.1196,0.0232,0.0594,0.0656,243.3
8482768,Fedor Svechkov,NSH,C,F,7,14,122.0,65.3,17.0,0.26033690658499237,22.9,82,0.2792682926829268,0.018931386097934433,0.07271879483500696,12.243,1358.4,88.2,0.0223210818063058,0.0368705444308223,0.037166930783952,True,-0.0003,0.342,1.0075,0.0165,0.0367,0.0475,243.3
8480246,Nick Perbix,NSH,D,D,3,20,230.0,77.7,15.21,0.19575289575289576,18.6,82,0.22682926829268293,0.031076372539787178,0.15875306682060905,17.955,3525.3,112.6,0.0194470924690181,0.0218635063342868,0.0413841477671265,False,-0.0429,0.03,0.9608,0.0181,0.0213,0.0421,243.3
8482482,Adam Wilsby,NSH,D,D,4,16,81.0,48.9,13.15,0.2689161554192229,17.9,82,0.21829268292682924,-0.050623472492393684,-0.18825002318464265,17.141,1270.8,66.0,0.0014334639692123,0.0219467526373942,0.0386736982481663,True,0.3435,0.298,1.0009,0.016,0.0229,0.0388,243.3
8479370,Tyson Jost,NSH,C,F,8,14,151.0,60.0,13.62,0.22699999999999998,16.7,82,0.20365853658536584,-0.02334146341463414,-0.10282583002041472,12.003,1544.1,87.0,0.0293612964728312,0.0104209235798937,0.0303951367781155,False,0.0155,0.334,1.0064,0.0301,0.0111,0.0324,243.3
8479980,Nicolas Hague,NSH,D,D,2,20,203.0,64.2,14.07,0.2191588785046729,16.0,82,0.1951219512195122,-0.024036927285160686,-0.1096780903843153,18.872,3341.1,93.1,0.0175405147759771,0.0200245198201879,0.039046060322656,False,0.0304,-0.043,0.9498,0.0154,0.0183,0.0378,243.3
8482111,Justin Barron,NSH,D,D,5,16,162.0,54.1,10.24,0.18927911275415896,13.9,82,0.16951219512195123,-0.019766917632207726,-0.10443264100609746,15.397,2451.0,78.5,0.0099142040038131,0.013281569268492,0.0411503390226794,False,0.2981,0.344,1.0077,0.0091,0.0126,0.0391,243.3
8482103,Ozzy Wiesblatt,NSH,C,F,9,10,45.0,30.9,3.96,0.12815533980582525,11.6,82,0.14146341463414633,0.013308074828321081,0.1038433111603842,10.221,430.0,41.8,0.0040956113406065,0.0147043242670541,0.0050225582140475,True,-0.0582,0.0,0.9562,0.0013,0.0203,0.0292,243.3
8477500,Bo Horvat,NYI,C,F,1,22,230.0,72.0,57.76,0.8022222222222222,73.1,82,0.8914634146341462,0.08924119241192408,0.11124248361597185,20.52,3392.4,104.4,0.123508137432188,0.0633293124246079,0.0746340292776577,False,0.7341,0.863,1.0856,0.1512,0.0817,0.0903,258.6
8478445,Mathew Barzal,NYI,C,F,0,22,191.0,68.6,60.0,0.8746355685131196,71.3,82,0.8695121951219512,-0.005123373391168418,-0.00585772357723589,20.577,3062.0,99.5,0.0625678119349005,0.1145958986731001,0.0847132229421646,False,1.1293,0.665,1.056,0.0743,0.1434,0.1022,258.6
8485366,Matthew Schaefer,NYI,D,D,0,24,82.0,82.0,59.0,0.7195121951219512,60.0,82,0.7317073170731707,0.012195121951219523,0.0169491525423729,24.683,1538.4,82.0,0.0839059674502712,0.0757941294732609,0.1043916486681065,False,1.3257,-0.295,0.9119,0.0783,0.0745,0.1146,258.6
8475170,Brayden Schenn,NYI,C,F,3,18,244.0,80.6,42.14,0.5228287841191067,54.9,82,0.6695121951219511,0.14668341100284443,0.2805572597728823,17.034,3360.0,116.9,0.0735985533453888,0.0741857659831121,0.0611951043916486,False,0.4449,0.322,1.0044,0.0822,0.0873,0.073,258.6
8475314,Anders Lee,NYI,L,F,6,14,245.0,81.9,44.55,0.5439560439560439,50.9,82,0.6207317073170732,0.07677566336102926,0.1411431387041144,15.977,3278.8,118.8,0.0887884267631103,0.0862484921592279,0.0537556995440364,False,1.392,0.315,1.0035,0.0821,0.0841,0.0532,258.6
8481601,Simon Holmstrom,NYI,R,F,4,18,229.0,77.8,40.86,0.5251928020565553,48.9,82,0.5963414634146341,0.07114866135807885,0.13547150890011098,16.534,2837.0,112.8,0.0696202531645569,0.0542822677925211,0.0501559875209983,False,0.2403,0.424,1.0198,0.0813,0.0668,0.0616,258.6
8476419,Jean-Gabriel Pageau,NYI,C,F,5,18,235.0,75.8,36.55,0.4821899736147757,47.0,82,0.573170731707317,0.0909807580925413,0.18868239297988046,16.019,2914.1,109.8,0.062748643761302,0.0422195416164053,0.0597552195824334,False,0.4028,0.343,1.0076,0.0747,0.053,0.0758,258.6
8475151,Kyle Palmieri,NYI,C,F,2,22,189.0,42.7,27.72,0.6491803278688524,44.7,82,0.5451219512195122,-0.10405837664934015,-0.16029194382852904,18.49,2575.8,61.9,0.0517179023508137,0.0337756332931242,0.0537556995440364,False,0.5966,0.932,1.0959,0.0709,0.0488,0.0722,258.6
8477407,Anthony Duclair,NYI,L,F,8,14,179.0,58.4,24.17,0.41386986301369866,38.0,82,0.4634146341463415,0.04954477113264283,0.1197109902418842,13.76,2272.9,84.7,0.0605786618444846,0.0414153598713309,0.0326373890088792,False,0.1972,0.913,1.0931,0.0709,0.0511,0.0375,258.6
8477506,Ryan Pulock,NYI,D,D,2,20,208.0,74.3,25.48,0.34293405114401077,34.8,82,0.424390243902439,0.08145619275842825,0.237527281081288,20.973,3658.0,107.7,0.0189873417721519,0.0524728588661037,0.0650347972162227,False,-0.1675,0.681,1.0583,0.0202,0.0587,0.07,258.6
8477950,Tony DeAngelo,NYI,D,D,4,16,142.0,63.0,29.48,0.46793650793650793,31.3,82,0.38170731707317074,-0.08622919086333719,-0.18427540788297975,19.541,2297.6,91.3,0.0216998191681736,0.0659429030960997,0.0611951043916486,False,0.1225,0.126,0.9751,0.0182,0.0584,0.0566,258.6
8482476,Emil Heineman,NYI,L,F,7,14,148.0,71.8,25.72,0.35821727019498606,30.1,82,0.3670731707317073,0.00885590053672125,0.024722148465652637,15.502,1791.7,104.1,0.081374321880651,0.0190993164455166,0.019438444924406,False,0.4332,0.795,1.0754,0.0831,0.0206,0.0198,258.6
8485702,Max Shabanov,NYI,R,F,9,10,44.0,44.0,18.0,0.4090909090909091,23.3,82,0.28414634146341466,-0.12494456762749445,-0.30542005420054197,13.683,514.0,44.0,0.0262206148282097,0.0466425412143144,0.0347972162227021,True,-0.0081,0.476,1.0275,0.012,0.0476,0.0371,258.6
8476917,Adam Pelech,NYI,D,D,3,20,200.0,75.0,17.21,0.22946666666666668,21.1,82,0.2573170731707317,0.027850406504065034,0.12137016198750014,20.901,3535.4,108.8,0.0108499095840868,0.0329714515480498,0.0451163906887448,False,0.681,-0.168,0.9311,0.0102,0.0326,0.0487,258.6
8476292,Ondrej Palat,NYI,L,F,10,10,228.0,78.7,19.24,0.24447268106734432,20.0,82,0.24390243902439024,-0.0005702420429540833,-0.0023325389179046966,13.217,2803.6,114.0,0.0385171790235081,0.0265379975874547,0.0343172546196304,False,0.4277,0.258,0.9948,0.0305,0.0221,0.0293,258.6
8475231,Casey Cizikas,NYI,C,F,11,10,233.0,80.5,18.1,0.22484472049689444,18.0,82,0.21951219512195122,-0.00533252537494322,-0.02371648025872537,12.211,2599.2,116.7,0.0349005424954792,0.0386007237635705,0.0067194624430045,False,0.5234,0.21,0.9877,0.0297,0.0346,0.0062,258.6
8477369,Carson Soucy,NYI,D,D,5,16,191.0,73.3,11.83,0.16139154160982266,16.6,82,0.20243902439024392,0.04104748278042125,0.2543347834154588,16.901,2877.0,106.2,0.020253164556962,0.0170888620828307,0.0302375809935205,False,0.1262,0.122,0.9746,0.0197,0.0175,0.0323,258.6
8481014,Alexander Romanov,NYI,D,D,1,24,160.0,31.4,7.03,0.22388535031847134,11.4,82,0.13902439024390245,-0.08486096007456889,-0.3790375741595253,21.103,2984.5,45.5,0.0075949367088607,0.0118616807398472,0.0151187904967602,False,-0.2951,1.326,1.155,0.0105,0.0173,0.0194,258.6
8476459,Mika Zibanejad,NYR,C,F,1,22,244.0,81.2,73.72,0.9078817733990148,90.1,82,1.098780487804878,0.19089871440586315,0.21026825298095617,20.298,3344.6,117.8,0.1454215775158658,0.1307250139069163,0.0625,False,1.0435,0.815,1.0785,0.1675,0.1496,0.0682,266.2
8476468,J.T. Miller,NYR,C,F,2,22,221.0,69.9,60.55,0.8662374821173103,72.3,82,0.8817073170731707,0.015469834955860406,0.017858653400737286,19.609,3041.1,101.3,0.0783318223028105,0.0895605414426107,0.1060540069686411,False,1.0776,0.798,1.0759,0.0932,0.1058,0.1198,266.2
8482109,Alexis Lafrenière,NYR,L,F,3,18,246.0,82.0,54.1,0.6597560975609756,66.1,82,0.8060975609756097,0.14634146341463405,0.22181146025877987,17.432,3664.6,118.9,0.1053490480507706,0.0916002225106619,0.0620644599303136,False,0.8934,0.804,1.0768,0.1154,0.0997,0.0645,266.2
8476389,Vincent Trocheck,NYR,C,F,0,22,231.0,71.7,56.1,0.7824267782426778,64.9,82,0.7914634146341464,0.009036636391468567,0.01154949784791972,20.774,3488.8,103.9,0.0748866727107887,0.0903022436491748,0.0807926829268292,False,0.5526,1.061,1.1153,0.0871,0.1044,0.0861,266.2
8479323,Adam Fox,NYR,D,D,0,24,201.0,60.8,56.31,0.9261513157894737,64.7,82,0.7890243902439025,-0.13712692554557127,-0.14806103841539217,23.502,3559.1,88.1,0.0389845874886672,0.0988318190246616,0.1330574912891986,False,2.007,0.692,1.0599,0.0416,0.1047,0.1368,266.2
8482157,Will Cuylle,NYR,L,F,4,18,245.0,81.9,38.52,0.4703296703296703,52.4,82,0.6390243902439025,0.16869471991423213,0.3586733530886711,16.036,3023.8,118.8,0.0779691749773345,0.0713888373817912,0.0315766550522648,False,0.7099,0.896,1.0906,0.094,0.0855,0.0357,266.2
8484210,Gabe Perreault,NYR,R,F,5,18,54.0,37.6,20.0,0.5319148936170213,48.4,82,0.5902439024390244,0.05832900882200309,0.10965853658536581,15.933,770.8,50.8,0.0428461099358651,0.0398321555376997,0.0187120918828235,True,0.8984,0.802,1.0764,0.0828,0.0691,0.0439,266.2
8478882,Vladislav Gavrikov,NYR,D,D,1,24,241.0,81.7,32.97,0.40354957160342714,46.3,82,0.5646341463414634,0.16108457473803622,0.39916923737026266,23.368,4495.9,118.4,0.0540344514959202,0.0381976636380493,0.070993031358885,False,0.6915,2.007,1.2572,0.0687,0.0483,0.0734,266.2
8479390,Taylor Raddysh,NYR,R,F,8,14,221.0,71.2,20.59,0.28918539325842696,31.3,82,0.38170731707317074,0.09252192381474378,0.3199398239732762,12.269,2542.7,103.3,0.0393472348141432,0.0378268125347672,0.0331010452961672,False,0.3685,0.178,0.9829,0.0435,0.0415,0.038,266.2
8483690,Noah Laba,NYR,C,F,7,14,74.0,74.0,24.0,0.32432432432432434,30.0,82,0.36585365853658536,0.041529334212261015,0.1280487804878048,13.471,858.5,74.0,0.042067089755213,0.0376413869831262,0.0505226480836237,True,0.243,0.241,0.9923,0.0392,0.0334,0.0532,266.2
8482073,Braden Schneider,NYR,D,D,2,20,244.0,81.5,18.79,0.2305521472392638,23.9,82,0.2914634146341463,0.060911267394882534,0.26419735458663796,19.517,3869.7,118.2,0.013780598368087,0.0417207491192286,0.0422473867595818,False,-0.1993,0.004,0.9568,0.0133,0.04,0.0436,266.2
8478840,Will Borgen,NYR,D,D,3,20,241.0,77.7,15.69,0.2019305019305019,21.3,82,0.2597560975609756,0.05782559563047371,0.2863638483421165,17.758,3761.4,112.6,0.0206708975521305,0.0241053217133321,0.0348432055749129,False,0.004,-0.199,0.9263,0.0212,0.0246,0.0395,266.2
8481789,Tye Kartye,NYR,L,F,9,10,204.0,64.7,19.69,0.30432766615146833,21.2,82,0.25853658536585367,-0.04579108078561467,-0.15046637515638744,11.416,2123.6,93.8,0.0357207615593835,0.0337474503986649,0.0300522648083623,False,0.2917,0.185,0.9839,0.0303,0.0285,0.0265,266.2
8477380,Jonny Brodzinski,NYR,C,F,10,10,163.0,54.2,16.93,0.31236162361623615,21.1,82,0.2573170731707317,-0.05504455044550444,-0.17622059268436743,11.283,1709.6,78.5,0.0391659111514052,0.0242907472649731,0.0313588850174216,False,0.1248,0.268,0.9964,0.0341,0.021,0.028,266.2
8481525,Matthew Robertson,NYR,D,D,4,16,74.0,53.9,13.33,0.24730983302411874,20.0,82,0.24390243902439024,-0.003407393999728503,-0.013777834702578118,17.407,1155.7,72.7,0.0194755045163023,0.0199160777688498,0.0327461607949412,True,0.385,-0.583,0.8687,0.0253,0.0145,0.0399,266.2
8477839,Conor Sheary,NYR,L,F,6,14,124.0,47.9,13.45,0.2807933194154488,19.8,82,0.24146341463414636,-0.039329904781302466,-0.14006709583824448,13.782,1426.5,69.5,0.0232094288304623,0.0211385128870758,0.0278745644599303,True,0.1127,0.306,1.0021,0.0171,0.0233,0.0402,266.2
8480208,Drake Batherson,OTT,R,F,2,22,243.0,79.9,69.93,0.8752190237797247,89.4,82,1.0902439024390245,0.21502487865929976,0.2456812212909774,17.606,3373.5,115.9,0.1298039820960024,0.0906154094653529,0.0887458552759898,False,1.0382,1.106,1.1221,0.1668,0.1176,0.1119,265.5
8482116,Tim Stützle,OTT,C,F,0,22,237.0,80.1,81.14,1.0129837702871411,82.7,82,1.0085365853658537,-0.004447184921287484,-0.0043901837835238775,20.21,3567.3,116.2,0.1015588825436024,0.097722500403812,0.1347766725180417,False,0.8973,1.176,1.1326,0.1147,0.1115,0.1481,265.5
8481528,Dylan Cozens,OTT,C,F,4,18,243.0,81.8,55.28,0.6757946210268949,63.7,82,0.776829268292683,0.10103464726578804,0.1495049592319367,17.057,3149.4,118.6,0.1006328137058188,0.0663866903569698,0.0823093426955334,False,1.1143,1.191,1.1348,0.1104,0.0736,0.0877,265.5
8480801,Brady Tkachuk,OTT,L,F,3,18,213.0,64.3,59.07,0.9186625194401244,57.9,82,0.7060975609756097,-0.21256495846451473,-0.23138525189213302,17.495,2966.2,93.3,0.0791788856304985,0.0994992731384267,0.0596840257460503,False,1.8847,0.805,1.077,0.0804,0.102,0.062,265.5
8473512,Claude Giroux,OTT,R,F,5,18,245.0,81.8,50.28,0.6146699266503668,52.5,82,0.6402439024390244,0.02557397578865761,0.04160603061877868,17.019,3179.6,118.5,0.0466121315017749,0.0801162978517202,0.0702165008777062,False,0.4964,1.5,1.1811,0.0534,0.0926,0.075,265.5
8482105,Jake Sanderson,OTT,D,D,0,24,226.0,71.0,53.62,0.7552112676056337,47.6,82,0.5804878048780489,-0.17472346272758488,-0.23135706552887966,24.607,3829.0,102.9,0.0500077172403148,0.0707478597964787,0.0879656719329042,False,1.1432,0.554,1.0394,0.0465,0.0664,0.0866,265.5
8481596,Shane Pinto,OTT,C,F,1,22,183.0,69.4,42.52,0.6126801152737752,43.8,82,0.5341463414634146,-0.07853377381036064,-0.12818071266319447,18.406,2529.2,100.6,0.0694551628337706,0.0424810208366984,0.0354983421103959,False,1.3142,0.968,1.1014,0.0838,0.0518,0.0428,265.5
8478469,Thomas Chabot,OTT,D,D,1,24,188.0,62.1,34.31,0.5524959742351047,36.4,82,0.44390243902439025,-0.10859353521071441,-0.19655081715492173,22.744,3435.1,90.1,0.0290168235838864,0.0634792440639638,0.0452506338989662,False,0.5544,1.143,1.1277,0.0316,0.0699,0.0482,265.5
8481606,Jordan Spence,OTT,D,D,4,16,223.0,74.3,29.79,0.4009421265141319,30.0,82,0.36585365853658536,-0.035088467977546556,-0.08751504433473344,17.945,3257.2,107.8,0.0265473066831301,0.0389274753674689,0.0770431051297054,False,1.1401,0.294,1.0003,0.0217,0.0321,0.0693,265.5
8482092,Ridly Greig,OTT,C,F,6,14,227.0,76.9,34.14,0.4439531859557867,28.5,82,0.3475609756097561,-0.09639221034603063,-0.2171224656007544,16.662,2908.7,111.5,0.0450686834388022,0.0541108060087223,0.0405695338404525,False,0.4911,0.721,1.0644,0.0369,0.0448,0.0344,265.5
8478020,Michael Amadio,OTT,R,F,7,14,226.0,78.3,32.52,0.41532567049808433,28.1,82,0.3426829268292683,-0.07264274366881601,-0.17490549905499056,15.495,2972.2,113.5,0.0561815094922055,0.040219673719916,0.0327677004095962,False,0.5814,0.676,1.0576,0.0492,0.0356,0.0299,265.5
8480188,Fabian Zetterlund,OTT,L,F,9,10,248.0,82.5,35.69,0.4326060606060606,27.8,82,0.33902439024390246,-0.09358167036215814,-0.21632075665110806,14.161,3313.9,119.6,0.0765550239234449,0.0521725084800516,0.0354983421103959,False,0.4414,0.289,0.9995,0.0495,0.0341,0.0253,265.5
8477998,Warren Foegele,OTT,L,F,8,14,232.0,72.3,25.66,0.3549100968188105,26.7,82,0.325609756097561,-0.02930034072124954,-0.08255707849362204,14.445,2932.5,104.9,0.068529093995987,0.0167985785818123,0.0290618295299395,False,0.8613,0.536,1.0366,0.0631,0.0156,0.0284,265.5
8482245,Artem Zub,OTT,D,D,2,20,206.0,74.1,25.55,0.34480431848852905,23.5,82,0.2865853658536585,-0.058218952634870536,-0.16884635578254037,20.778,3533.8,107.5,0.0174409631115912,0.0474882894524309,0.0415447630193095,False,0.6419,-0.129,0.9368,0.0144,0.0396,0.0404,265.5
8475324,Nick Jensen,OTT,D,D,3,20,210.0,64.6,17.76,0.2749226006191951,22.6,82,0.275609756097561,0.0006871554783658973,0.002499450670182261,18.079,3461.7,93.7,0.0148171014045377,0.0248748182846066,0.0468110005851375,False,-0.1293,0.642,1.0525,0.0158,0.0268,0.0523,265.5
8476393,Nick Cousins,OTT,C,F,11,10,200.0,72.7,20.52,0.2822558459422283,20.5,82,0.25,-0.0322558459422283,-0.11427875243664706,11.553,2310.9,105.4,0.0361166846735607,0.0256824422548861,0.0376438463038814,False,0.4818,0.269,0.9965,0.0285,0.0205,0.0329,265.5
8482095,Tyler Kleven,OTT,D,D,5,16,158.0,68.0,14.9,0.21911764705882353,16.5,82,0.20121951219512196,-0.017898134863701565,-0.08168276313635614,16.497,2281.2,98.5,0.0135823429541595,0.0392505249555806,0.0105324751316559,False,0.294,1.14,1.1272,0.0136,0.0397,0.0103,265.5
8474189,Lars Eller,OTT,C,F,10,10,230.0,71.9,17.79,0.24742698191933238,15.4,82,0.1878048780487805,-0.05962210387055189,-0.24096848051111194,12.298,2595.8,104.2,0.0257755826516437,0.0335971571636246,0.0175541252194265,False,0.0958,0.462,1.0254,0.0197,0.0259,0.0144,265.5
8478439,Travis Konecny,PHI,R,F,0,22,235.0,78.1,69.93,0.8953905249679899,77.5,82,0.9451219512195121,0.04973142625152227,0.05554160432209193,19.524,3492.7,113.3,0.1123250910484953,0.1074990027921818,0.1024609559867486,False,0.679,0.556,1.0396,0.1328,0.1184,0.1205,247.1
8481533,Trevor Zegras,PHI,C,F,1,22,169.0,71.8,54.97,0.7655988857938719,73.2,82,0.8926829268292683,0.1270840410353964,0.16599298065019938,18.348,2434.1,104.0,0.1059996166379145,0.1074990027921818,0.0660198769522006,False,0.8499,0.471,1.0268,0.1317,0.1244,0.0826,247.1
8484387,Matvei Michkov,PHI,R,F,8,14,161.0,80.7,54.11,0.6705080545229244,57.6,82,0.702439024390244,0.03193096986731958,0.047622052638933474,15.314,2038.2,109.0,0.0961457911812521,0.1013237010444828,0.0739601409265394,False,1.0526,0.862,1.0855,0.0963,0.0945,0.0706,247.1
8477989,Christian Dvorak,PHI,C,F,2,22,192.0,77.0,43.76,0.5683116883116883,56.1,82,0.6841463414634147,0.11583465315172636,0.2038224015695368,17.554,2505.4,111.7,0.0737972014567759,0.0749900279218189,0.0435399905347846,False,0.2626,0.764,1.0709,0.1,0.0946,0.057,247.1
8480015,Owen Tippett,PHI,R,F,6,14,236.0,79.8,49.21,0.6166666666666667,50.0,82,0.6097560975609756,-0.0069105691056911,-0.01120632827949908,16.628,3140.1,115.8,0.117308798159862,0.0670123653769445,0.0619971604353999,False,0.8212,0.978,1.1028,0.1099,0.0585,0.0545,247.1
8476461,Sean Couturier,PHI,C,F,5,18,231.0,78.0,38.31,0.49115384615384616,44.2,82,0.5390243902439025,0.04787054409005631,0.09746547739557275,16.885,3173.1,113.0,0.0578876749089515,0.0492620662145991,0.0743019403691434,False,0.5992,0.83,1.0806,0.0673,0.0533,0.0827,247.1
8480220,Noah Cates,PHI,L,F,7,14,219.0,79.4,42.59,0.5363979848866499,43.5,82,0.5304878048780488,-0.005910180008601107,-0.01101827407097741,16.031,2656.6,115.2,0.0757140118842246,0.0767850019944156,0.0537150970184571,False,0.9024,0.937,1.0967,0.0732,0.0691,0.049,247.1
8477948,Travis Sanheim,PHI,D,D,0,24,244.0,81.2,35.79,0.44076354679802954,37.1,82,0.4524390243902439,0.011675477592214378,0.026489208731148576,24.26,4739.9,117.8,0.0396779758481886,0.0588352612684483,0.0695693327023189,False,0.6732,0.37,1.0116,0.0401,0.0553,0.0718,247.1
8482159,Tyson Foerster,PHI,R,F,3,18,187.0,44.9,24.38,0.5429844097995545,31.4,82,0.3829268292682927,-0.16005758053126184,-0.29477380499809913,17.105,2568.4,65.0,0.0768640981406938,0.0171519744714798,0.0276857548509228,False,0.8732,0.693,1.0601,0.0865,0.018,0.0304,247.1
8482142,Jamie Drysdale,PHI,D,D,2,20,182.0,73.0,27.59,0.37794520547945204,31.4,82,0.3829268292682927,0.00498162378884065,0.01318080958990096,21.113,3162.1,105.9,0.0258769407705577,0.0321100917431192,0.0929957406530998,False,-0.0443,0.227,0.9903,0.0245,0.0283,0.092,247.1
8481546,Cam York,PHI,D,D,1,24,222.0,72.6,24.1,0.3319559228650138,30.7,82,0.374390243902439,0.04243432103742523,0.1278311911749822,22.158,3909.4,105.3,0.0191681042744872,0.0460710011966493,0.0598674869853289,False,0.3696,0.673,1.0572,0.0222,0.0496,0.0677,247.1
8484142,Denver Barkey,PHI,C,F,9,10,43.0,43.0,17.0,0.3953488372093023,21.0,82,0.25609756097560976,-0.13925127623369254,-0.35222381635581057,13.407,500.8,43.0,0.0277937511980065,0.057838053450339,0.0137245622337908,True,0.4483,0.061,0.9654,0.0107,0.051,0.0281,247.1
8483733,Nikita Grebenkin,PHI,R,F,11,10,62.0,42.6,10.37,0.24342723004694833,15.8,82,0.1926829268292683,-0.05074430321768003,-0.20845779335324682,11.178,659.9,57.5,0.0123527783102251,0.025705801533484,0.0203326847908012,True,-0.1175,0.344,1.0078,0.0045,0.0285,0.0366,247.1
8477499,Rasmus Ristolainen,PHI,D,D,3,20,138.0,47.7,14.52,0.30440251572327043,15.2,82,0.18536585365853658,-0.11903666206473384,-0.39105019149365045,20.901,2298.6,69.2,0.0030668966839179,0.0219385719984044,0.0442498816848083,False,0.2272,-0.044,0.9495,0.0028,0.0187,0.0442,247.1
8476372,Nick Seeler,PHI,D,D,4,16,228.0,78.7,12.62,0.16035578144853874,11.7,82,0.14268292682926828,-0.017672854619270456,-0.11021027405202734,17.544,3426.0,114.0,0.0159095265478244,0.0201435979258077,0.0189304306672976,False,0.3552,0.402,1.0164,0.0149,0.0176,0.018,247.1
8471675,Sidney Crosby,PIT,C,F,1,22,230.0,71.9,79.48,1.105424200278164,86.8,82,1.0585365853658537,-0.046887614912310305,-0.04241594756158922,19.606,3602.2,104.2,0.1077818181818181,0.1134020618556701,0.0956212574850299,False,1.4146,1.157,1.1297,0.1299,0.1442,0.1168,263.7
8475810,Bryan Rust,PIT,R,F,0,22,205.0,71.1,64.38,0.9054852320675105,71.2,82,0.8682926829268293,-0.037192549140681264,-0.041074716432159646,19.876,3014.1,103.0,0.1045818181818181,0.0810893983689798,0.0625,False,1.0935,1.317,1.1538,0.127,0.1039,0.0753,263.7
8477511,Anthony Mantha,PIT,R,F,5,18,168.0,64.1,48.86,0.7622464898595944,61.8,82,0.7536585365853659,-0.008587953274228566,-0.0112666353843236,15.048,2082.3,93.0,0.0999272727272727,0.0483151254039082,0.0574476047904191,False,1.2854,0.956,1.0996,0.125,0.0638,0.0748,263.7
8476483,Rickard Rakell,PIT,R,F,2,22,211.0,65.8,52.55,0.7986322188449848,59.9,82,0.7304878048780488,-0.06814441396693605,-0.08532640226497415,18.874,3100.6,95.3,0.0896,0.0506231727958147,0.0572604790419161,False,1.2198,1.254,1.1443,0.1137,0.0677,0.0726,263.7
8471215,Evgeni Malkin,PIT,C,F,3,18,206.0,60.7,58.76,0.9680395387149917,59.3,82,0.723170731707317,-0.24486880700767466,-0.25295331152766937,17.738,2952.4,88.0,0.0648727272727272,0.0949376827204185,0.0669910179640718,False,1.1482,1.025,1.1099,0.0695,0.1073,0.074,263.7
8474578,Erik Karlsson,PIT,D,D,1,24,239.0,77.2,62.17,0.8053108808290156,56.8,82,0.6926829268292682,-0.11262795399974734,-0.13985649105324907,23.556,4506.6,111.9,0.0474181818181818,0.0803200492383443,0.1117140718562874,False,0.8964,0.158,0.9799,0.045,0.0805,0.1239,263.7
8485414,Ben Kindel,PIT,C,F,4,18,77.0,77.0,35.0,0.45454545454545453,54.2,82,0.6609756097560976,0.20643015521064306,0.45414634146341476,15.063,936.0,77.0,0.0632727272727272,0.0580089244499153,0.0217065868263473,True,0.7638,1.217,1.1387,0.0911,0.0837,0.0511,263.7
8478438,Tommy Novak,PIT,C,F,6,14,207.0,74.5,37.38,0.5017449664429531,40.0,82,0.4878048780487805,-0.0139400883941726,-0.027783215231831426,14.092,2497.4,108.0,0.0615272727272727,0.0604708416679489,0.0398577844311377,False,1.0379,0.427,1.0203,0.0593,0.0615,0.0431,263.7
8482475,Egor Chinakhov,PIT,R,F,7,14,155.0,60.6,34.59,0.5707920792079209,36.8,82,0.448780487804878,-0.12201159140304285,-0.21375838216318,13.85,1908.4,87.8,0.0699636363636363,0.0355439298353592,0.0377994011976047,False,0.6053,0.644,1.0527,0.0708,0.0379,0.0416,263.7
8471724,Kris Letang,PIT,D,D,2,20,230.0,74.6,34.21,0.4585790884718499,30.5,82,0.3719512195121951,-0.0866278689596548,-0.18890497002017675,22.352,4299.5,108.1,0.0136727272727272,0.0490844745345437,0.0731661676646706,False,0.3307,0.338,1.0069,0.0117,0.0444,0.0713,263.7
8478854,Ryan Shea,PIT,D,D,5,16,150.0,66.7,25.41,0.38095952023988006,25.4,82,0.3097560975609756,-0.07120342267890445,-0.18690548180570354,18.381,2208.7,96.8,0.0197818181818181,0.0617018002769656,0.029940119760479,False,0.4216,0.55,1.0388,0.017,0.056,0.0284,263.7
8478450,Parker Wotherspoon,PIT,D,D,3,20,176.0,71.3,22.93,0.3215988779803647,24.1,82,0.2939024390243903,-0.0276964389559744,-0.08612106836288594,19.675,2911.6,103.3,0.0068363636363636,0.0364671487921218,0.0525823353293413,False,0.3381,0.331,1.0058,0.0066,0.0374,0.0582,263.7
8478569,Noel Acciari,PIT,C,F,8,14,201.0,69.1,20.62,0.29840810419681624,22.9,82,0.2792682926829268,-0.019139811513889438,-0.06413971753684578,13.682,2174.9,100.2,0.0401454545454545,0.0261578704416064,0.0183383233532934,False,0.2494,0.822,1.0794,0.0422,0.029,0.0204,263.7
8479398,Samuel Girard,PIT,D,D,4,16,192.0,63.1,20.14,0.31917591125198097,19.2,82,0.23414634146341462,-0.08502956978856635,-0.2664034684040982,18.951,3287.5,91.4,0.0110545454545454,0.0278504385290044,0.0486526946107784,False,0.5505,0.422,1.0194,0.009,0.024,0.0447,263.7
8480980,Connor Dewar,PIT,C,F,10,10,200.0,70.5,24.41,0.34624113475177304,15.9,82,0.19390243902439025,-0.1523386957273828,-0.4399786173199708,13.371,2021.2,102.2,0.0318545454545454,0.0227727342668102,0.029752994011976,False,0.4113,0.415,1.0185,0.0231,0.0174,0.0242,263.7
8481481,Blake Lizotte,PIT,C,F,9,10,176.0,56.4,18.97,0.3363475177304964,13.1,82,0.1597560975609756,-0.1765914201695208,-0.5250266788382169,13.428,1881.6,81.8,0.0219636363636363,0.019233728265887,0.0271332335329341,False,0.388,0.427,1.0203,0.0159,0.0147,0.022,263.7
8476905,Chandler Stephenson,SEA,C,F,0,22,233.0,79.2,49.62,0.6265151515151515,57.6,82,0.702439024390244,0.0759238728750925,0.1211844161972456,19.353,3208.6,114.8,0.0666189111747851,0.0698030216102505,0.1088699878493317,False,-0.3619,0.704,1.0617,0.0827,0.0868,0.1245,230.1
8482665,Matty Beniers,SEA,C,F,1,22,241.0,81.7,47.41,0.5802937576499387,55.0,82,0.6707317073170732,0.09043794966713448,0.1558485654462115,19.048,3584.9,118.4,0.0895415472779369,0.0745840504876649,0.0670716889428918,False,0.4879,0.279,0.998,0.1061,0.0886,0.0779,230.1
8474586,Jordan Eberle,SEA,R,F,2,22,200.0,70.7,47.24,0.6681753889674682,53.9,82,0.6573170731707317,-0.010858315796736462,-0.016250697011627176,18.081,2842.4,102.5,0.0821991404011461,0.088544654809715,0.0444714459295261,False,0.9194,0.063,0.9656,0.0993,0.1072,0.0544,230.1
8478407,Vince Dunn,SEA,D,D,1,24,202.0,74.9,42.93,0.5731642189586115,48.6,82,0.5926829268292683,0.019518707870656793,0.034054302807178985,21.823,3728.7,108.6,0.04817335243553,0.0717154331612163,0.0867557715674362,False,0.5386,0.749,1.0686,0.0582,0.0868,0.096,230.1
8477955,Jared McCann,SEA,L,F,4,18,214.0,61.2,46.59,0.7612745098039216,48.3,82,0.5890243902439024,-0.17225011956001923,-0.22626545003376639,16.715,2625.1,88.7,0.0784383954154727,0.0820424555364314,0.0510328068043742,False,1.1451,0.345,1.0079,0.0875,0.0918,0.0553,230.1
8481554,Kaapo Kakko,SEA,R,F,8,14,205.0,68.1,39.52,0.580323054331865,44.6,82,0.5439024390243903,-0.03642061530747476,-0.06275920805766777,14.577,2617.2,98.8,0.0632163323782235,0.0774526678141136,0.0828675577156743,False,0.5368,0.355,1.0094,0.063,0.0774,0.0801,230.1
8482259,Bobby McMann,SEA,C,F,7,14,208.0,75.5,41.59,0.5508609271523179,40.7,82,0.4963414634146342,-0.05451946373768374,-0.09897137562383077,15.368,2662.6,109.5,0.1072707736389684,0.0525913176515586,0.0439854191980558,False,0.6261,0.31,1.0027,0.1008,0.0495,0.0403,230.1
8475768,Jaden Schwartz,SEA,L,F,3,18,193.0,58.3,31.83,0.5459691252144082,36.7,82,0.4475609756097561,-0.0984081496046521,-0.18024489858470683,16.741,2667.6,84.5,0.0637535816618911,0.0432205010518263,0.0483596597812879,False,0.7763,0.529,1.0356,0.073,0.0496,0.0523,230.1
8477986,Brandon Montour,SEA,D,D,0,24,211.0,68.2,34.24,0.5020527859237537,35.9,82,0.4378048780487805,-0.0642479078749732,-0.12797042397994077,22.738,3969.9,98.9,0.0435171919770773,0.0499139414802065,0.0680437424058323,False,0.7491,0.539,1.037,0.049,0.0563,0.0722,230.1
8477919,Frederick Gaudreau,SEA,C,F,5,18,217.0,71.3,26.52,0.37194950911640956,34.3,82,0.41829268292682925,0.04634317381041969,0.12459533531986892,15.867,2649.4,103.4,0.0420845272206303,0.0518263530311723,0.0388821385176184,False,-0.0863,0.961,1.1003,0.054,0.0667,0.0444,230.1
8480009,Eeli Tolvanen,SEA,R,F,6,14,240.0,78.9,36.1,0.45754119138149557,33.0,82,0.4024390243902439,-0.055102166991251644,-0.12043105195594889,15.587,3066.7,114.4,0.0630372492836676,0.0489577357047236,0.0561360874848116,False,0.0839,0.581,1.0434,0.0607,0.0473,0.0507,230.1
8476457,Adam Larsson,SEA,D,D,2,20,245.0,81.9,25.24,0.30818070818070814,25.6,82,0.3121951219512195,0.004014413770511371,0.01302616829654839,21.435,4509.7,118.8,0.0315186246418338,0.0504876649454962,0.0585662211421628,False,-0.0479,-0.444,0.8896,0.0269,0.0432,0.055,230.1
8483524,Shane Wright,SEA,C,F,9,10,161.0,70.7,29.59,0.41852899575671854,24.6,82,0.30000000000000004,-0.11852899575671849,-0.28320378506252103,13.871,1897.0,102.5,0.061067335243553,0.0535475234270415,0.0413122721749696,False,0.8321,0.222,0.9895,0.0448,0.0394,0.03,230.1
8482751,Ryan Winterton,SEA,C,F,11,10,89.0,50.4,12.66,0.2511904761904762,18.0,82,0.21951219512195122,-0.031678281068524966,-0.1261125881400994,11.881,956.4,73.1,0.0143266475644699,0.0434117422069229,0.0145808019441069,True,0.2412,0.518,1.0338,0.006,0.0463,0.0309,230.1
8476467,Jamie Oleksiak,SEA,D,D,5,16,242.0,79.2,15.48,0.19545454545454546,16.1,82,0.19634146341463415,0.0008869179600886901,0.0045377197958026,17.583,3774.3,114.9,0.0236389684813753,0.0185503920443679,0.0376670716889428,False,0.2634,0.471,1.0269,0.0227,0.0179,0.0345,230.1
8482858,Ryker Evans,SEA,D,D,4,16,176.0,66.3,18.38,0.2772247360482655,15.9,82,0.19390243902439025,-0.08332229702387522,-0.30055866663128006,18.302,2933.9,96.2,0.0304441260744985,0.0277299674890036,0.0250303766707168,False,0.4714,0.263,0.9957,0.0272,0.0249,0.022,230.1
8479324,Ryan Lindgren,SEA,D,D,3,20,224.0,75.0,12.69,0.1692,14.8,82,0.1804878048780488,0.011287804878048813,0.06671279478752254,18.725,3600.1,108.8,0.0132521489971346,0.0145343277873398,0.0376670716889428,False,-0.4442,-0.048,0.949,0.0138,0.0152,0.0405,230.1
8484800,Berkly Catton,SEA,C,F,10,10,66.0,66.0,17.0,0.25757575757575757,14.6,82,0.17804878048780487,-0.0795269770879527,-0.30875179340028697,12.936,785.6,66.0,0.0363538681948424,0.0110919869956014,0.0493317132442284,True,0.2031,0.537,1.0367,0.0242,0.0053,0.0391,230.1
8484801,Macklin Celebrini,SJS,C,F,0,22,152.0,78.9,101.52,1.2866920152091252,89.0,82,1.0853658536585367,-0.20132616155058858,-0.1564680274462317,20.964,2427.2,106.5,0.1566000381486085,0.1804728193617082,0.1241140551739177,False,1.0324,0.66,1.0552,0.1702,0.1943,0.1332,219.2
8482667,William Eklund,SJS,L,F,2,22,235.0,77.9,53.66,0.6888318356867779,58.0,82,0.7073170731707317,0.01848523748395381,0.02683563175549761,18.791,3405.2,113.0,0.0653525128751553,0.1035353535353535,0.0765456329735034,False,0.7735,0.789,1.0746,0.0807,0.1266,0.0917,219.2
8484227,Will Smith,SJS,C,F,3,18,143.0,70.3,55.37,0.7876244665718349,55.4,82,0.6756097560975609,-0.11201471047427403,-0.1422184241708771,17.547,1958.4,94.9,0.1026197570328275,0.1001467668134334,0.0671955075782357,False,0.61,0.662,1.0555,0.109,0.1054,0.0705,219.2
8477505,Alexander Wennberg,SJS,C,F,1,22,236.0,79.2,48.45,0.6117424242424243,53.1,82,0.6475609756097561,0.03581855136733181,0.05855168768405942,19.911,3236.4,114.8,0.0651749245249511,0.0914918414918415,0.0738469087340529,False,0.5466,0.903,1.0916,0.0771,0.1073,0.0835,219.2
8475200,Dmitry Orlov,SJS,D,D,1,24,240.0,80.6,34.07,0.42270471464019854,44.9,82,0.547560975609756,0.12485626096955749,0.29537465905918203,20.65,4034.8,116.8,0.0186467767714437,0.0753690753690753,0.1072129538763493,False,0.5876,0.078,0.9678,0.0206,0.0824,0.1274,219.2
8475726,Tyler Toffoli,SJS,C,F,6,14,236.0,78.8,50.62,0.6423857868020304,44.0,82,0.5365853658536586,-0.10580042094837183,-0.16469919341627223,15.578,2968.7,114.2,0.0974960042621203,0.08003108003108,0.0809617271835132,False,1.2757,-0.109,0.9399,0.0808,0.0657,0.0744,219.2
8480748,Kiefer Sherwood,SJS,L,F,5,18,218.0,73.2,36.34,0.496448087431694,42.9,82,0.5231707317073171,0.026722644275623098,0.0538276709129227,16.328,2700.6,106.1,0.0932338838572189,0.0487567987567987,0.0444062806673209,False,0.6576,0.639,1.052,0.1061,0.055,0.0501,219.2
8484911,Collin Graf,SJS,R,F,4,18,121.0,64.3,34.52,0.5368584758942458,33.0,82,0.4024390243902439,-0.13441945150400192,-0.2503815391572225,16.372,1558.5,93.2,0.0618007458710708,0.0365190365190365,0.0485770363101079,False,0.667,0.634,1.0513,0.0701,0.041,0.0546,219.2
8479983,Mario Ferraro,SJS,D,D,0,24,238.0,80.8,21.41,0.2649752475247525,25.5,82,0.31097560975609756,0.04600036223134507,0.17360248800993375,21.238,4284.2,117.1,0.0273486059314508,0.0466200466200466,0.0353287536800785,False,0.0777,0.588,1.0443,0.0317,0.0535,0.0408,219.2
8485402,Michael Misa,SJS,C,F,10,10,45.0,45.0,21.0,0.4666666666666667,23.0,82,0.2804878048780488,-0.18617886178861787,-0.39895470383275256,12.811,514.7,45.0,0.0412004972473805,0.0168997668997669,0.0640333660451422,True,0.7109,0.371,1.0119,0.0522,0.0173,0.0449,219.2
8480798,Philipp Kurashev,SJS,C,F,7,14,169.0,47.1,20.9,0.44373673036093414,21.3,82,0.2597560975609756,-0.18398063279995852,-0.41461664138172477,15.416,2283.4,68.3,0.0333866098383946,0.051087801087801,0.0250245338567222,False,0.0108,0.524,1.0348,0.0308,0.0467,0.0232,219.2
8475906,John Klingberg,SJS,D,D,2,20,81.0,42.2,19.93,0.47227488151658764,21.0,82,0.25609756097560976,-0.21617732054097788,-0.4577362231223917,20.266,1355.7,61.2,0.0190019534718522,0.018065268065268,0.0578999018645731,True,0.2828,-0.387,0.8981,0.0348,0.0173,0.0537,219.2
8482166,Shakir Mukhamadullin,SJS,D,D,5,16,83.0,41.9,10.52,0.2510739856801909,19.2,82,0.23414634146341462,-0.016927644216776283,-0.06742094036909946,17.322,1306.4,60.8,0.0202450719232818,0.0161227661227661,0.0264965652600588,True,0.341,0.599,1.046,0.0373,0.0175,0.0384,219.2
8480848,Ty Dellandrea,SJS,C,F,8,14,156.0,51.0,10.14,0.1988235294117647,11.3,82,0.1378048780487805,-0.061018651362984205,-0.3068985423582046,13.336,1683.3,74.0,0.005505238856331,0.0275835275835275,0.0181550539744847,False,-0.2281,0.643,1.0527,0.006,0.0296,0.0195,219.2
8476624,Barclay Goodrow,SJS,C,F,11,10,239.0,80.7,11.03,0.13667905824039653,9.1,82,0.11097560975609756,-0.025703448484298966,-0.18805696216526988,11.992,2439.8,117.0,0.0190019534718522,0.0163170163170163,0.0125122669283611,False,-0.3541,0.904,1.0917,0.017,0.0144,0.0107,219.2
8475181,Nick Leddy,SJS,D,D,3,20,145.0,35.2,7.97,0.2264204545454545,8.8,82,0.10731707317073172,-0.11910338137472279,-0.5260274811029163,18.762,2620.8,51.0,0.003196590303676,0.0137917637917637,0.0230618253189401,False,-0.387,0.283,0.9986,0.0033,0.0143,0.0251,219.2
8479576,Vincent Desharnais,SJS,D,D,4,16,182.0,54.2,6.31,0.11642066420664206,8.3,82,0.10121951219512196,-0.0152011520115201,-0.13057090951258155,17.422,2541.6,78.7,0.0039069437044929,0.0,0.03900883218842,False,0.5988,0.341,1.0073,0.0035,0.0,0.0366,219.2
8480023,Robert Thomas,STL,C,F,0,22,216.0,66.7,69.62,1.0437781109445277,80.3,82,0.9792682926829268,-0.06450981826160085,-0.06180414935433463,19.419,3202.8,96.7,0.0947543405984484,0.1274217585692995,0.1104947858886177,False,1.1873,0.983,1.1036,0.1196,0.1574,0.127,236.6
8482077,Dylan Holloway,STL,L,F,2,22,174.0,61.9,51.0,0.8239095315024233,69.1,82,0.8426829268292683,0.018773395326844966,0.022785748445719674,17.533,2407.9,89.8,0.0934613963797562,0.070789865871833,0.09252274240071,False,1.2703,0.941,1.0974,0.13,0.0963,0.1177,236.6
8477402,Pavel Buchnevich,STL,L,F,1,22,237.0,79.7,51.21,0.642534504391468,67.9,82,0.828048780487805,0.18551427609633697,0.28872266754302006,18.319,3301.8,115.6,0.092722571111932,0.0840163934426229,0.0690037719103616,False,0.695,1.229,1.1405,0.1282,0.1137,0.084,236.6
8479385,Jordan Kyrou,STL,R,F,5,18,236.0,75.1,53.24,0.7089214380825567,62.4,82,0.7609756097560976,0.05205417167354087,0.07342727822469795,16.388,3313.2,108.9,0.1071296638345031,0.0871833084947839,0.0765475926336809,False,1.1511,0.237,0.9917,0.1178,0.0938,0.0853,236.6
8483516,Jimmy Snuggerud,STL,R,F,4,18,77.0,53.7,38.81,0.7227188081936685,46.2,82,0.5634146341463415,-0.159304174047327,-0.22042345133577582,16.654,1068.1,72.5,0.0807440244085977,0.0562248164707181,0.0619612290346703,True,0.3691,0.628,1.0504,0.077,0.0786,0.0612,236.6
8482089,Jake Neighbours,STL,L,F,7,14,228.0,72.7,38.55,0.530261348005502,41.1,82,0.501219512195122,-0.02904183581038,-0.05476890955679965,15.446,2917.8,105.4,0.0858884373845585,0.0750745156482861,0.0399378744175726,False,0.6232,0.388,1.0144,0.0797,0.0682,0.0367,236.6
8481598,Philip Broberg,STL,D,D,1,24,161.0,73.1,30.59,0.41846785225718197,36.8,82,0.448780487804878,0.030312635547696032,0.07243719053731873,22.583,2861.9,106.0,0.0312153675655707,0.055886736214605,0.0732194364322165,False,0.4526,0.447,1.0232,0.0343,0.06,0.0789,236.6
8477494,Jonathan Drouin,STL,L,F,3,18,186.0,60.0,29.34,0.489,34.7,82,0.4231707317073171,-0.06582926829268287,-0.1346201805576337,17.214,2568.9,87.0,0.0343553749538234,0.0659463487332339,0.0412691368981584,False,0.1048,0.76,1.0702,0.0388,0.0729,0.0438,236.6
8475764,Cam Fowler,STL,D,D,2,20,231.0,78.6,33.03,0.42022900763358784,32.8,82,0.39999999999999997,-0.02022900763358787,-0.048138056312443424,21.414,4096.6,113.9,0.0265977096416697,0.073956780923994,0.0643443532283115,False,0.2374,0.046,0.963,0.0242,0.0657,0.0609,236.6
8480459,Pius Suter,STL,C,F,6,14,212.0,68.3,33.1,0.4846266471449488,28.8,82,0.351219512195122,-0.1334071349498268,-0.2752781666789477,16.282,2680.8,99.0,0.0663095677872183,0.029806259314456,0.0550255158642112,False,0.742,0.329,1.0055,0.0579,0.0255,0.048,236.6
8476892,Colton Parayko,STL,D,D,0,24,223.0,74.2,22.9,0.3086253369272237,27.5,82,0.3353658536585366,0.02674051673131289,0.0866439450420706,22.647,4379.8,107.6,0.0345400812707794,0.029806259314456,0.0532504992234302,False,0.4465,0.453,1.0241,0.0379,0.032,0.0572,236.6
8484164,Dalibor Dvorsky,STL,R,F,8,14,73.0,53.1,15.56,0.29303201506591336,20.3,82,0.2475609756097561,-0.04547103945615727,-0.15517430559909712,14.291,883.2,71.7,0.0476131839264458,0.0120052988905447,0.028597490323694,True,0.0345,0.683,1.0586,0.0387,0.011,0.0422,236.6
8482733,Logan Mailloux,STL,D,D,3,20,75.0,48.0,10.0,0.20833333333333334,19.1,82,0.2329268292682927,0.024593495934959353,0.11804878048780489,16.756,1133.2,69.5,0.0173623937938677,0.0124813710879284,0.0108719769247836,True,0.0456,0.237,0.9918,0.0262,0.0182,0.0416,236.6
8481006,Tyler Tucker,STL,D,D,5,16,133.0,58.6,13.55,0.23122866894197952,18.9,82,0.23048780487804876,-0.0007408640639307573,-0.003204032040320471,14.336,1733.3,84.9,0.0153306243073513,0.0240312965722801,0.0386066119369869,False,0.5519,0.189,0.9845,0.017,0.0261,0.0437,236.6
8481013,Jonatan Berggren,STL,R,F,9,10,138.0,54.1,21.38,0.3951940850277264,18.0,82,0.21951219512195122,-0.17568188990577518,-0.4445458486390289,13.494,1656.7,78.5,0.0395271518285925,0.0368852459016393,0.0370534723763035,False,0.3984,-0.046,0.9492,0.0281,0.0256,0.0278,236.6
8476897,Oskar Sundqvist,STL,C,F,10,10,190.0,56.9,18.0,0.3163444639718805,16.5,82,0.20121951219512196,-0.11512495177675852,-0.36392276422764225,13.059,1990.4,82.5,0.0277059475434059,0.0378166915052161,0.0332815620146438,False,-0.0872,0.196,0.9857,0.0211,0.0282,0.0258,236.6
8480281,Alexey Toropchenko,STL,R,F,11,10,227.0,69.8,13.38,0.19169054441260747,11.5,82,0.1402439024390244,-0.05144664197358306,-0.2683838273360312,12.173,2470.7,101.2,0.0203176948651643,0.0245901639344262,0.01775016640781,False,-0.0056,0.156,0.9795,0.0165,0.0195,0.0148,236.6
8475718,Justin Holl,STL,D,D,4,16,120.0,26.4,3.66,0.13863636363636364,4.2,82,0.051219512195121955,-0.08741685144124169,-0.630547780887645,15.027,1644.6,38.3,0.0062800147765053,0.0068926974664679,0.0028844020412691,False,0.1888,0.552,1.039,0.007,0.0075,0.0031,236.6
8476453,Nikita Kucherov,TBL,R,F,0,22,235.0,76.8,128.79,1.676953125,126.6,82,1.5439024390243903,-0.13305068597560976,-0.07934073051422338,20.641,3759.1,111.4,0.1267859619919545,0.1753907930589416,0.1419826560108825,False,1.7864,1.689,1.2095,0.1535,0.2111,0.159,300.2
8477404,Jake Guentzel,TBL,C,F,1,22,228.0,79.8,85.31,1.069047619047619,99.0,82,1.2073170731707317,0.13826945412311265,0.1293389103156065,20.172,3412.4,115.7,0.1198501872659176,0.0978058224580525,0.0918211188573372,False,1.4848,1.84,1.2321,0.1513,0.1227,0.1052,300.2
8479542,Brandon Hagel,TBL,L,F,2,22,235.0,74.4,77.93,1.0474462365591397,82.5,82,1.0060975609756098,-0.04134867558352995,-0.03947570208410918,19.983,3506.1,107.9,0.1025107504508253,0.0933601032554137,0.0561129059683727,False,1.893,1.636,1.2015,0.1274,0.1153,0.0649,300.2
8478010,Brayden Point,TBL,C,F,3,18,221.0,67.6,60.48,0.8946745562130178,66.3,82,0.8085365853658536,-0.08613797084716424,-0.09627855207123515,18.741,3279.2,98.0,0.0968234151754751,0.0793058941632009,0.0675055262710423,False,1.0067,1.04,1.1122,0.0972,0.0791,0.0681,300.2
8478178,Darren Raddysh,TBL,D,D,1,24,228.0,73.6,59.48,0.8081521739130435,66.0,82,0.8048780487804879,-0.0032741251325556497,-0.0040513720537339575,21.126,3738.4,106.8,0.0534054653904841,0.0649648644772694,0.0952219010372385,False,0.9438,0.666,1.056,0.0602,0.0728,0.1137,300.2
8478519,Anthony Cirelli,TBL,C,F,4,18,230.0,73.7,53.21,0.7219810040705563,46.5,82,0.5670731707317073,-0.15490783333884905,-0.2145594308790298,17.765,3164.9,106.9,0.0712997641836593,0.0394378316363114,0.052031967352491,False,1.3689,0.859,1.085,0.0736,0.0405,0.0554,300.2
8477416,Oliver Bjorkstrand,TBL,R,F,7,14,241.0,79.9,37.24,0.4660826032540676,41.5,82,0.5060975609756098,0.04001495772154218,0.08585378952608003,14.177,2882.5,115.8,0.0589540851713136,0.0652516850709881,0.0287366094201666,False,0.5742,0.25,0.9937,0.0543,0.0598,0.0298,300.2
8475167,Victor Hedman,TBL,D,D,0,24,190.0,47.2,32.9,0.6970338983050847,41.0,82,0.5,-0.19703389830508466,-0.28267477203647406,21.245,3238.4,68.5,0.0196976002219447,0.0530618098379463,0.0525420846794762,False,0.6656,0.944,1.0978,0.0229,0.0614,0.0624,300.2
8476826,Yanni Gourde,TBL,C,F,5,18,219.0,75.8,29.07,0.3835092348284961,35.0,82,0.4268292682926829,0.043320033464186836,0.11295695000293643,16.387,3078.2,110.0,0.0295464003329171,0.0431664993546536,0.0333276653630335,False,0.7108,1.188,1.1344,0.0346,0.0502,0.0385,300.2
8480426,Charle-Edouard D'Astous,TBL,D,D,4,16,70.0,70.0,29.0,0.4142857142857143,28.8,82,0.351219512195122,-0.06306620209059233,-0.152228763666947,18.752,1159.0,70.0,0.0241364960466084,0.0332711888713609,0.0739670124128549,True,0.3746,0.121,0.9743,0.0251,0.0257,0.0535,300.2
8470621,Corey Perry,TBL,R,F,9,10,207.0,72.9,34.28,0.47023319615912207,27.7,82,0.33780487804878045,-0.13242831811034161,-0.2816226484901956,13.191,2212.6,105.8,0.0559023442918574,0.0395812419331708,0.0345179391259989,False,0.6496,0.457,1.0247,0.0408,0.0287,0.0275,300.2
8482655,J.J. Moser,TBL,D,D,2,20,213.0,73.0,25.17,0.34479452054794524,27.0,82,0.32926829268292684,-0.015526227865018394,-0.045030378790081156,21.011,3652.5,105.9,0.0217783326397558,0.019647210669726,0.056793062404353,False,0.3354,0.575,1.0424,0.0203,0.0182,0.0568,300.2
8482201,Gage Goncalves,TBL,C,F,11,10,136.0,65.7,27.59,0.41993911719939114,24.5,82,0.29878048780487804,-0.1211586293945131,-0.28851474995358867,13.017,1612.6,95.2,0.0382854764877236,0.0309766241216119,0.0455704812106784,False,0.402,0.581,1.0433,0.0288,0.0232,0.0368,300.2
8474151,Ryan McDonagh,TBL,D,D,3,20,204.0,58.0,24.17,0.4167241379310345,23.6,82,0.2878048780487805,-0.128919259882254,-0.3093635528825292,19.859,3401.3,84.1,0.0191427382438618,0.0296859314498781,0.0360482911069546,False,0.5746,0.335,1.0065,0.0182,0.0281,0.0382,300.2
8477426,Nick Paul,TBL,L,F,6,14,209.0,59.2,23.41,0.3954391891891892,22.9,82,0.2792682926829268,-0.11617089650626239,-0.2937768933434743,14.879,2745.5,85.8,0.0395339159384103,0.0179262871074143,0.0289066485291617,False,0.4442,0.315,1.0034,0.0351,0.0158,0.0286,300.2
8476878,Zemgus Girgensons,TBL,C,F,8,14,219.0,75.2,16.21,0.21555851063829787,18.5,82,0.22560975609756098,0.010051245459263114,0.046628850002257013,13.782,2430.5,109.0,0.0263559439589402,0.0163487738419618,0.0214249277333786,False,0.0558,0.509,1.0326,0.026,0.016,0.0229,300.2
8480995,Pontus Holmberg,TBL,R,F,10,10,192.0,68.4,20.93,0.3059941520467836,17.4,82,0.2121951219512195,-0.09379903009556409,-0.30653863633715167,13.087,2241.0,99.2,0.0288528228603135,0.0239495195755055,0.0251657881312701,False,0.512,0.526,1.0351,0.0214,0.0177,0.0202,300.2
8478416,Erik Cernak,TBL,D,D,5,16,206.0,65.2,13.55,0.20782208588957055,11.8,82,0.14390243902439026,-0.06391964686518029,-0.3075690756907568,17.912,3135.1,94.5,0.0108198085726175,0.0160619532482432,0.0197245366434279,False,0.1209,0.375,1.0124,0.0092,0.0136,0.0185,300.2
8477939,William Nylander,TOR,R,F,1,22,229.0,70.3,81.52,1.159601706970128,92.8,82,1.1317073170731706,-0.027894389896957472,-0.024055147322817837,19.482,3439.3,101.9,0.1339021417377677,0.1396176911544228,0.0805803571428571,False,1.6281,1.263,1.1457,0.1709,0.1795,0.0941,244.8
8482720,Matthew Knies,TOR,L,F,2,22,237.0,78.8,61.93,0.7859137055837564,79.4,82,0.9682926829268294,0.18237897734307296,0.23205980001023976,18.368,3215.9,114.3,0.0903708862963608,0.0965142428785607,0.0890625,False,0.6422,1.756,1.2196,0.1303,0.1401,0.1103,244.8
8479318,Auston Matthews,TOR,C,F,0,22,208.0,63.1,62.76,0.9946117274167987,69.1,82,0.8426829268292683,-0.15192880058753044,-0.15275186929689566,20.733,3206.8,91.5,0.1258923907365488,0.0820839580209895,0.0640625,False,1.884,1.135,1.1265,0.1485,0.0975,0.0703,244.8
8475166,John Tavares,TOR,C,F,3,18,237.0,80.2,71.31,0.8891521197007481,64.1,82,0.7817073170731706,-0.1074448026275775,-0.12083961815638361,18.167,3381.9,116.2,0.1319867664983458,0.0892053973013493,0.0908482142857143,False,1.6315,-0.151,0.9336,0.1205,0.082,0.093,244.8
8477503,Max Domi,TOR,C,F,5,18,234.0,78.6,36.03,0.45839694656488555,49.0,82,0.5975609756097561,0.13916402904487052,0.3035884730204502,14.643,2946.4,113.9,0.0407452550931568,0.095952023988006,0.0334821428571428,False,0.2199,0.555,1.0394,0.0514,0.1218,0.0425,244.8
8476853,Morgan Rielly,TOR,D,D,1,24,232.0,78.6,38.72,0.4926208651399491,46.8,82,0.5707317073170731,0.078110842177124,0.1585617818988106,21.365,4278.5,113.9,0.0461431307678913,0.0489130434782608,0.0908482142857143,False,0.4286,0.41,1.0178,0.0521,0.0556,0.1055,244.8
8481711,Matias Maccelli,TOR,L,F,6,14,208.0,67.9,35.17,0.5179675994108983,41.2,82,0.5024390243902439,-0.015528575020654412,-0.029979819275019467,14.54,2654.2,98.5,0.0633815079226885,0.0624062968515742,0.0629464285714285,False,0.6483,0.414,1.0183,0.0613,0.0608,0.0626,244.8
8475171,Oliver Ekman-Larsson,TOR,D,D,2,20,235.0,77.9,36.1,0.46341463414634143,40.6,82,0.4951219512195122,0.03170731707317076,0.06842105263157901,20.553,3903.0,113.0,0.035521504440188,0.0447901049475262,0.1042410714285714,False,0.3109,0.764,1.0708,0.0365,0.0464,0.1048,244.8
8476931,Jake McCabe,TOR,D,D,0,24,219.0,76.1,24.72,0.3248357424441524,31.9,82,0.3890243902439024,0.06418864779974998,0.19760340200489374,22.103,3930.3,110.4,0.021939752742469,0.0485382308845577,0.0558035714285714,False,0.4105,0.429,1.0205,0.024,0.0535,0.0626,244.8
8481582,Nicholas Robertson,TOR,L,F,9,10,203.0,74.3,29.24,0.39353970390309556,28.6,82,0.3487804878048781,-0.04475921609821748,-0.11373494377898628,12.446,2216.2,107.8,0.0788786348598293,0.0378560719640179,0.0366071428571428,False,0.5473,0.291,0.9998,0.0625,0.0302,0.0304,244.8
8478057,Dakota Joshua,TOR,C,F,8,14,175.0,56.0,18.0,0.32142857142857145,23.8,82,0.2902439024390244,-0.031184668989547026,-0.09701897018970185,12.589,2035.4,81.2,0.0473620059202507,0.0279235382308845,0.0147321428571428,False,0.6809,0.398,1.0159,0.0528,0.0314,0.0169,244.8
8480870,Bo Groulx,TOR,C,F,4,18,58.0,15.9,4.73,0.2974842767295598,17.3,82,0.21097560975609758,-0.08650866697346221,-0.29080080441396383,14.791,625.7,17.5,0.0091811375112785,0.0098814229249011,0.000588474025974,True,-0.5217,0.926,1.095,0.0096,0.0271,0.0388,244.8
8478904,Steven Lorentz,TOR,C,F,11,10,189.0,70.9,17.21,0.24273624823695344,17.1,82,0.20853658536585368,-0.03419966287109977,-0.14089227760377535,11.394,1732.7,102.8,0.0250740031342503,0.0256746626686656,0.0321428571428571,False,0.4022,0.363,1.0107,0.0219,0.0226,0.0292,244.8
8475714,Calle Jarnkrok,TOR,C,F,10,10,127.0,46.8,8.66,0.18504273504273505,14.0,82,0.17073170731707318,-0.014311027725661868,-0.07733904128879623,12.238,1380.4,67.8,0.0210691276336409,0.014055472263868,0.0044642857142857,True,0.1794,0.475,1.0274,0.0167,0.0162,0.0274,244.8
8479442,Troy Stecher,TOR,D,D,5,16,184.0,63.8,11.83,0.18542319749216302,13.0,82,0.15853658536585366,-0.026886612126309356,-0.14500134012329136,17.798,2777.7,92.5,0.0109698763712345,0.0238005997001499,0.0296875,False,-0.2045,-0.117,0.9387,0.0091,0.02,0.0276,244.8
8478443,Brandon Carlo,TOR,D,D,4,16,214.0,63.2,8.69,0.13749999999999998,8.0,82,0.0975609756097561,-0.03993902439024388,-0.29046563192904645,19.263,3443.9,91.7,0.0022636252829531,0.0043103448275862,0.0372767857142857,False,-0.1166,-0.204,0.9255,0.0017,0.0033,0.032,244.8
8475690,Chris Tanev,TOR,D,D,3,20,161.0,30.9,7.03,0.22750809061488675,7.9,82,0.09634146341463415,-0.1311666272002526,-0.5765360996426465,19.302,2632.9,44.8,0.0031342503917812,0.0116191904047976,0.0162946428571428,False,0.764,0.311,1.0028,0.0032,0.012,0.0175,244.8
8479343,Clayton Keller,UTA,R,F,1,22,241.0,81.5,87.66,1.0755828220858896,97.2,82,1.1853658536585365,0.1097830315726469,0.10206841288125396,19.104,3591.2,118.2,0.0866611433305716,0.1749612536593766,0.1195629333893675,False,1.0774,0.884,1.0889,0.0947,0.1998,0.127,273.8
8477951,Nick Schmaltz,UTA,C,F,0,22,243.0,81.8,70.45,0.8612469437652812,79.3,82,0.9670731707317073,0.10582622696642607,0.12287559071474312,19.412,3495.2,118.6,0.1193040596520298,0.1031513690373686,0.0804790922462702,False,1.0276,0.909,1.0926,0.1288,0.1163,0.0841,273.8
8482699,Dylan Guenther,UTA,R,F,3,18,194.0,74.5,67.24,0.9025503355704697,70.4,82,0.8585365853658538,-0.04401375020461595,-0.04876597843908222,17.259,2472.4,108.0,0.1501242750621375,0.0888582744962975,0.0590460180710233,False,0.9481,0.601,1.0463,0.1428,0.0883,0.0568,273.8
8483431,Logan Cooley,UTA,C,F,2,22,211.0,61.0,48.38,0.7931147540983607,65.8,82,0.8024390243902438,0.009324270291883097,0.011756521037719488,17.346,2835.4,88.5,0.1005799502899751,0.0607887032891337,0.0569447362891363,False,0.7412,1.052,1.1141,0.1239,0.0782,0.0666,273.8
8482175,JJ Peterka,UTA,R,F,4,18,241.0,80.8,52.28,0.647029702970297,61.0,82,0.7439024390243902,0.09687273605409319,0.14971914830089383,16.519,3357.3,117.2,0.1115161557580778,0.0547614947477182,0.079218323177138,False,0.6691,0.74,1.0672,0.1131,0.058,0.0796,273.8
8479410,Mikhail Sergachev,UTA,D,D,0,24,189.0,74.7,54.79,0.7334672021419009,54.5,82,0.6646341463414634,-0.06883305580043741,-0.09384612645177359,24.445,3330.2,108.3,0.0462303231151615,0.0607887032891337,0.145408699306577,False,0.6624,0.432,1.021,0.0404,0.0555,0.1316,273.8
8478474,Lawson Crouse,UTA,L,F,5,18,243.0,81.0,37.59,0.46407407407407414,45.0,82,0.5487804878048781,0.08470641373080395,0.18252778696980898,15.92,2976.1,117.4,0.0904722452361226,0.0509729636645427,0.0224837150661903,False,0.532,0.809,1.0775,0.0961,0.0566,0.0234,273.8
8477346,MacKenzie Weegar,UTA,D,D,1,24,242.0,79.7,34.24,0.4296110414052698,40.4,82,0.4926829268292683,0.0630718854239985,0.14681160246181893,22.913,4401.8,115.5,0.0261806130903065,0.0614775271224384,0.0796385795335154,False,0.4319,0.662,1.0556,0.0252,0.0619,0.0769,273.8
8478507,John Marino,UTA,D,D,2,20,190.0,68.8,29.93,0.4350290697674419,30.5,82,0.3719512195121951,-0.06307785025524676,-0.14499686259809477,20.377,3344.5,99.8,0.0087821043910521,0.0514895815395212,0.0760664005043076,False,0.5274,0.355,1.0095,0.0076,0.0465,0.0688,273.8
8480434,Sean Durzi,UTA,D,D,3,20,166.0,53.9,24.1,0.44712430426716143,28.5,82,0.3475609756097561,-0.09956332865740536,-0.22267483048274475,19.784,2860.9,78.1,0.0190555095277547,0.0406406061649733,0.0615675562092876,False,0.3554,0.527,1.0353,0.0174,0.0387,0.0574,273.8
8479619,Michael Carcone,UTA,L,F,11,10,206.0,72.4,27.97,0.3863259668508287,27.3,82,0.3329268292682927,-0.053399137582536005,-0.1382230089730285,12.394,2266.2,104.9,0.0644573322286661,0.0325469261236438,0.0443370455978146,False,0.5861,0.59,1.0446,0.0474,0.025,0.033,273.8
8480849,Barrett Hayton,UTA,C,F,6,14,182.0,68.3,29.03,0.4250366032210835,24.8,82,0.3024390243902439,-0.1225975788308396,-0.28844004940221646,15.47,2299.3,99.0,0.0450704225352112,0.0346133976235577,0.0407648665686068,False,1.0173,0.188,0.9844,0.035,0.0281,0.034,273.8
8477220,Nate Schmidt,UTA,D,D,5,16,225.0,80.2,20.72,0.25835411471321695,21.3,82,0.2597560975609756,0.0014019828477586649,0.005426593841228037,18.779,3409.0,116.3,0.0197183098591549,0.038229722748407,0.0485396091615885,False,0.663,0.638,1.052,0.0154,0.0312,0.0381,273.8
8480855,Jack McBain,UTA,C,F,9,10,224.0,76.1,25.55,0.33574244415243104,21.1,82,0.2573170731707317,-0.07842537098169933,-0.23358789556584417,13.701,2546.5,110.4,0.0394366197183098,0.0451179610814534,0.0361420466484555,False,0.4584,0.653,1.0542,0.0265,0.0316,0.0243,273.8
8477021,Alexander Kerfoot,UTA,C,F,7,14,197.0,48.7,18.83,0.38665297741273097,19.3,82,0.2353658536585366,-0.15128712375419437,-0.3912736551688405,14.318,2365.0,70.5,0.0336371168185584,0.0292750129154468,0.0203824332843034,False,0.5244,0.434,1.0214,0.0293,0.0266,0.0184,273.8
8474013,Ian Cole,UTA,D,D,4,16,242.0,81.7,20.72,0.25361077111383107,18.1,82,0.2207317073170732,-0.03287906379675787,-0.12964379885111574,18.784,3797.9,118.5,0.0117647058823529,0.0335801618736008,0.0422357638159277,False,0.6385,0.663,1.0556,0.0092,0.0275,0.0332,273.8
8478831,Kevin Stenlund,UTA,C,F,8,14,243.0,80.6,20.21,0.25074441687344917,15.9,82,0.19390243902439025,-0.05684197784905892,-0.2266928953307347,14.317,2587.9,116.8,0.0205468102734051,0.0194592732908558,0.0260558940953981,False,-0.1484,0.771,1.0718,0.0188,0.0186,0.0235,273.8
8480012,Elias Pettersson,VAN,C,F,0,22,220.0,72.1,52.17,0.7235783633841887,64.0,82,0.7804878048780488,0.056909441493860125,0.07865000444138996,18.951,3021.5,104.6,0.0824442289039767,0.0866666666666666,0.1074731317170707,False,0.6605,0.699,1.061,0.1056,0.1147,0.1234,219.6
8478444,Brock Boeser,VAN,R,F,1,22,231.0,75.4,50.21,0.6659151193633952,62.3,82,0.7597560975609756,0.09384097819758042,0.14092032973705565,18.806,3242.8,109.3,0.1028128031037827,0.0985416666666666,0.0482379405148713,False,0.6788,0.689,1.0596,0.1325,0.1312,0.0558,219.6
8482079,Marco Rossi,VAN,C,F,2,22,214.0,59.9,41.38,0.6908180300500836,57.1,82,0.6963414634146342,0.005523433364550634,0.00799549682302037,17.659,3091.5,86.9,0.0775945683802133,0.069375,0.0769807548112972,False,0.7184,0.67,1.0566,0.1062,0.0981,0.0949,219.6
8478498,Jake DeBrusk,VAN,L,F,3,18,243.0,81.2,43.31,0.5333743842364532,53.8,82,0.6560975609756097,0.12272317673915645,0.230088246391584,16.81,3124.0,117.7,0.1237633365664403,0.0541666666666666,0.0627343164208947,False,1.2981,0.526,1.0351,0.1426,0.0645,0.0665,219.6
8479425,Filip Hronek,VAN,D,D,0,24,224.0,76.9,45.07,0.5860858257477243,47.6,82,0.5804878048780489,-0.005598020869675424,-0.009551537716397607,24.679,4289.0,111.4,0.0312318137730358,0.0960416666666666,0.1212196950762309,False,0.3695,0.266,0.996,0.0315,0.0999,0.1166,219.6
8475169,Evander Kane,VAN,L,F,4,18,148.0,71.5,32.18,0.45006993006993007,44.7,82,0.5451219512195122,0.09505202114958217,0.21119389410177516,16.451,2131.1,78.7,0.064950180760074,0.0834848484848485,0.031628456522233,False,0.5961,0.877,1.0877,0.0804,0.1067,0.0342,219.6
8481024,Linus Karlsson,VAN,C,F,9,10,106.0,60.3,25.59,0.42437810945273635,30.2,82,0.36829268292682926,-0.05608542652590709,-0.1321590941583508,12.358,1117.8,87.5,0.0622696411251212,0.0445833333333333,0.0417395651087228,True,1.0756,0.222,0.9895,0.0646,0.0464,0.0379,219.6
8484798,Zeev Buium,VAN,D,D,2,20,76.0,76.0,26.0,0.34210526315789475,29.3,82,0.3573170731707317,0.015211810012836946,0.04446529080675415,19.577,1254.6,76.0,0.0337536372453928,0.054375,0.0652336915771057,True,0.1814,0.04,0.9622,0.0382,0.0495,0.0567,219.6
8482055,Drew O'Connor,VAN,L,F,7,14,245.0,82.3,28.31,0.34398541919805586,28.9,82,0.3524390243902439,0.008453605192188018,0.024575475355601343,14.634,3177.3,119.3,0.0663433559650824,0.0504166666666666,0.0252436890777305,False,0.6622,0.159,0.98,0.0647,0.0508,0.0239,219.6
8477969,Marcus Pettersson,VAN,D,D,1,24,242.0,81.0,21.48,0.2651851851851852,28.0,82,0.34146341463414637,0.07627822944896118,0.28764136803379214,21.593,4475.6,117.5,0.0143549951503394,0.0333333333333333,0.0777305673581604,False,0.2657,0.369,1.0116,0.0168,0.0403,0.0855,219.6
8476927,Teddy Blueger,VAN,C,F,5,18,185.0,48.6,19.93,0.41008230452674893,26.0,82,0.3170731707317073,-0.09300913379504161,-0.22680601617857615,15.466,2300.9,70.5,0.0329776915615906,0.0289583333333333,0.0412396900774806,False,0.4555,0.947,1.0983,0.0438,0.0398,0.0475,219.6
8484240,Tom Willander,VAN,D,D,3,20,70.0,70.0,21.0,0.3,25.1,82,0.30609756097560975,0.0060975609756097615,0.02032520325203254,16.99,1041.1,70.0,0.0168768186226964,0.0302083333333333,0.0507373156710822,True,0.0402,0.181,0.9834,0.0382,0.0294,0.0586,219.6
8480078,Filip Chytil,VAN,C,F,6,14,78.0,22.5,8.76,0.3893333333333333,21.3,82,0.2597560975609756,-0.1295772357723577,-0.33281824256598724,15.011,1021.0,32.6,0.0279340446168768,0.01,0.0097475631092226,True,0.7883,0.096,0.9706,0.0445,0.0253,0.0318,219.6
8483499,Liam Ohgren,VAN,L,F,8,14,97.0,53.7,13.76,0.25623836126629423,19.6,82,0.23902439024390246,-0.017213971022391777,-0.0671795235394214,12.954,1128.4,77.8,0.0341416100872938,0.0279166666666666,0.0172456885778555,True,-0.4707,0.725,1.065,0.0216,0.0382,0.0375,219.6
8482691,Aatu Räty,VAN,C,F,10,10,99.0,57.4,13.22,0.23031358885017422,16.0,82,0.1951219512195122,-0.03519163763066202,-0.15279878971255673,11.818,1057.2,77.5,0.026877896325035,0.0299845679012345,0.0252344321327075,True,-0.1393,0.83,1.0806,0.0185,0.0295,0.0341,219.6
8481535,Nils Hoglander,VAN,L,F,11,10,190.0,49.1,11.97,0.24378818737270877,13.3,82,0.16219512195121952,-0.08159306542148925,-0.3346883468834688,11.803,2153.2,71.2,0.026576139670223,0.02625,0.0192451887028243,False,0.5837,0.468,1.0264,0.024,0.0245,0.0161,219.6
8475762,Derek Forbort,VAN,D,D,4,16,91.0,16.8,2.93,0.1744047619047619,12.3,82,0.15000000000000002,-0.024404761904761874,-0.1399317406143343,16.941,1307.3,24.4,0.0027158098933074,0.0047916666666666,0.0102474381404648,True,0.0831,-0.298,0.9114,0.0202,0.0086,0.0319,219.6
8483678,Elias Pettersson,VAN,D,D,5,16,98.0,59.1,8.19,0.13857868020304567,10.7,82,0.13048780487804879,-0.008090875324996888,-0.058384704726168024,14.714,1305.4,79.8,0.0139598376261809,0.0060416666666666,0.0340933285197219,True,-0.2984,0.083,0.9687,0.0061,0.0027,0.047,219.6
8478483,Mitch Marner,VGK,R,F,1,22,231.0,80.2,85.66,1.068079800498753,92.5,82,1.1280487804878048,0.05996897998905171,0.05614653508197463,20.367,3390.5,116.2,0.0921843687374749,0.137833827893175,0.0929282160625444,False,1.399,1.449,1.1736,0.1182,0.1705,0.1114,270.6
8478403,Jack Eichel,VGK,C,F,0,22,214.0,74.0,89.45,1.2087837837837838,90.9,82,1.1085365853658538,-0.10024719841793006,-0.0829322826487068,20.993,3164.8,107.2,0.0954766676209562,0.0931750741839762,0.1471215351812367,False,1.1539,1.572,1.192,0.1206,0.1136,0.1711,270.6
8475913,Mark Stone,VGK,R,F,2,22,182.0,61.2,70.17,1.1465686274509803,76.5,82,0.9329268292682927,-0.21364179818268758,-0.18633145288272027,19.237,2533.5,88.7,0.0863154881190953,0.1032640949554896,0.058457711442786,False,1.7446,1.276,1.1477,0.1146,0.1323,0.0742,270.6
8481604,Pavel Dorofeyev,VGK,R,F,4,18,211.0,79.6,58.34,0.7329145728643217,69.8,82,0.8512195121951219,0.11830493933080022,0.16141709240198313,17.16,2820.3,115.4,0.1321213856283996,0.0627596439169139,0.0433546552949538,False,1.5393,1.245,1.1429,0.1602,0.0734,0.0505,270.6
8476881,Tomas Hertl,VGK,C,F,3,18,209.0,77.9,57.34,0.7360718870346598,58.1,82,0.7085365853658536,-0.027535301668806134,-0.037408440878967525,17.218,2835.8,112.9,0.0718580017177211,0.063946587537092,0.0664534470504619,False,1.3814,1.324,1.1548,0.0877,0.0753,0.0771,270.6
8477964,Ivan Barbashev,VGK,L,F,6,14,234.0,79.1,57.48,0.7266750948166878,52.6,82,0.6414634146341464,-0.08521168018254144,-0.11726242001459686,16.352,3449.8,114.7,0.0881763527054108,0.093026706231454,0.0644989339019189,False,0.7218,0.134,0.9764,0.0745,0.0759,0.0613,270.6
8478397,Rasmus Andersson,VGK,D,D,0,24,240.0,80.8,42.59,0.5271039603960397,44.7,82,0.5451219512195122,0.01801799082347255,0.034182992686935476,23.433,4364.9,117.2,0.0496707701116518,0.0681008902077151,0.0399786780383795,False,0.273,1.085,1.1189,0.0576,0.0762,0.0455,270.6
8477447,Shea Theodore,VGK,D,D,1,24,184.0,67.7,43.55,0.6432791728212702,44.3,82,0.5402439024390243,-0.10303527038224591,-0.16017193581809527,22.599,3415.9,98.2,0.0332092756942456,0.057566765578635,0.0723169864960909,False,1.085,0.273,0.9971,0.0356,0.0595,0.0852,270.6
8478396,Noah Hanifin,VGK,D,D,2,20,231.0,73.8,31.97,0.4331978319783198,33.4,82,0.4073170731707317,-0.02588075880758811,-0.059743509540194015,22.402,4355.3,107.0,0.0181792155740051,0.0464391691394658,0.0767590618336887,False,0.682,0.56,1.0401,0.0171,0.0421,0.0761,270.6
8483890,Braeden Bowman,VGK,R,F,10,10,54.0,54.0,26.0,0.48148148148148145,26.4,82,0.32195121951219513,-0.15953026196928632,-0.3313320825515947,14.131,680.8,54.0,0.0332092756942456,0.0387240356083086,0.0463752665245202,True,0.4777,0.465,1.0259,0.0289,0.0356,0.039,270.6
8479353,Brett Howden,VGK,C,F,7,14,210.0,64.3,26.14,0.4065318818040436,25.0,82,0.3048780487804878,-0.1016538330235558,-0.2500513184167803,14.756,2659.0,93.2,0.0521042084168336,0.021513353115727,0.0246979388770433,False,0.2567,0.367,1.0112,0.0505,0.0201,0.026,270.6
8475191,Reilly Smith,VGK,R,F,9,10,224.0,71.9,30.34,0.42197496522948535,21.2,82,0.25853658536585367,-0.1634383798636317,-0.38731771628856687,14.328,2834.6,104.2,0.0470941883767535,0.036053412462908,0.0298507462686567,False,0.5483,0.43,1.0206,0.0339,0.0251,0.0231,270.6
8475343,Nic Dowd,VGK,C,F,8,14,221.0,75.9,22.52,0.29670619235836626,19.7,82,0.24024390243902438,-0.05646228991934188,-0.1902969717974267,14.746,2691.0,110.1,0.024620669911251,0.0086053412462908,0.0438877043354655,False,0.0122,0.489,1.0296,0.0243,0.0082,0.0463,270.6
8476448,William Karlsson,VGK,C,F,5,18,137.0,27.3,15.97,0.584981684981685,16.7,82,0.20365853658536584,-0.3813231483963192,-0.6518548497945844,16.457,1766.1,39.5,0.0191812195820211,0.0212166172106824,0.0103056147832267,False,1.1082,1.46,1.1752,0.0249,0.0266,0.0125,270.6
8481527,Kaedan Korczak,VGK,D,D,5,16,144.0,65.2,14.07,0.21579754601226994,16.2,82,0.19756097560975608,-0.018236570402513863,-0.0845077747152739,15.85,2187.9,94.6,0.0088748926424277,0.023887240356083,0.0293176972281449,False,0.4905,0.104,0.9718,0.0088,0.0229,0.0329,270.6
8475188,Brayden McNabb,VGK,D,D,3,20,227.0,68.9,14.9,0.216255442670537,15.3,82,0.18658536585365854,-0.02967007681687847,-0.13719921427402193,20.309,3894.9,99.9,0.0166046378471228,0.0182492581602373,0.0207889125799573,False,0.5597,0.682,1.0585,0.0175,0.0186,0.0227,270.6
8476438,Brandon Saad,VGK,L,F,11,10,203.0,56.8,16.34,0.2876760563380282,13.9,82,0.16951219512195123,-0.11816386121607694,-0.4107532017792638,14.034,2628.6,82.4,0.0281992556541654,0.0212166172106824,0.0214996446339729,False,0.3817,0.513,1.0331,0.021,0.0152,0.017,270.6
8478468,Jeremy Lauzon,VGK,D,D,4,16,175.0,59.1,10.17,0.17208121827411166,10.6,82,0.12926829268292683,-0.042812925591184825,-0.24879487732930416,17.403,2676.3,85.7,0.0042943028914972,0.0097922848664688,0.0275408670931059,False,0.1039,0.49,1.0298,0.0041,0.009,0.0281,270.6
8476460,Mark Scheifele,WPG,C,F,0,22,238.0,81.4,97.0,1.1916461916461916,107.3,82,1.3085365853658537,0.11689039371966214,0.09809152627608762,21.163,3943.9,118.1,0.1503555706061632,0.1533624454148471,0.1180525635501938,False,1.0614,1.063,1.1156,0.1702,0.1753,0.1234,273.1
8478398,Kyle Connor,WPG,L,F,1,22,229.0,80.8,91.07,1.1271039603960396,99.1,82,1.2085365853658536,0.08143262496981407,0.07224943557220795,21.135,3643.9,117.2,0.1483237385709448,0.1285589519650655,0.1057733735458854,False,0.9853,1.101,1.1213,0.169,0.1479,0.1107,273.1
8480014,Gabriel Vilardi,WPG,C,F,2,22,200.0,76.9,64.79,0.8425227568270481,96.1,82,1.171951219512195,0.3294284626851469,0.3910024506943633,18.532,2888.2,111.5,0.1337622756518794,0.0875109170305677,0.1038345540715209,False,1.1399,1.023,1.1097,0.172,0.1136,0.124,273.1
8477504,Josh Morrissey,WPG,D,D,0,24,238.0,78.0,57.66,0.7392307692307691,63.5,82,0.774390243902439,0.03515947467166991,0.04756224461308105,24.6,4737.0,113.1,0.0616322384016254,0.0978165938864628,0.1161137440758294,False,0.9932,0.155,0.9794,0.0575,0.0921,0.1139,273.1
8482149,Cole Perfetti,WPG,C,F,3,18,221.0,71.6,36.76,0.5134078212290503,50.6,82,0.6170731707317073,0.10366534950265704,0.20191618673531678,15.364,2735.6,103.8,0.0499492041991195,0.0670742358078602,0.0495476087893149,False,0.8234,0.675,1.0574,0.0604,0.0819,0.0584,273.1
8480113,Alex Iafallo,WPG,L,F,5,18,243.0,79.9,29.34,0.36720901126408007,43.0,82,0.524390243902439,0.15718123263835898,0.4280429614112094,14.999,2813.9,115.9,0.0609549610565526,0.0333624454148471,0.0411460577337354,False,0.468,0.852,1.0841,0.0774,0.0428,0.0497,273.1
8473604,Jonathan Toews,WPG,C,F,6,14,82.0,82.0,29.0,0.35365853658536583,33.5,82,0.40853658536585363,0.0548780487804878,0.15517241379310343,14.489,965.0,82.0,0.0441923467660006,0.0557205240174672,0.0374838431710469,True,0.3695,0.455,1.0244,0.0386,0.0495,0.0443,273.1
8476392,Adam Lowry,WPG,C,F,4,18,224.0,71.5,25.1,0.35104895104895106,33.0,82,0.4024390243902439,0.05139007334129286,0.1463900495578661,15.173,2876.7,103.7,0.0323399932272265,0.0345851528384279,0.0409306333476949,False,0.8814,0.646,1.053,0.0394,0.0426,0.0488,273.1
8480145,Neal Pionk,WPG,D,D,1,24,202.0,57.5,19.97,0.34730434782608693,29.5,82,0.3597560975609756,0.012451749734888662,0.0358525593267951,22.337,3536.8,83.3,0.0225194717236708,0.0349344978165938,0.0433003015941404,False,0.1546,0.993,1.1052,0.0261,0.0409,0.0468,273.1
8476480,Vladislav Namestnikov,WPG,C,F,8,14,216.0,65.6,21.38,0.3259146341463415,25.4,82,0.3097560975609756,-0.016158536585365868,-0.0495790458372311,14.21,2573.6,95.1,0.0340331865899085,0.0270742358078602,0.0370529943989659,False,0.499,0.39,1.0147,0.0332,0.0267,0.0367,273.1
8476331,Dylan DeMelo,WPG,D,D,2,20,246.0,82.0,19.83,0.24182926829268292,23.7,82,0.2890243902439024,0.0471951219512195,0.19515885022692883,21.494,4558.6,118.9,0.0147307822553335,0.0267248908296943,0.0577337354588539,False,0.2905,0.587,1.0443,0.014,0.0256,0.054,273.1
8482765,Isak Rosen,WPG,R,F,11,10,52.0,27.9,7.14,0.25591397849462366,23.4,82,0.28536585365853656,0.0294518751639129,0.11508505841360922,11.325,495.1,40.5,0.0203183203521842,0.0151965065502183,0.0,True,0.3372,0.796,1.0755,0.0273,0.0319,0.0276,273.1
8474679,Gustav Nyquist,WPG,R,F,7,14,211.0,59.8,20.21,0.3379598662207358,23.1,82,0.28170731707317076,-0.056252549147565056,-0.1664474239992276,14.482,2604.5,86.8,0.0147307822553335,0.0387772925764192,0.0374838431710469,False,0.4107,0.434,1.0213,0.0142,0.0377,0.0364,273.1
8480289,Morgan Barron,WPG,C,F,10,10,219.0,68.2,20.72,0.3038123167155425,21.5,82,0.2621951219512195,-0.04161719476432296,-0.13698323759299355,11.979,2071.6,98.9,0.0406366407043684,0.0246288209606986,0.0305902628177509,False,0.5405,0.694,1.0603,0.0351,0.0215,0.0257,273.1
8475799,Nino Niederreiter,WPG,R,F,9,10,220.0,67.2,24.38,0.36279761904761904,21.4,82,0.26097560975609757,-0.10182200929152146,-0.28065787630804934,14.183,2806.6,97.4,0.0453775821198781,0.0345851528384279,0.0355450236966824,False,1.0509,0.439,1.022,0.0319,0.0246,0.0252,273.1
8480049,Dylan Samberg,WPG,D,D,3,20,204.0,65.4,15.72,0.2403669724770642,16.0,82,0.1951219512195122,-0.045245021257552004,-0.18823310370508278,21.16,3350.8,94.8,0.0062648154419234,0.0202620087336244,0.0372684187850064,False,0.5872,0.29,0.9998,0.0058,0.0189,0.0354,273.1
8476525,Colin Miller,WPG,D,D,5,16,124.0,30.1,5.62,0.1867109634551495,8.3,82,0.10121951219512196,-0.08549145126002755,-0.457881260307265,14.543,1705.5,43.6,0.0060954961056552,0.0153711790393013,0.0068935803532959,False,0.3953,0.369,1.0116,0.0066,0.0169,0.0076,273.1
8478440,Dylan Strome,WSH,C,F,1,22,244.0,80.6,64.41,0.7991315136476427,82.8,82,1.0097560975609756,0.21062458391333294,0.26356686016790304,17.871,3420.9,116.9,0.0880613712641841,0.0960860070552662,0.0957010153380859,False,0.772,1.189,1.1345,0.1167,0.1185,0.1244,270.3
8471214,Alex Ovechkin,WSH,L,F,2,22,226.0,77.7,66.24,0.8525096525096524,81.1,82,0.9890243902439023,0.13651473773424994,0.16013277659950514,17.628,2964.5,112.7,0.1173086143519258,0.0942381992272803,0.0583279325988334,False,1.1457,1.002,1.1065,0.1537,0.1149,0.0769,270.3
8476880,Tom Wilson,WSH,R,F,0,22,227.0,74.3,60.86,0.8191117092866756,66.9,82,0.8158536585365854,-0.0032580507500902245,-0.003977541418529473,19.176,3076.0,107.8,0.1104363113313089,0.058121955316647,0.0697774897386044,False,1.2323,0.959,1.1,0.1323,0.0648,0.0845,270.3
8479345,Jakob Chychrun,WSH,D,D,0,24,236.0,78.7,55.55,0.7058449809402795,63.5,82,0.774390243902439,0.06854526296215957,0.09711093060525579,22.756,4367.2,114.1,0.0938149272814447,0.0634973962707878,0.103046014257939,False,0.8205,0.358,1.0099,0.0948,0.0597,0.1148,270.3
8481580,Connor McMichael,WSH,L,F,5,18,240.0,79.1,47.76,0.6037926675094817,58.6,82,0.7146341463414634,0.1108414788319817,0.18357539731176198,16.818,3161.9,114.7,0.071120345213361,0.0786158239543087,0.0725858716785482,False,0.5211,0.991,1.1048,0.0798,0.0821,0.082,270.3
8481656,Aliaksei Protas,WSH,L,F,3,18,230.0,76.1,53.79,0.7068331143232589,50.6,82,0.6170731707317073,-0.0897599435915516,-0.12698887725073574,17.49,3171.0,110.4,0.0786319322358958,0.0745842432387031,0.0468783754590624,False,0.9465,0.778,1.0729,0.0824,0.0727,0.051,270.3
8479400,Pierre-Luc Dubois,WSH,C,F,4,18,193.0,45.4,31.79,0.7002202643171807,39.0,82,0.47560975609756095,-0.2246105082196197,-0.3207712196656412,16.891,2628.5,65.9,0.0397954291193862,0.0535864270115908,0.0568157269388636,False,1.0351,0.734,1.0663,0.0429,0.0538,0.0639,270.3
8480873,Rasmus Sandin,WSH,D,D,3,20,223.0,74.8,28.83,0.385427807486631,33.9,82,0.41341463414634144,0.027986826659710418,0.07261237024440996,19.319,3898.0,108.5,0.0199776250599328,0.0618175709726188,0.0581119032188377,False,0.5851,0.197,0.9857,0.0193,0.0557,0.0635,270.3
8482088,Justin Sourdif,WSH,C,F,8,14,82.0,54.2,24.38,0.4498154981549815,30.5,82,0.3719512195121951,-0.07786427864278639,-0.17310270313531675,14.693,1064.8,78.7,0.0426722071280166,0.0302368553670418,0.0388852883992222,True,0.5292,0.574,1.0422,0.041,0.0358,0.0465,270.3
8484186,Ryan Leonard,WSH,R,F,9,10,84.0,57.9,33.59,0.5801381692573403,28.9,82,0.3524390243902439,-0.22769914486709641,-0.39249123214661746,14.404,1004.0,78.2,0.0686638372430285,0.0649532448625343,0.0278437867549986,True,0.4499,0.208,0.9874,0.0357,0.0469,0.031,270.3
8478911,Matt Roy,WSH,D,D,1,24,229.0,76.7,20.62,0.26883963494132984,28.9,82,0.3524390243902439,0.08359938944891404,0.3109637813157957,20.472,3969.1,111.2,0.0113472910340418,0.0510666890643373,0.0358608770792827,False,0.3578,0.821,1.0793,0.0136,0.057,0.0444,270.3
8478463,Anthony Beauvillier,WSH,R,F,7,14,223.0,80.2,26.52,0.3306733167082294,27.6,82,0.33658536585365856,0.0059120491454291435,0.017878821322149973,14.971,2859.1,116.3,0.0652069681956209,0.019821938518394,0.0313242600993735,False,0.3612,0.657,1.0548,0.061,0.0173,0.0309,270.3
8483573,Ethen Frank,WSH,R,F,11,10,86.0,52.1,19.59,0.37600767754318615,26.0,82,0.3170731707317073,-0.058934506811478826,-0.15673750918213614,12.068,904.6,70.4,0.0391383872285262,0.0265225749855348,0.0218109662914156,True,0.6304,0.118,0.9738,0.0423,0.0262,0.0348,270.3
8480796,Martin Fehérváry,WSH,D,D,4,16,228.0,80.0,25.76,0.322,23.6,82,0.2878048780487805,-0.03419512195121949,-0.10619603090440834,19.234,3678.6,115.9,0.0225347610676042,0.0272131698303376,0.0639446964787211,False,0.1623,0.786,1.0741,0.0191,0.0215,0.0562,270.3
8480043,Timothy Liljegren,WSH,D,D,2,20,170.0,52.6,13.28,0.2524714828897338,16.4,82,0.19999999999999998,-0.05247148288973383,-0.2078313253012048,19.634,2807.6,76.3,0.0108678280326034,0.0270451873005207,0.028299848779434,False,0.197,0.585,1.044,0.011,0.0254,0.0304,270.3
8480144,David Kampf,WSH,C,F,10,10,177.0,47.2,8.59,0.1819915254237288,7.0,82,0.08536585365853659,-0.0966256717651922,-0.5309350066725346,13.882,1950.0,68.5,0.0131053220393159,0.0181421132202251,0.0079930870598401,False,-0.2145,0.54,1.0372,0.0093,0.012,0.0061,270.3
