team,player_id,player_name,position,slot_kind,slot_idx,line_index,slot_minutes,thin_sample,rated,linemate_war,linemate_mult,share_g_norm,share_a1_norm,share_a2_norm,sim_goals,sim_a1,sim_a2,sim_points,sim_team_gf,sim_team_ga,team_actual_last,position_actual,actual_goals,actual_a1,actual_a2,actual_points,actual_gp_weighted_avg,actual_gp_total,actual_seasons_present,delta_goals,delta_a1,delta_a2,delta_points,pct_delta_points
ANA,8484153,Leo Carlsson,C,F,2,0,22,False,True,0.778,1.0728,0.1209,0.083,0.0816,31.7,19.6,14.6,65.8,261.6,262.3,ANA,C,25.66,19.28,13.9,58.83,70.4,201.0,1.0,6.039999999999999,0.3200000000000003,0.6999999999999993,6.969999999999999,0.11847696753357129
ANA,8478873,Troy Terry,R,F,1,0,22,False,True,0.765,1.0709,0.0832,0.0974,0.0926,22.3,23.3,16.9,62.5,261.6,262.3,ANA,R,19.55,21.93,14.83,56.31,65.9,214.0,1.0,2.75,1.370000000000001,2.0699999999999985,6.189999999999998,0.10992718877641622
ANA,8484762,Beckett Sennecke,R,F,3,1,18,True,True,0.815,1.0785,0.0961,0.0889,0.0692,25.0,20.5,12.9,58.4,261.6,262.3,ANA,R,23.0,21.0,16.0,60.0,82.0,82.0,1.0,2.0,-0.5,-3.0999999999999996,-1.6000000000000014,-0.02666666666666669
ANA,8474590,John Carlson,D,D,1,0,24,False,True,1.007,1.1073,0.0388,0.0944,0.1131,10.1,23.3,22.3,55.7,261.6,262.3,ANA,D,11.55,22.76,22.97,57.28,73.7,232.0,1.0,-1.450000000000001,0.5399999999999991,-0.6699999999999982,-1.5799999999999983,-0.027583798882681535
ANA,8475798,Mikael Granlund,C,F,0,0,22,False,True,1.004,1.1068,0.0838,0.0755,0.0774,21.5,18.1,14.7,54.3,261.6,262.3,ANA,C,19.24,17.41,11.69,48.34,64.8,210.0,1.0,2.2600000000000016,0.6900000000000013,3.01,5.959999999999994,0.12329333884981368
ANA,8483445,Cutter Gauthier,L,F,6,2,14,False,True,0.48,1.0282,0.1184,0.0551,0.046,31.3,12.8,8.6,52.7,261.6,262.3,ANA,L,33.1,12.86,12.07,58.03,72.3,159.0,1.0,-1.8000000000000007,-0.05999999999999872,-3.4700000000000006,-5.329999999999998,-0.09184904359813886
ANA,8481605,Jackson LaCombe,D,D,0,0,24,False,True,0.804,1.0768,0.0449,0.0976,0.0851,11.6,24.4,16.3,52.3,261.6,262.3,ANA,D,10.41,25.03,16.1,51.55,79.6,228.0,1.0,1.1899999999999995,-0.6300000000000026,0.1999999999999993,0.75,0.01454898157129001
ANA,8475184,Chris Kreider,L,F,4,1,18,False,True,0.783,1.0736,0.088,0.0629,0.0578,22.8,15.2,11.0,49.0,261.6,262.3,ANA,L,23.17,14.03,9.69,46.9,73.8,225.0,1.0,-0.370000000000001,1.17,1.3100000000000005,2.1000000000000014,0.04477611940298511
ANA,8482745,Mason McTavish,C,F,7,2,14,False,True,0.755,1.0695,0.0651,0.0609,0.0591,16.9,14.6,11.9,43.4,261.6,262.3,ANA,C,18.34,14.34,11.03,43.72,74.5,215.0,1.0,-1.4400000000000013,0.2599999999999998,0.870000000000001,-0.3200000000000003,-0.007319304666056731
ANA,8473986,Alex Killorn,L,F,5,1,18,False,True,1.185,1.134,0.0786,0.0456,0.0447,20.5,11.3,9.0,40.9,261.6,262.3,ANA,L,16.17,9.14,8.86,34.17,80.7,227.0,1.0,4.329999999999998,2.16,0.14000000000000057,6.729999999999997,0.19695639449809765
ANA,8480068,Ryan Poehling,C,F,8,2,14,False,True,0.878,1.0879,0.0441,0.0695,0.0356,11.7,17.3,7.4,36.3,261.6,262.3,ANA,C,11.24,16.66,6.34,34.24,73.4,220.0,1.0,0.4599999999999991,0.6400000000000006,1.0600000000000005,2.059999999999995,0.06016355140186901
ANA,8483490,Pavel Mintyukov,D,D,3,1,20,False,True,0.21,0.9876,0.0323,0.0286,0.0527,8.5,7.5,11.1,27.1,261.6,262.3,ANA,D,7.0,5.62,9.07,21.69,71.1,204.0,1.0,1.5,1.88,2.0299999999999994,5.41,0.24942369755647764
ANA,8476885,Jacob Trouba,D,D,2,1,20,False,True,0.041,0.9624,0.0244,0.0394,0.0405,6.5,10.2,8.5,25.2,261.6,262.3,ANA,D,7.34,13.0,8.69,29.03,79.2,227.0,1.0,-0.8399999999999999,-2.8000000000000007,-0.1899999999999995,-3.830000000000002,-0.1319324836376163
ANA,8482803,Olen Zellweger,D,D,5,2,16,False,True,0.365,1.0109,0.0243,0.0304,0.0367,6.1,8.0,8.1,22.2,261.6,262.3,ANA,D,6.66,7.03,6.93,20.62,69.2,164.0,1.0,-0.5600000000000005,0.9699999999999998,1.17,1.5799999999999983,0.07662463627546064
ANA,8479705,Jeffrey Viel,L,F,11,3,10,True,True,0.127,0.9752,0.0174,0.0229,0.0272,4.4,6.2,5.9,16.5,261.6,262.3,ANA,L,2.22,3.7,1.48,7.41,34.6,50.0,1.0,2.18,2.5,4.42,9.09,1.2267206477732793
ANA,8475462,Radko Gudas,D,D,4,2,16,False,True,0.617,1.0487,0.0082,0.0297,0.0287,2.1,7.9,6.2,16.2,261.6,262.3,ANA,D,2.03,6.38,5.66,14.07,62.7,203.0,1.0,0.07000000000000028,1.5200000000000005,0.54,2.129999999999999,0.15138592750533042
ANA,8478366,Frank Vatrano,R,F,9,3,10,False,True,0.172,0.982,0.0291,0.0107,0.0248,7.9,2.8,5.3,16.0,261.6,262.3,ANA,R,11.07,4.14,6.0,21.21,59.7,213.0,1.0,-3.17,-1.3399999999999999,-0.7000000000000002,-5.210000000000001,-0.24563884959924567
ANA,8485512,Tim Washe,C,F,10,3,10,True,True,0.408,1.0173,0.0024,0.0073,0.0272,0.7,1.9,5.8,8.4,261.6,262.3,ANA,C,1.48,1.48,0.74,3.7,29.4,41.0,1.0,-0.78,0.41999999999999993,5.06,4.7,
BOS,8477956,David Pastrnak,R,F,0,0,22,False,True,0.661,1.0554,0.1413,0.2438,0.0806,35.7,54.9,11.1,101.7,257.0,264.9,BOS,R,33.62,52.86,15.66,102.14,78.6,241.0,1.0,2.0800000000000054,2.039999999999999,-4.5600000000000005,-0.4399999999999977,-0.004307812805952591
BOS,8478401,Pavel Zacha,C,F,2,0,22,False,True,1.012,1.108,0.1333,0.0959,0.1209,34.6,21.8,21.2,77.5,257.0,264.9,BOS,C,25.52,18.03,16.69,60.24,79.0,238.0,1.0,9.080000000000002,3.7699999999999996,4.509999999999998,17.259999999999998,0.28652058432934924
BOS,8479987,Morgan Geekie,C,F,3,1,18,False,True,0.397,1.0158,0.1641,0.061,0.0757,42.0,14.0,13.1,69.1,257.0,264.9,BOS,C,36.03,13.72,13.59,63.34,79.7,234.0,1.0,5.969999999999999,0.27999999999999936,-0.4900000000000002,5.759999999999991,0.09093779602147127
BOS,8477496,Elias Lindholm,C,F,1,0,22,False,True,1.085,1.1189,0.0858,0.0652,0.1041,22.2,15.5,19.8,57.5,257.0,264.9,BOS,C,16.86,13.1,17.52,47.48,72.6,226.0,1.0,5.34,2.4000000000000004,2.280000000000001,10.020000000000003,0.21103622577927555
BOS,8479999,Casey Mittelstadt,C,F,4,1,18,False,True,0.738,1.0669,0.085,0.0777,0.0635,21.9,18.7,11.5,52.2,257.0,264.9,BOS,C,15.21,15.52,11.83,42.55,74.0,232.0,1.0,6.689999999999998,3.1799999999999997,-0.33000000000000007,9.650000000000006,0.2267920094007052
BOS,8479325,Charlie McAvoy,D,D,0,0,24,False,True,0.828,1.0804,0.0453,0.0935,0.0857,11.4,23.5,16.5,51.4,257.0,264.9,BOS,D,10.1,23.48,17.28,50.86,64.8,193.0,1.0,1.3000000000000007,0.019999999999999574,-0.7800000000000011,0.5399999999999991,0.010617381046008635
BOS,8478042,Viktor Arvidsson,L,F,6,2,14,False,True,0.101,0.9714,0.0801,0.047,0.0676,20.7,11.3,13.5,45.6,257.0,264.9,BOS,L,21.28,11.41,12.1,44.79,65.0,154.0,1.0,-0.5800000000000018,-0.10999999999999943,1.4000000000000004,0.8100000000000023,0.018084393837910297
BOS,8483489,Fraser Minten,C,F,5,1,18,True,True,0.706,1.0622,0.0577,0.0477,0.05,15.1,11.8,9.9,36.7,257.0,264.9,BOS,C,12.45,8.07,4.83,25.34,61.9,107.0,1.0,2.6500000000000004,3.7300000000000004,5.07,11.360000000000003,0.4483030781373324
BOS,8476854,Hampus Lindholm,D,D,1,0,24,False,True,1.211,1.1378,0.0256,0.0476,0.0496,6.5,12.1,10.5,29.2,257.0,264.9,BOS,D,4.38,8.48,8.55,21.41,55.3,157.0,1.0,2.12,3.619999999999999,1.9499999999999993,7.789999999999999,0.36384866884633343
BOS,8482511,Mason Lohrei,D,D,5,2,16,False,True,0.053,0.9642,0.0262,0.0364,0.0553,6.9,9.3,11.8,27.9,257.0,264.9,BOS,D,6.31,9.28,11.21,26.79,71.8,191.0,1.0,0.5900000000000007,0.02000000000000135,0.5899999999999999,1.1099999999999994,0.04143337066069427
BOS,8482177,Marat Khusnutdinov,C,F,8,2,14,False,True,0.566,1.041,0.0406,0.0283,0.0467,10.5,7.1,10.0,27.7,257.0,264.9,BOS,C,11.62,5.79,8.52,25.93,72.3,168.0,1.0,-1.1199999999999992,1.3099999999999996,1.4800000000000004,1.7699999999999996,0.06826070188970303
BOS,8477507,Nikita Zadorov,D,D,2,1,20,False,True,-0.251,0.9185,0.0096,0.0348,0.0454,2.5,9.0,9.8,21.3,257.0,264.9,BOS,D,2.76,9.1,10.0,21.86,80.6,237.0,1.0,-0.2599999999999998,-0.09999999999999964,-0.1999999999999993,-0.5599999999999987,-0.02561756633119848
BOS,8479661,Tanner Jeannot,L,F,11,3,10,False,True,-0.149,0.9338,0.0228,0.0227,0.0296,5.8,5.9,6.4,18.1,257.0,264.9,BOS,L,6.31,6.83,6.14,19.28,73.1,199.0,1.0,-0.5099999999999998,-0.9299999999999997,0.2600000000000007,-1.1799999999999997,-0.06120331950207467
BOS,8476374,Sean Kuraly,C,F,9,3,10,False,True,-0.051,0.9486,0.0183,0.0334,0.0186,4.6,8.9,4.0,17.5,257.0,264.9,BOS,C,6.21,9.55,4.76,20.52,80.6,226.0,1.0,-1.6100000000000003,-0.6500000000000004,-0.7599999999999998,-3.0199999999999996,-0.14717348927875243
BOS,8479369,Andrew Peeke,D,D,3,1,20,False,True,0.248,0.9933,0.0139,0.0232,0.0329,3.7,6.0,7.4,17.2,257.0,264.9,BOS,D,3.76,4.66,6.03,14.45,74.1,191.0,1.0,-0.05999999999999961,1.3399999999999999,1.37,2.75,0.1903114186851211
BOS,8480035,Henri Jokiharju,D,D,4,2,16,False,True,0.11,0.9727,0.0092,0.0257,0.0278,2.4,6.9,6.2,15.5,257.0,264.9,BOS,D,2.31,6.17,5.66,14.14,47.9,175.0,1.0,0.08999999999999986,0.7300000000000004,0.54,1.3599999999999994,0.09618104667609614
BOS,8485395,James Hagens,C,F,7,2,14,True,True,0.52,1.0341,0.0252,0.0,0.0315,6.4,0.0,7.2,13.6,257.0,264.9,BOS,C,0.0,0.0,1.0,1.0,2.0,2.0,1.0,6.4,0.0,6.2,12.6,
BOS,8482117,Lukas Reichel,L,F,10,3,10,False,True,0.086,0.9692,0.0161,0.0161,0.0145,4.0,4.2,3.3,11.6,257.0,264.9,BOS,L,4.34,4.48,3.1,11.93,41.4,164.0,1.0,-0.33999999999999986,-0.28000000000000025,0.19999999999999973,-0.33000000000000007,-0.02766135792120705
BUF,8479420,Tage Thompson,C,F,1,0,22,False,True,0.855,1.0844,0.188,0.1071,0.067,53.5,25.3,11.9,90.7,283.8,243.9,BUF,C,40.21,24.76,12.14,77.1,79.1,228.0,1.0,13.29,0.5399999999999991,-0.2400000000000002,13.600000000000009,0.17639429312581076
BUF,8477949,Alex Tuch,R,F,0,0,22,False,True,0.913,1.0932,0.1277,0.0813,0.0888,36.1,20.4,17.1,73.5,283.8,243.9,BUF,R,32.97,17.41,15.38,65.76,79.4,236.0,1.0,3.1300000000000026,2.9899999999999984,1.7200000000000006,7.739999999999995,0.11770072992700721
BUF,8480839,Rasmus Dahlin,D,D,0,0,24,False,True,0.285,0.999,0.0604,0.1064,0.1261,17.0,28.2,26.0,71.2,283.8,243.9,BUF,D,18.59,26.1,26.83,71.52,76.3,231.0,1.0,-1.5899999999999999,2.099999999999998,-0.8299999999999983,-0.3199999999999932,-0.004474272930648674
BUF,8480802,Ryan McLeod,C,F,2,0,22,False,True,1.183,1.1337,0.0502,0.1266,0.0837,14.4,35.0,16.9,66.3,283.8,243.9,BUF,C,15.31,23.31,13.48,52.1,80.5,241.0,1.0,-0.9100000000000001,11.690000000000001,3.419999999999998,14.199999999999996,0.2725527831094049
BUF,8475722,Jason Zucker,L,F,4,1,18,False,True,0.859,1.085,0.1129,0.073,0.0545,31.8,18.3,11.2,61.2,283.8,243.9,BUF,L,22.59,14.14,9.31,46.03,65.1,204.0,1.0,9.21,4.16,1.8899999999999988,15.170000000000002,0.3295676732565718
BUF,8481524,Bowen Byram,D,D,1,0,24,False,True,1.415,1.1684,0.0444,0.068,0.0903,12.5,18.5,19.9,51.0,283.8,243.9,BUF,D,10.03,14.14,15.97,40.14,81.4,237.0,1.0,2.4700000000000006,4.359999999999999,3.929999999999998,10.86,0.27055306427503734
BUF,8482097,Jack Quinn,R,F,6,2,14,False,True,1.017,1.1087,0.0672,0.0696,0.0515,19.2,19.2,10.9,49.3,283.8,243.9,BUF,R,18.03,17.28,10.59,45.9,76.3,183.0,1.0,1.1699999999999982,1.9199999999999982,0.3100000000000005,3.3999999999999986,0.07407407407407404
BUF,8484145,Zach Benson,L,F,5,1,18,False,True,1.04,1.1123,0.0478,0.079,0.0636,13.4,21.6,13.3,48.3,283.8,243.9,BUF,L,12.14,15.86,10.48,38.48,67.8,211.0,1.0,1.2599999999999998,5.740000000000002,2.8200000000000003,9.82,0.2551975051975052
BUF,8482659,Josh Doan,R,F,7,2,14,False,True,0.422,1.0195,0.0693,0.062,0.03,19.7,16.6,6.3,42.6,283.8,243.9,BUF,R,19.28,15.86,5.93,41.07,69.6,144.0,1.0,0.41999999999999815,0.740000000000002,0.3700000000000001,1.5300000000000011,0.037253469685902145
BUF,8480064,Josh Norris,C,F,3,1,18,False,True,1.109,1.1226,0.0594,0.0507,0.0386,16.4,13.5,8.7,38.5,283.8,243.9,BUF,C,15.14,11.34,7.48,33.97,47.3,150.0,1.0,1.259999999999998,2.16,1.2199999999999989,4.530000000000001,0.1333529584927878
BUF,8482671,Owen Power,D,D,3,1,20,False,True,0.359,1.01,0.0254,0.0242,0.0762,7.5,6.8,17.7,31.9,283.8,243.9,BUF,D,7.62,8.9,15.41,31.93,80.2,236.0,1.0,-0.1200000000000001,-2.1000000000000005,2.289999999999999,-0.030000000000001137,-0.0009395552771688424
BUF,8480807,Mattias Samuelsson,D,D,2,1,20,False,True,0.374,1.0122,0.0289,0.0287,0.0523,8.3,8.2,12.3,28.8,283.8,243.9,BUF,D,10.0,9.86,12.28,32.14,71.6,181.0,1.0,-1.6999999999999993,-1.6600000000000001,0.02000000000000135,-3.34,-0.10392034847542003
BUF,8481522,Peyton Krebs,C,F,11,3,10,False,True,0.355,1.0094,0.0211,0.0404,0.0374,6.5,11.3,8.7,26.5,283.8,243.9,BUF,C,10.97,14.69,9.17,34.83,81.6,243.0,1.0,-4.470000000000001,-3.389999999999999,-0.47000000000000064,-8.329999999999998,-0.23916164226241743
BUF,8483468,Jiri Kulich,C,F,8,2,14,True,True,0.933,1.0961,0.047,0.0195,0.0324,13.0,5.4,7.5,26.0,283.8,243.9,BUF,C,5.69,1.9,1.66,9.24,23.3,75.0,1.0,7.31,3.5000000000000004,5.84,16.759999999999998,1.8138528138528136
BUF,8483500,Noah Ostlund,C,F,10,3,10,True,True,0.231,0.9909,0.0189,0.0299,0.0319,5.4,8.3,7.2,20.9,283.8,243.9,BUF,C,8.15,6.67,5.19,20.0,46.5,68.0,1.0,-2.75,1.6300000000000008,2.01,0.8999999999999986,0.04499999999999993
BUF,8479378,Logan Stanley,D,D,5,2,16,False,True,0.072,0.967,0.0224,0.0185,0.0389,6.5,5.3,9.1,20.9,283.8,243.9,BUF,D,6.52,5.79,9.14,21.45,69.3,164.0,1.0,-0.019999999999999574,-0.4900000000000002,-0.040000000000000924,-0.5500000000000007,-0.025641025641025675
BUF,8479982,Conor Timmins,D,D,4,2,16,False,True,-0.221,0.923,0.0027,0.0082,0.0325,0.8,2.1,8.0,10.9,283.8,243.9,BUF,D,0.79,2.48,6.55,9.83,45.0,132.0,1.0,0.010000000000000009,-0.3799999999999999,1.4500000000000002,1.0700000000000003,0.10885045778229911
BUF,8479941,Justin Danforth,R,F,9,3,10,False,True,0.227,0.9903,0.0065,0.0068,0.0046,1.8,2.0,1.1,4.9,283.8,243.9,BUF,R,2.86,2.24,1.76,6.86,22.4,136.0,1.0,-1.0599999999999998,-0.2400000000000002,-0.6599999999999999,-1.96,-0.2857142857142857
CAR,8480830,Andrei Svechnikov,R,F,2,0,22,False,True,1.382,1.1635,0.1283,0.1276,0.0894,37.6,32.8,16.8,87.2,292.5,232.5,CAR,R,27.52,22.14,13.79,63.45,75.9,210.0,1.0,10.080000000000002,10.659999999999997,3.0100000000000016,23.75,0.3743104806934594
CAR,8478427,Sebastian Aho,C,F,0,0,22,False,True,1.282,1.1485,0.0978,0.1247,0.1063,28.6,33.7,20.5,82.8,292.5,232.5,CAR,C,28.1,32.38,18.69,79.17,78.9,236.0,1.0,0.5,1.3200000000000003,1.8099999999999987,3.6299999999999955,0.04585070102311476
CAR,8477940,Nikolaj Ehlers,L,F,3,1,18,False,True,1.016,1.1086,0.1003,0.1113,0.08,29.4,29.4,15.7,74.5,292.5,232.5,CAR,L,25.45,28.17,14.76,68.38,78.9,233.0,1.0,3.9499999999999993,1.2299999999999969,0.9399999999999995,6.1200000000000045,0.08949985375840896
CAR,8482093,Seth Jarvis,R,F,1,0,22,False,True,1.239,1.142,0.1119,0.0854,0.0843,32.5,22.5,17.4,72.4,292.5,232.5,CAR,C,32.07,19.79,14.45,66.31,72.2,225.0,1.0,0.4299999999999997,2.710000000000001,2.9499999999999993,6.090000000000003,0.09184135122907561
CAR,8482809,Jackson Blake,R,F,5,1,18,False,True,1.131,1.1258,0.0755,0.0744,0.0699,22.0,20.1,15.0,57.0,292.5,232.5,CAR,R,19.28,14.62,10.86,44.76,75.2,162.0,1.0,2.719999999999999,5.480000000000002,4.140000000000001,12.240000000000002,0.27345844504021455
CAR,8475791,Taylor Hall,L,F,8,2,14,False,True,0.779,1.073,0.0625,0.0693,0.052,18.5,19.5,11.7,49.7,292.5,232.5,CAR,L,16.9,16.86,9.76,43.52,74.4,167.0,1.0,1.6000000000000014,2.6400000000000006,1.9399999999999995,6.18,0.14200367647058823
CAR,8476906,Shayne Gostisbehere,D,D,4,2,16,False,True,0.806,1.0771,0.0349,0.0536,0.0899,10.1,15.4,21.3,46.8,292.5,232.5,CAR,D,11.34,15.86,22.0,49.21,60.4,206.0,1.0,-1.2400000000000002,-0.4599999999999991,-0.6999999999999993,-2.4100000000000037,-0.04897378581589115
CAR,8473533,Jordan Staal,C,F,4,1,18,False,True,1.239,1.142,0.0788,0.0526,0.033,23.2,14.6,7.4,45.2,292.5,232.5,CAR,C,17.62,11.69,6.28,35.59,75.3,230.0,1.0,5.579999999999998,2.91,1.12,9.61,0.2700196684461927
CAR,8482702,Logan Stankoven,C,F,6,2,14,False,True,0.73,1.0657,0.0619,0.0409,0.059,18.5,11.6,13.5,43.6,292.5,232.5,CAR,C,18.28,9.9,12.31,40.48,76.3,183.0,1.0,0.21999999999999886,1.6999999999999993,1.1899999999999995,3.1200000000000045,0.07707509881422937
CAR,8480817,K'Andre Miller,D,D,0,0,24,False,True,0.538,1.0368,0.0305,0.0449,0.0604,8.9,13.2,13.9,36.0,292.5,232.5,CAR,D,7.76,11.97,14.38,34.1,73.0,226.0,1.0,1.1400000000000006,1.2299999999999986,-0.4800000000000004,1.8999999999999986,0.05571847507331374
CAR,8482100,Alexander Nikishin,D,D,5,2,16,True,True,1.152,1.1289,0.0426,0.044,0.0478,12.4,12.3,11.0,35.8,292.5,232.5,CAR,D,11.0,12.0,10.0,33.0,81.0,81.0,1.0,1.4000000000000004,0.3000000000000007,1.0,2.799999999999997,0.08484848484848476
CAR,8476921,Jordan Martinook,L,F,7,2,14,False,True,0.902,1.0914,0.0368,0.0397,0.0378,10.7,11.1,8.5,30.4,292.5,232.5,CAR,L,12.86,10.34,7.69,30.9,77.8,238.0,1.0,-2.16,0.7599999999999998,0.8099999999999996,-0.5,-0.016181229773462785
CAR,8480336,Sean Walker,D,D,2,1,20,False,True,0.094,0.9703,0.0244,0.0287,0.0529,6.9,8.3,12.9,28.1,292.5,232.5,CAR,D,8.1,8.97,10.17,27.24,81.2,244.0,1.0,-1.1999999999999993,-0.6699999999999999,2.7300000000000004,0.860000000000003,0.03157121879588851
CAR,8478970,Jalen Chatfield,D,D,3,1,20,False,True,0.652,1.0539,0.0153,0.0255,0.0486,4.6,7.3,12.0,23.9,292.5,232.5,CAR,D,3.62,5.38,8.59,17.59,73.7,223.0,1.0,0.9799999999999995,1.92,3.41,6.309999999999999,0.35872654917566793
CAR,8480762,Eric Robinson,L,F,10,3,10,False,True,0.644,1.0528,0.04,0.0257,0.0095,11.7,7.4,2.3,21.4,292.5,232.5,CAR,L,11.86,7.17,1.79,20.83,69.2,196.0,1.0,-0.16000000000000014,0.23000000000000043,0.5099999999999998,0.5700000000000003,0.0273643783005281
CAR,8476873,Mark Jankowski,L,F,11,3,10,False,True,0.485,1.0289,0.0346,0.0178,0.0183,9.7,5.3,4.6,19.6,292.5,232.5,CAR,L,10.97,5.24,3.41,19.62,63.6,160.0,1.0,-1.2700000000000014,0.05999999999999961,1.1899999999999995,-0.019999999999999574,-0.0010193679918450342
CAR,8480829,Jesperi Kotkaniemi,C,F,9,3,10,False,True,0.861,1.0854,0.0162,0.0224,0.0248,4.9,6.3,6.1,17.3,292.5,232.5,CAR,C,5.1,5.93,5.0,16.03,53.2,199.0,1.0,-0.1999999999999993,0.3700000000000001,1.0999999999999996,1.2699999999999996,0.07922645040548967
CAR,8476958,Jaccob Slavin,D,D,1,0,24,False,True,0.589,1.0445,0.0076,0.0117,0.036,2.1,3.3,9.1,14.5,292.5,232.5,CAR,D,2.55,3.14,8.9,14.59,51.8,200.0,1.0,-0.44999999999999973,0.1599999999999997,0.1999999999999993,-0.08999999999999986,-0.006168608636052081
CBJ,8480893,Kirill Marchenko,R,F,0,0,22,False,True,0.651,1.0539,0.1278,0.1107,0.1077,35.7,27.2,20.0,82.9,280.5,243.8,CBJ,R,27.69,21.62,17.66,66.97,76.9,233.0,1.0,8.010000000000002,5.579999999999998,2.34,15.930000000000007,0.23786770195609985
CBJ,8478460,Zach Werenski,D,D,0,0,24,False,True,0.324,1.0048,0.0789,0.0929,0.1416,22.0,24.4,28.4,74.7,280.5,243.8,CBJ,D,21.48,28.34,29.76,79.59,76.1,226.0,1.0,0.5199999999999996,-3.9400000000000013,-1.360000000000003,-4.890000000000001,-0.061439879381831895
CBJ,8475745,Charlie Coyle,C,F,2,0,22,False,True,0.653,1.0541,0.1036,0.1128,0.0865,28.3,29.0,16.6,74.0,280.5,243.8,CBJ,C,19.62,21.59,11.38,52.59,82.2,247.0,1.0,8.68,7.41,5.220000000000001,21.409999999999997,0.40711161817836083
CBJ,8484166,Adam Fantilli,C,F,1,0,22,False,True,0.818,1.0789,0.1061,0.0803,0.0927,30.2,20.3,19.0,69.5,280.5,243.8,CBJ,C,24.86,15.79,14.93,55.59,79.7,213.0,1.0,5.34,4.510000000000002,4.07,13.909999999999997,0.25022486058643634
CBJ,8478975,Mason Marchment,L,F,5,1,18,False,True,0.623,1.0497,0.0905,0.0738,0.0714,25.0,18.9,14.5,58.4,280.5,243.8,CBJ,L,19.93,14.55,11.55,46.03,67.4,211.0,1.0,5.07,4.349999999999998,2.9499999999999993,12.369999999999997,0.26873777970888546
CBJ,8478856,Conor Garland,R,F,4,1,18,False,True,0.855,1.0844,0.0601,0.0836,0.0394,16.9,22.2,8.7,47.8,280.5,243.8,CBJ,R,14.24,17.1,6.72,38.07,74.2,234.0,1.0,2.6599999999999984,5.099999999999998,1.9799999999999995,9.729999999999997,0.2555818229577094
CBJ,8477497,Sean Monahan,C,F,3,1,18,False,True,0.827,1.0802,0.0558,0.0712,0.06,15.6,18.8,13.1,47.5,280.5,243.8,CBJ,C,15.34,15.52,11.79,42.66,72.6,215.0,1.0,0.2599999999999998,3.280000000000001,1.3100000000000005,4.840000000000003,0.1134552273792781
CBJ,8481716,Dmitri Voronkov,L,F,8,2,14,False,True,0.399,1.0161,0.0731,0.0452,0.0424,20.7,12.0,9.5,42.2,280.5,243.8,CBJ,L,18.52,10.28,6.97,35.76,66.2,211.0,1.0,2.1799999999999997,1.7200000000000006,2.5300000000000002,6.440000000000005,0.1800894854586131
CBJ,8478500,Ivan Provorov,D,D,1,0,24,False,True,1.531,1.1859,0.0421,0.0507,0.0586,12.0,13.7,13.1,38.8,280.5,243.8,CBJ,D,8.24,12.76,10.55,31.55,82.0,246.0,1.0,3.76,0.9399999999999995,2.549999999999999,7.2499999999999964,0.22979397781299513
CBJ,8483485,Denton Mateychuk,D,D,3,1,20,False,True,0.974,1.1023,0.0557,0.0495,0.0383,15.9,13.2,8.4,37.4,280.5,243.8,CBJ,D,10.67,9.96,5.7,26.33,67.2,120.0,1.0,5.23,3.2399999999999984,2.7,11.07,0.420432966198253
CBJ,8476923,Damon Severson,D,D,2,1,20,False,True,0.682,1.0585,0.0301,0.0517,0.064,8.4,14.0,14.5,36.9,280.5,243.8,CBJ,D,7.59,12.03,10.41,30.03,70.5,208.0,1.0,0.8100000000000005,1.9700000000000006,4.09,6.869999999999997,0.22877122877122869
CBJ,8476432,Boone Jenner,C,F,6,2,14,False,True,0.578,1.0429,0.0442,0.0502,0.0343,12.7,13.8,7.5,34.0,280.5,243.8,CBJ,C,12.17,13.52,7.52,33.21,56.5,151.0,1.0,0.5299999999999994,0.28000000000000114,-0.019999999999999574,0.7899999999999991,0.02378801565793433
CBJ,8482705,Cole Sillinger,C,F,7,2,14,False,True,0.945,1.098,0.0271,0.0438,0.0543,7.5,12.0,12.5,32.0,280.5,243.8,CBJ,C,9.07,13.17,10.69,32.93,77.1,224.0,1.0,-1.5700000000000003,-1.17,1.8100000000000005,-0.9299999999999997,-0.028241724870938345
CBJ,8482660,Kent Johnson,C,F,9,3,10,False,True,0.114,0.9733,0.031,0.0297,0.037,8.7,8.4,8.5,25.6,280.5,243.8,CBJ,C,11.03,10.03,8.97,30.03,71.7,186.0,1.0,-2.33,-1.629999999999999,-0.47000000000000064,-4.43,-0.1475191475191475
CBJ,8479671,Mathieu Olivier,R,F,10,3,10,False,True,0.096,0.9706,0.0383,0.0167,0.0213,11.0,4.5,4.9,20.4,280.5,243.8,CBJ,R,15.03,5.79,5.66,26.48,65.6,197.0,1.0,-4.029999999999999,-1.29,-0.7599999999999998,-6.080000000000002,-0.22960725075528707
CBJ,8479371,Dante Fabbro,D,D,5,2,16,False,True,-0.526,0.8773,0.0176,0.0193,0.0206,4.9,5.2,4.9,15.0,280.5,243.8,CBJ,D,5.83,5.07,3.86,14.76,71.3,198.0,1.0,-0.9299999999999997,0.1299999999999999,1.0400000000000005,0.2400000000000002,0.016260162601626032
CBJ,8480806,Isac Lundeström,C,F,11,3,10,False,True,0.573,1.0421,0.0135,0.0095,0.0211,3.9,2.7,5.1,11.6,280.5,243.8,CBJ,C,4.07,3.17,5.41,12.66,69.1,193.0,1.0,-0.17000000000000037,-0.46999999999999975,-0.3100000000000005,-1.0600000000000005,-0.08372827804107429
CBJ,8475790,Erik Gudbranson,D,D,4,2,16,False,True,0.365,1.011,0.0044,0.0087,0.0088,1.2,2.4,2.2,5.8,280.5,243.8,CBJ,D,1.1,2.03,1.69,4.83,34.8,131.0,1.0,0.09999999999999987,0.3700000000000001,0.5100000000000002,0.9699999999999998,
CGY,8474150,Mikael Backlund,C,F,1,0,22,False,True,1.053,1.1142,0.0956,0.1409,0.0354,23.6,32.0,5.9,61.4,245.0,282.3,CGY,C,16.38,20.14,3.55,40.07,80.6,240.0,1.0,7.220000000000002,11.86,2.3500000000000005,21.33,0.5323184427252308
CGY,8476399,Blake Coleman,L,F,2,0,22,False,True,0.841,1.0824,0.1197,0.0881,0.0683,29.3,19.0,11.3,59.6,245.0,282.3,CGY,L,19.48,10.76,7.03,37.28,72.8,229.0,1.0,9.82,8.24,4.2700000000000005,22.32,0.5987124463519313
CGY,8482679,Matt Coronato,R,F,3,1,18,False,True,0.538,1.0369,0.1024,0.0772,0.0895,25.1,17.3,15.1,57.5,245.0,282.3,CGY,R,18.41,14.0,10.59,43.0,76.1,191.0,1.0,6.690000000000001,3.3000000000000007,4.51,14.5,0.3372093023255814
CGY,8476456,Jonathan Huberdeau,L,F,0,0,22,False,True,0.868,1.0864,0.0883,0.105,0.0555,21.5,23.5,9.3,54.3,245.0,282.3,CGY,L,14.48,14.28,7.03,35.79,59.6,212.0,1.0,7.02,9.22,2.2700000000000005,18.509999999999998,0.5171835708298407
CGY,8480028,Morgan Frost,C,F,6,2,14,False,True,0.289,0.9995,0.0818,0.0764,0.0757,20.4,17.5,12.9,50.9,245.0,282.3,CGY,C,19.45,12.14,9.83,41.41,81.0,234.0,1.0,0.9499999999999993,5.359999999999999,3.0700000000000003,9.490000000000002,0.2291716976575707
CGY,8480797,Joel Farabee,L,F,4,1,18,False,True,0.493,1.0302,0.0909,0.0828,0.0557,22.0,18.2,9.7,49.9,245.0,282.3,CGY,L,17.97,11.07,6.66,35.69,81.8,245.0,1.0,4.030000000000001,7.129999999999999,3.039999999999999,14.21,0.3981507425049034
CGY,8481068,Yegor Sharangovich,C,F,5,1,18,False,True,0.51,1.0327,0.0901,0.0655,0.0516,22.3,14.9,9.2,46.4,245.0,282.3,CGY,C,16.59,9.86,5.34,31.79,77.1,233.0,1.0,5.710000000000001,5.040000000000001,3.8599999999999994,14.61,0.4595784837999371
CGY,8482074,Connor Zary,C,F,8,2,14,False,True,0.41,1.0177,0.059,0.0317,0.0672,14.7,7.5,12.5,34.8,245.0,282.3,CGY,C,12.38,5.41,8.31,26.1,68.4,191.0,1.0,2.3199999999999985,2.09,4.1899999999999995,8.699999999999996,0.33333333333333315
CGY,8478109,Victor Olofsson,L,F,11,3,10,False,True,0.288,0.9994,0.0516,0.0381,0.0537,12.2,9.0,10.2,31.4,245.0,282.3,CGY,L,13.07,7.38,8.97,29.41,70.8,185.0,1.0,-0.870000000000001,1.62,1.2299999999999986,1.9899999999999984,0.06766405984359056
CGY,8480860,Kevin Bahl,D,D,0,0,24,False,True,0.142,0.9776,0.0225,0.0406,0.0764,5.6,9.7,15.0,30.3,245.0,282.3,CGY,D,3.55,5.28,9.17,18.0,75.7,231.0,1.0,2.05,4.419999999999999,5.83,12.3,0.6833333333333333
CGY,8484860,Matvei Gridin,R,F,7,2,14,True,True,0.516,1.0336,0.021,0.0684,0.0455,5.0,16.5,8.5,30.1,245.0,282.3,CGY,R,6.0,9.0,5.0,20.0,37.0,37.0,1.0,-1.0,7.5,3.5,10.100000000000001,0.5050000000000001
CGY,8476874,Olli Maatta,D,D,3,1,20,False,True,0.263,0.9956,0.0138,0.0551,0.0613,3.2,13.1,11.9,28.2,245.0,282.3,CGY,D,2.14,7.28,6.52,15.93,53.2,192.0,1.0,1.06,5.819999999999999,5.380000000000001,12.27,0.7702448210922787
CGY,8476458,Ryan Strome,C,F,9,3,10,False,True,0.458,1.0249,0.0316,0.0472,0.0457,8.0,10.9,8.7,27.6,245.0,282.3,CGY,C,8.69,10.52,8.0,27.21,61.1,213.0,1.0,-0.6899999999999995,0.3800000000000008,0.6999999999999993,0.39000000000000057,0.014332965821389215
CGY,8480727,Zach Whitecloud,D,D,2,1,20,False,True,0.457,1.0247,0.0151,0.0365,0.0632,3.5,9.1,12.7,25.3,245.0,282.3,CGY,D,2.48,5.69,7.66,15.83,75.9,213.0,1.0,1.02,3.4099999999999993,5.039999999999999,9.47,0.5982312065698042
CGY,8484768,Zayne Parekh,D,D,4,2,16,True,True,0.2,0.9863,0.0501,0.0204,0.0341,12.4,4.9,7.0,24.3,245.0,282.3,CGY,D,3.22,2.22,1.48,6.93,27.7,38.0,1.0,9.18,2.68,5.52,17.37,2.5064935064935066
CGY,8482165,Yan Kuznetsov,D,D,1,0,24,True,True,-0.258,0.9175,0.0207,0.0178,0.0483,4.9,4.3,9.7,18.9,245.0,282.3,CGY,D,3.64,3.64,3.64,10.91,51.9,58.0,1.0,1.2600000000000002,0.6599999999999997,6.059999999999999,7.989999999999998,0.7323556370302473
CGY,8484150,Hunter Brzustewicz,D,D,5,2,16,True,True,0.563,1.0406,0.0273,0.0,0.0466,6.6,0.0,9.5,16.1,245.0,282.3,CGY,D,1.48,0.0,3.7,5.19,25.4,35.0,1.0,5.119999999999999,0.0,5.8,10.91,2.102119460500963
CGY,8482209,Rory Kerins,C,F,10,3,10,True,True,0.454,1.0244,0.0184,0.0083,0.0263,4.7,2.1,5.3,12.2,245.0,282.3,CGY,C,0.0,0.26,0.78,1.04,4.3,9.0,1.0,4.7,1.84,4.52,11.16,
CHI,8484144,Connor Bedard,C,F,0,0,22,False,True,0.4,1.0163,0.1442,0.1763,0.0844,34.6,35.6,11.9,82.2,239.3,286.6,CHI,C,27.76,30.76,12.21,70.72,71.4,218.0,1.0,6.84,4.84,-0.3100000000000005,11.480000000000004,0.1623303167420815
CHI,8477479,Tyler Bertuzzi,L,F,3,1,18,False,True,0.621,1.0493,0.167,0.0892,0.0789,39.7,17.8,12.1,69.6,239.3,286.6,CHI,L,29.07,14.86,10.14,54.07,79.1,240.0,1.0,10.630000000000003,2.9400000000000013,1.959999999999999,15.529999999999994,0.2872202700203439
CHI,8483493,Frank Nazar,C,F,1,0,22,False,True,0.454,1.0243,0.0772,0.0762,0.0918,18.1,17.2,16.3,51.6,239.3,286.6,CHI,C,13.31,10.21,10.41,33.93,57.8,121.0,1.0,4.790000000000001,6.989999999999998,5.890000000000001,17.67,0.5207780725022105
CHI,8476882,Teuvo Teravainen,C,F,4,1,18,False,True,0.974,1.1022,0.0858,0.0797,0.0746,20.6,17.4,12.8,50.8,239.3,286.6,CHI,C,14.31,16.1,10.69,41.1,76.1,232.0,1.0,6.290000000000001,1.2999999999999972,2.110000000000001,9.699999999999996,0.2360097323600972
CHI,8481624,Ilya Mikheyev,R,F,5,1,18,False,True,0.927,1.0952,0.1008,0.0591,0.0507,24.0,13.0,8.9,45.9,239.3,286.6,CHI,R,18.0,11.34,5.83,35.17,77.1,234.0,1.0,6.0,1.6600000000000001,3.0700000000000003,10.729999999999997,0.3050895649701449
CHI,8477987,Ryan Donato,C,F,8,2,14,False,True,0.169,0.9816,0.0869,0.0672,0.0439,20.8,15.2,7.4,43.4,239.3,286.6,CHI,C,18.66,13.07,6.0,37.72,80.6,239.0,1.0,2.1400000000000006,2.129999999999999,1.4000000000000004,5.68,0.15058324496288442
CHI,8477444,Andre Burakovsky,L,F,7,2,14,False,True,0.356,1.0095,0.0481,0.0611,0.0743,11.1,14.6,13.3,38.9,239.3,286.6,CHI,L,10.48,11.59,10.72,32.79,73.5,202.0,1.0,0.6199999999999992,3.01,2.58,6.109999999999999,0.1863372979566941
CHI,8485391,Anton Frondell,C,F,2,0,22,True,True,0.322,1.0044,0.0377,0.0604,0.0452,9.1,14.0,8.5,31.7,239.3,286.6,CHI,C,3.0,3.0,3.0,9.0,12.0,12.0,1.0,6.1,11.0,5.5,22.7,2.522222222222222
CHI,8481568,Alex Vlasic,D,D,0,0,24,False,True,-0.349,0.9038,0.0147,0.0538,0.076,3.6,13.4,14.4,31.4,239.3,286.6,CHI,D,2.48,10.83,9.52,22.83,80.2,238.0,1.0,1.12,2.5700000000000003,4.880000000000001,8.57,0.37538326763031105
CHI,8484185,Nick Lardis,L,F,11,3,10,True,True,0.602,1.0465,0.067,0.0147,0.0283,15.9,3.6,5.5,25.0,239.3,286.6,CHI,L,10.0,2.0,3.0,15.0,41.0,41.0,1.0,5.9,1.6,2.5,10.0,0.6666666666666666
CHI,8484783,Artyom Levshunov,D,D,1,0,24,True,True,0.056,0.9645,0.0041,0.0297,0.0818,1.0,7.0,16.2,24.2,239.3,286.6,CHI,D,1.48,5.22,12.63,19.33,54.3,85.0,1.0,-0.48,1.7800000000000002,3.5699999999999985,4.870000000000001,0.2519399896533886
CHI,8483450,Ryan Greene,C,F,6,2,14,True,True,0.498,1.0308,0.0287,0.0367,0.0368,7.6,8.6,7.2,23.4,239.3,286.6,CHI,C,8.15,8.89,3.7,20.74,59.8,82.0,1.0,-0.5500000000000007,-0.2900000000000009,3.5,2.66,0.1282545805207329
CHI,8476891,Matt Grzelcyk,D,D,4,2,16,False,True,0.004,0.9568,0.0016,0.053,0.0462,0.4,12.9,9.3,22.5,239.3,286.6,CHI,D,0.38,11.97,6.34,18.69,71.0,213.0,1.0,0.020000000000000018,0.9299999999999997,2.960000000000001,3.8099999999999987,0.203852327447833
CHI,8481806,Louis Crevier,D,D,5,2,16,False,True,0.21,0.9877,0.0266,0.035,0.04,6.4,8.5,7.6,22.5,239.3,286.6,CHI,D,5.55,6.28,6.59,18.41,62.5,133.0,1.0,0.8500000000000005,2.2199999999999998,1.0099999999999998,4.09,0.22216186854970124
CHI,8483506,Sam Rinzel,D,D,3,1,20,True,True,0.303,1.0017,0.0275,0.0264,0.0453,6.6,6.1,8.6,21.4,239.3,286.6,CHI,D,2.96,3.96,4.0,10.93,41.6,62.0,1.0,3.6399999999999997,2.1399999999999997,4.6,10.469999999999999,0.9579139981701738
CHI,8478233,Andrew Mangiapane,L,F,10,3,10,False,True,0.54,1.0372,0.0386,0.0307,0.0199,9.3,7.0,3.8,20.1,239.3,286.6,CHI,L,9.86,6.79,3.9,20.55,67.5,218.0,1.0,-0.5599999999999987,0.20999999999999996,-0.10000000000000009,-0.4499999999999993,-0.02189781021897807
CHI,8482176,Wyatt Kaiser,D,D,2,1,20,False,True,-0.02,0.9531,0.0285,0.0194,0.0409,6.9,4.7,7.9,19.5,239.3,286.6,CHI,D,5.1,4.0,5.03,14.14,69.1,166.0,1.0,1.8000000000000007,0.7000000000000002,2.87,5.359999999999999,0.379066478076379
CHI,8484197,Oliver Moore,C,F,9,3,10,True,True,0.751,1.0688,0.015,0.0315,0.041,3.7,7.6,7.8,19.1,239.3,286.6,CHI,C,3.7,4.96,6.44,15.11,39.4,59.0,1.0,0.0,2.6399999999999997,1.3599999999999994,3.990000000000002,0.2640635340833886
COL,8477492,Nathan MacKinnon,C,F,0,0,22,False,True,1.01,1.1077,0.1523,0.1801,0.1181,46.5,47.0,20.9,114.5,304.8,220.0,COL,C,47.79,50.72,26.72,125.24,79.9,241.0,1.0,-1.2899999999999991,-3.719999999999999,-5.82,-10.739999999999995,-0.0857553497285212
COL,8480039,Martin Necas,C,F,1,0,22,False,True,1.375,1.1624,0.1414,0.1256,0.1266,43.0,33.6,25.1,101.7,304.8,220.0,COL,C,34.38,33.03,25.24,92.66,78.2,234.0,1.0,8.619999999999997,0.5700000000000003,-0.13999999999999702,9.040000000000006,0.09756097560975617
COL,8480069,Cale Makar,D,D,0,0,24,False,True,0.843,1.0826,0.0713,0.1196,0.1075,21.7,34.5,23.5,79.8,304.8,220.0,COL,D,22.48,32.9,27.52,82.9,76.3,232.0,1.0,-0.7800000000000011,1.6000000000000014,-4.02,-3.1000000000000085,-0.03739445114595909
COL,8475754,Brock Nelson,C,F,2,0,22,False,True,1.357,1.1598,0.1349,0.075,0.0757,40.6,20.6,16.2,77.4,304.8,220.0,COL,C,31.38,16.97,14.76,63.1,80.8,243.0,1.0,9.220000000000002,3.6300000000000026,1.4399999999999995,14.300000000000004,0.22662440570522985
COL,8475172,Nazem Kadri,C,F,3,1,18,False,True,1.225,1.1399,0.076,0.0762,0.058,22.9,21.4,13.9,58.2,304.8,220.0,COL,C,21.48,19.62,14.72,55.83,78.6,241.0,1.0,1.4199999999999982,1.7799999999999976,-0.8200000000000003,2.3700000000000045,0.04245029554003232
COL,8477476,Artturi Lehkonen,L,F,4,1,18,False,True,0.873,1.0872,0.076,0.0582,0.0347,23.1,17.1,8.0,48.3,304.8,220.0,COL,L,22.1,16.45,7.76,46.31,68.0,184.0,1.0,1.0,0.6500000000000021,0.2400000000000002,1.9899999999999949,0.0429712805009716
COL,8477501,Valeri Nichushkin,R,F,5,1,18,False,True,0.961,1.1003,0.0592,0.0367,0.0757,18.3,10.8,18.6,47.7,304.8,220.0,COL,R,18.72,10.9,16.03,45.66,63.8,169.0,1.0,-0.41999999999999815,-0.09999999999999964,2.5700000000000003,2.0400000000000063,0.044678055190538905
COL,8470613,Brent Burns,D,D,2,1,20,False,True,-0.056,0.9478,0.0382,0.047,0.0567,12.0,14.0,14.0,40.0,304.8,220.0,COL,D,10.41,12.34,11.34,34.1,82.0,246.0,1.0,1.5899999999999999,1.6600000000000001,2.66,5.899999999999999,0.1730205278592375
COL,8478038,Devon Toews,D,D,1,0,24,False,True,1.554,1.1894,0.0221,0.0425,0.0743,6.6,12.9,18.9,38.4,304.8,220.0,COL,D,5.31,10.69,14.62,30.62,70.9,226.0,1.0,1.29,2.210000000000001,4.279999999999999,7.779999999999998,0.2540822991508817
COL,8476455,Gabriel Landeskog,L,F,6,2,14,True,True,0.312,1.003,0.038,0.0244,0.0474,11.5,7.5,12.1,31.0,304.8,220.0,COL,L,14.0,7.0,14.0,35.0,60.0,60.0,1.0,-2.5,0.5,-1.9000000000000004,-4.0,-0.11428571428571428
COL,8476312,Josh Manson,D,D,4,2,16,False,True,0.705,1.0619,0.0126,0.0419,0.0514,3.7,13.0,12.9,29.7,304.8,220.0,COL,D,4.24,11.03,11.45,26.72,71.3,203.0,1.0,-0.54,1.9700000000000006,1.450000000000001,2.9800000000000004,0.11152694610778445
COL,8478462,Nicolas Roy,C,F,7,2,14,False,True,0.514,1.0332,0.0368,0.0344,0.0259,11.1,10.3,6.5,28.0,304.8,220.0,COL,C,10.03,11.38,6.14,27.55,73.0,215.0,1.0,1.0700000000000003,-1.08,0.3600000000000003,0.4499999999999993,0.016333938294010864
COL,8480835,Jack Drury,C,F,8,2,14,False,True,0.382,1.0134,0.03,0.0325,0.032,9.2,10.0,8.1,27.3,304.8,220.0,COL,C,9.38,8.79,6.66,24.83,79.0,228.0,1.0,-0.1800000000000015,1.2100000000000009,1.4399999999999995,2.4700000000000024,0.09947643979057602
COL,8480448,Parker Kelly,C,F,11,3,10,False,True,0.622,1.0495,0.0469,0.019,0.024,14.5,5.7,6.0,26.2,304.8,220.0,COL,C,16.97,6.41,6.59,29.97,81.4,242.0,1.0,-2.469999999999999,-0.71,-0.5899999999999999,-3.7699999999999996,-0.12579245912579246
COL,8479525,Ross Colton,C,F,10,3,10,False,True,0.407,1.0172,0.0259,0.031,0.0214,8.0,9.5,5.6,23.1,304.8,220.0,COL,C,11.24,9.79,5.28,26.31,70.6,214.0,1.0,-3.24,-0.28999999999999915,0.3199999999999994,-3.2099999999999973,-0.12200684150513104
COL,8483565,Nick Blankenburg,D,D,5,2,16,False,True,0.54,1.0373,0.0203,0.0287,0.024,6.4,8.8,6.2,21.3,304.8,220.0,COL,D,6.55,8.34,5.59,20.48,57.4,133.0,1.0,-0.14999999999999947,0.46000000000000085,0.6100000000000003,0.8200000000000003,0.040039062500000014
COL,8476967,Brett Kulak,D,D,3,1,20,False,True,0.557,1.0398,0.0097,0.0208,0.0377,3.1,6.6,9.7,19.4,304.8,220.0,COL,D,2.59,5.41,7.41,15.41,82.7,247.0,1.0,0.5100000000000002,1.1899999999999995,2.289999999999999,3.9899999999999984,0.25892277741726144
COL,8481186,Logan O'Connor,R,F,9,3,10,False,True,0.691,1.0599,0.0084,0.0064,0.0089,2.5,2.0,2.4,6.9,304.8,220.0,COL,R,3.31,2.38,2.48,8.17,32.2,150.0,1.0,-0.81,-0.3799999999999999,-0.08000000000000007,-1.2699999999999996,-0.15544675642594855
DAL,8480027,Jason Robertson,L,F,2,0,22,False,True,1.303,1.1516,0.1871,0.1055,0.1424,55.6,25.8,26.3,107.7,298.8,224.4,DAL,L,41.48,23.45,26.1,91.03,82.0,246.0,1.0,14.120000000000005,2.3500000000000014,0.1999999999999993,16.67,0.18312644183236299
DAL,8482740,Wyatt Johnston,C,F,1,0,22,False,True,1.481,1.1784,0.188,0.1095,0.0795,56.6,27.1,14.9,98.6,298.8,224.4,DAL,C,41.21,24.31,15.41,80.93,82.0,246.0,1.0,15.39,2.7900000000000027,-0.5099999999999998,17.669999999999987,0.2183368343012478
DAL,8478420,Mikko Rantanen,R,F,0,0,22,False,True,1.627,1.2003,0.1177,0.1486,0.1028,34.9,39.8,20.3,95.0,298.8,224.4,DAL,R,25.79,34.14,21.59,81.52,69.4,226.0,1.0,9.11,5.659999999999997,-1.2899999999999991,13.480000000000004,0.1653581943081453
DAL,8475168,Matt Duchene,C,F,4,1,18,False,True,1.158,1.13,0.0785,0.089,0.0619,23.2,25.1,13.5,61.8,298.8,224.4,DAL,C,20.0,22.55,12.76,55.31,64.6,219.0,1.0,3.1999999999999993,2.5500000000000007,0.7400000000000002,6.489999999999995,0.11733863677454338
DAL,8478449,Roope Hintz,C,F,3,1,18,False,True,0.949,1.0985,0.0641,0.0861,0.0569,19.3,24.3,13.0,56.6,298.8,224.4,DAL,C,19.17,20.1,11.72,51.0,60.4,209.0,1.0,0.129999999999999,4.199999999999999,1.2799999999999994,5.600000000000001,0.10980392156862748
DAL,8480036,Miro Heiskanen,D,D,0,0,24,False,True,0.82,1.0792,0.0174,0.0696,0.1184,5.6,21.0,28.9,55.4,298.8,224.4,DAL,D,8.03,17.21,27.97,53.21,70.1,198.0,1.0,-2.4299999999999997,3.789999999999999,0.9299999999999997,2.1899999999999977,0.041157677128359285
DAL,8481581,Thomas Harley,D,D,1,0,24,False,True,1.21,1.1378,0.0304,0.065,0.0822,9.2,19.4,19.9,48.5,298.8,224.4,DAL,D,9.03,15.38,15.72,40.14,72.6,227.0,1.0,0.16999999999999993,4.019999999999998,4.179999999999998,8.36,0.20827105132037865
DAL,8478047,Michael Bunting,L,F,8,2,14,False,True,0.471,1.0268,0.0591,0.0595,0.0216,18.2,17.6,5.2,41.0,298.8,224.4,DAL,L,15.55,15.72,4.45,35.72,75.0,231.0,1.0,2.6499999999999986,1.8800000000000008,0.75,5.280000000000001,0.14781634938409857
DAL,8482145,Mavrik Bourque,C,F,7,2,14,False,True,0.673,1.0572,0.0564,0.0441,0.0322,16.7,12.6,7.7,37.0,298.8,224.4,DAL,C,16.45,10.66,7.21,34.31,74.2,156.0,1.0,0.25,1.9399999999999995,0.4900000000000002,2.6899999999999977,0.07840279801807046
DAL,8473994,Jamie Benn,L,F,9,3,10,False,True,0.367,1.0112,0.0422,0.0392,0.0383,12.5,11.4,9.3,33.2,298.8,224.4,DAL,L,15.66,15.03,10.1,40.79,66.3,222.0,1.0,-3.16,-3.629999999999999,-0.7999999999999989,-7.589999999999996,-0.18607501838685944
DAL,8479351,Sam Steel,C,F,6,2,14,False,True,0.911,1.0928,0.0341,0.0367,0.0478,10.1,11.0,11.7,32.8,298.8,224.4,DAL,C,10.34,9.28,10.83,30.45,74.7,229.0,1.0,-0.2400000000000002,1.7200000000000006,0.8699999999999992,2.349999999999998,0.07717569786535297
DAL,8484829,Justin Hryckowian,C,F,10,3,10,True,True,0.409,1.0176,0.039,0.0291,0.034,11.7,8.7,8.2,28.7,298.8,224.4,DAL,C,10.37,6.93,5.19,22.48,61.3,86.0,1.0,1.33,1.7699999999999996,3.009999999999999,6.219999999999999,0.2766903914590747
DAL,8476902,Esa Lindell,D,D,2,1,20,False,True,-0.212,0.9243,0.0174,0.0261,0.0487,5.1,8.0,11.8,24.8,298.8,224.4,DAL,D,5.69,11.03,13.41,30.14,81.5,244.0,1.0,-0.5900000000000007,-3.0299999999999994,-1.6099999999999994,-5.34,-0.1771731917717319
DAL,8475794,Tyler Seguin,C,F,5,1,18,False,True,1.147,1.1283,0.0397,0.0252,0.0188,11.5,7.4,4.5,23.4,298.8,224.4,DAL,C,8.72,7.79,3.86,20.38,28.1,115.0,1.0,2.7799999999999994,-0.3899999999999997,0.6400000000000001,3.0199999999999996,0.1481844946025515
DAL,8474574,Tyler Myers,D,D,3,1,20,False,True,0.608,1.0474,0.0079,0.0212,0.0326,2.3,6.7,8.3,17.3,298.8,224.4,DAL,D,2.48,5.76,7.14,15.38,72.8,221.0,1.0,-0.18000000000000016,0.9400000000000004,1.160000000000001,1.92,0.1248374512353706
DAL,8480840,Oskar Bäck,C,F,11,3,10,True,True,0.678,1.0579,0.0092,0.0137,0.0355,2.9,3.9,9.0,15.8,298.8,224.4,DAL,C,4.74,3.81,4.48,13.04,72.3,145.0,1.0,-1.8400000000000003,0.08999999999999986,4.52,2.7600000000000016,0.21165644171779155
DAL,8480950,Ilya Lyubushkin,D,D,4,2,16,False,True,0.147,0.9782,0.0036,0.0158,0.0264,1.1,4.9,6.9,12.8,298.8,224.4,DAL,D,0.93,4.0,5.21,10.14,61.0,207.0,1.0,0.17000000000000004,0.9000000000000004,1.6900000000000004,2.66,0.26232741617357
DAL,8480878,Nils Lundkvist,D,D,5,2,16,False,True,-0.13,0.9368,0.0083,0.0159,0.0199,2.3,5.0,5.0,12.4,298.8,224.4,DAL,D,2.21,4.24,3.66,10.1,49.3,150.0,1.0,0.08999999999999986,0.7599999999999998,1.3399999999999999,2.3000000000000007,0.22772277227722781
DET,8479337,Alex DeBrincat,R,F,2,0,22,False,True,1.07,1.1166,0.1905,0.1234,0.1159,47.6,25.4,18.4,91.4,252.4,272.8,DET,R,39.55,23.9,16.69,80.14,82.0,246.0,1.0,8.050000000000004,1.5,1.7099999999999973,11.260000000000005,0.1405041177938608
DET,8482078,Lucas Raymond,L,F,1,0,22,False,True,1.269,1.1466,0.1434,0.1622,0.1236,36.5,35.6,19.1,91.2,252.4,272.8,DET,L,25.9,31.86,18.93,76.69,80.6,244.0,1.0,10.600000000000001,3.740000000000002,0.1700000000000017,14.510000000000005,0.18920328595644811
DET,8477946,Dylan Larkin,C,F,0,0,22,False,True,1.228,1.1405,0.1317,0.0945,0.0679,33.3,20.9,12.0,66.2,252.4,272.8,DET,C,32.97,19.34,15.55,67.86,75.5,224.0,1.0,0.3299999999999983,1.5599999999999987,-3.5500000000000007,-1.6599999999999966,-0.02446212791040372
DET,8474141,Patrick Kane,R,F,3,1,18,False,True,0.325,1.0049,0.0655,0.0939,0.0936,16.4,22.4,17.8,56.6,252.4,272.8,DET,R,17.48,21.21,18.1,56.79,67.0,189.0,1.0,-1.0800000000000018,1.1899999999999977,-0.3000000000000007,-0.18999999999999773,-0.0033456594470857148
DET,8481542,Moritz Seider,D,D,0,0,24,False,True,0.105,0.9719,0.0342,0.0814,0.123,8.6,20.9,24.1,53.6,252.4,272.8,DET,D,9.45,22.48,23.45,55.38,82.0,246.0,1.0,-0.8499999999999996,-1.5800000000000018,0.6500000000000021,-1.7800000000000011,-0.03214156735283498
DET,8475753,Justin Faulk,D,D,1,0,24,False,True,0.975,1.1024,0.0622,0.0588,0.0673,15.5,14.1,13.1,42.7,252.4,272.8,DET,D,12.14,13.21,12.03,37.38,76.8,216.0,1.0,3.3599999999999994,0.8899999999999988,1.0700000000000003,5.32,0.14232209737827714
DET,8477429,Andrew Copp,C,F,4,1,18,False,True,0.412,1.0179,0.0297,0.0718,0.0817,7.5,18.2,16.2,41.9,252.4,272.8,DET,C,9.52,15.59,12.38,37.48,73.4,214.0,1.0,-2.0199999999999996,2.6099999999999994,3.8199999999999985,4.420000000000002,0.11792956243329782
DET,8477456,J.T. Compher,L,F,5,1,18,False,True,0.565,1.041,0.0604,0.0663,0.0431,15.4,16.1,8.5,40.0,252.4,272.8,DET,L,11.55,12.69,6.1,30.34,80.2,235.0,1.0,3.8499999999999996,3.410000000000002,2.4000000000000004,9.66,0.31839156229400134
DET,8474037,James van Riemsdyk,L,F,11,3,10,False,True,0.388,1.0144,0.0564,0.0362,0.0441,13.9,8.6,9.2,31.8,252.4,272.8,DET,L,14.97,9.28,8.45,32.69,71.7,214.0,1.0,-1.0700000000000003,-0.6799999999999997,0.75,-0.889999999999997,-0.027225451208320497
DET,8484471,Emmitt Finnie,C,F,6,2,14,True,True,0.259,0.995,0.0404,0.0331,0.0443,10.5,8.3,8.9,27.7,252.4,272.8,DET,C,13.0,9.0,8.0,30.0,82.0,82.0,1.0,-2.5,-0.6999999999999993,0.9000000000000004,-2.3000000000000007,-0.07666666666666669
DET,8474102,David Perron,L,F,9,3,10,False,True,0.553,1.0392,0.0425,0.0231,0.0352,10.8,5.7,7.7,24.3,252.4,272.8,DET,L,12.31,6.28,7.83,26.41,60.4,184.0,1.0,-1.5099999999999998,-0.5800000000000001,-0.1299999999999999,-2.1099999999999994,-0.07989397955319952
DET,8483464,Marco Kasper,C,F,7,2,14,False,True,0.205,0.987,0.0443,0.0315,0.0254,11.2,7.7,5.2,24.2,252.4,272.8,DET,C,11.59,7.74,4.33,23.67,80.0,158.0,1.0,-0.39000000000000057,-0.040000000000000036,0.8700000000000001,0.5299999999999976,0.022391212505280842
DET,8482762,Simon Edvinsson,D,D,2,1,20,False,True,-0.447,0.8891,0.0169,0.0306,0.0404,4.3,8.0,8.9,21.2,252.4,272.8,DET,D,7.97,9.66,7.24,24.86,69.6,166.0,1.0,-3.67,-1.6600000000000001,1.6600000000000001,-3.66,-0.14722445695897024
DET,8478891,Mason Appleton,C,F,8,2,14,False,True,0.476,1.0275,0.0295,0.0307,0.0182,7.5,8.0,4.0,19.6,252.4,272.8,DET,C,7.52,6.21,3.72,17.45,67.6,218.0,1.0,-0.019999999999999574,1.79,0.2799999999999998,2.150000000000002,0.12320916905444139
DET,8475279,Ben Chiarot,D,D,3,1,20,False,True,0.763,1.0707,0.0223,0.0257,0.0259,5.7,6.7,5.6,18.0,252.4,272.8,DET,D,4.76,5.76,4.34,14.86,81.4,240.0,1.0,0.9400000000000004,0.9400000000000004,1.2599999999999998,3.1400000000000006,0.21130551816958282
DET,8479992,Michael Rasmussen,C,F,10,3,10,False,True,0.769,1.0716,0.0191,0.022,0.0119,4.9,5.7,2.6,13.2,252.4,272.8,DET,C,7.69,6.79,2.52,17.0,67.9,216.0,1.0,-2.79,-1.0899999999999999,0.08000000000000007,-3.8000000000000007,-0.22352941176470592
DET,8481607,Albert Johansson,D,D,4,2,16,False,True,-0.566,0.8714,0.0091,0.0108,0.0253,2.3,2.8,5.6,10.7,252.4,272.8,DET,D,3.0,3.48,4.0,10.48,76.6,143.0,1.0,-0.7000000000000002,-0.6800000000000002,1.5999999999999996,0.21999999999999886,0.02099236641221363
DET,8474612,Travis Hamonic,D,D,5,2,16,False,True,-0.08,0.9442,0.0017,0.004,0.0133,0.4,1.1,3.0,4.5,252.4,272.8,DET,D,0.38,1.07,2.03,3.48,35.5,133.0,1.0,0.020000000000000018,0.030000000000000027,0.9700000000000002,1.02,
EDM,8478402,Connor McDavid,C,F,0,0,22,False,True,1.822,1.2294,0.159,0.2109,0.1576,43.8,50.0,25.4,119.2,276.8,246.3,EDM,C,41.59,55.66,31.17,128.41,78.0,225.0,1.0,2.2099999999999937,-5.659999999999997,-5.770000000000003,-9.209999999999994,-0.07172338602912541
EDM,8477934,Leon Draisaitl,C,F,1,0,22,False,True,1.914,1.2434,0.1719,0.1758,0.1075,47.7,41.4,17.7,106.7,276.8,246.3,EDM,C,39.52,37.45,22.83,99.79,67.6,217.0,1.0,8.18,3.9499999999999957,-5.129999999999999,6.909999999999997,0.06924541537228175
EDM,8480803,Evan Bouchard,D,D,0,0,24,False,True,0.501,1.0313,0.0587,0.1061,0.1877,16.3,29.1,38.0,83.5,276.8,246.3,EDM,D,19.1,27.86,40.38,87.34,81.9,245.0,1.0,-2.8000000000000007,1.240000000000002,-2.3800000000000026,-3.8400000000000034,-0.04396610945729337
EDM,8475786,Zach Hyman,L,F,2,0,22,False,True,1.926,1.2452,0.1422,0.0667,0.0443,39.1,16.2,9.3,64.6,276.8,246.3,EDM,L,31.62,12.62,7.55,51.79,63.1,211.0,1.0,7.48,3.58,1.7500000000000009,12.809999999999995,0.24734504730642973
EDM,8476454,Ryan Nugent-Hopkins,C,F,3,1,18,False,True,0.314,1.0033,0.069,0.0706,0.0692,19.4,18.7,15.1,53.1,276.8,246.3,EDM,C,19.86,21.79,13.41,55.07,74.0,230.0,1.0,-0.46000000000000085,-3.09,1.6899999999999995,-1.9699999999999989,-0.035772652987107294
EDM,8478458,Jack Roslovic,C,F,5,1,18,False,True,0.463,1.0257,0.0901,0.0428,0.0513,25.4,11.2,10.9,47.4,276.8,246.3,EDM,C,20.41,8.52,7.45,36.38,71.2,209.0,1.0,4.989999999999998,2.6799999999999997,3.45,11.019999999999996,0.30291368884002184
EDM,8475218,Mattias Ekholm,D,D,2,1,20,False,True,0.04,0.9622,0.0208,0.0461,0.0835,5.9,13.3,19.6,38.8,276.8,246.3,EDM,D,7.07,13.41,18.86,39.34,77.7,226.0,1.0,-1.17,-0.10999999999999943,0.740000000000002,-0.5400000000000063,-0.013726487036095735
EDM,8483512,Matt Savoie,C,F,7,2,14,True,True,0.322,1.0044,0.0572,0.0317,0.0456,15.8,8.8,10.6,35.2,276.8,246.3,EDM,C,12.41,6.45,6.9,25.76,57.6,87.0,1.0,3.3900000000000006,2.3500000000000005,3.6999999999999993,9.440000000000001,0.36645962732919257
EDM,8481617,Vasily Podkolzin,R,F,6,2,14,False,True,0.325,1.005,0.0554,0.0345,0.0442,15.0,9.7,10.0,34.7,276.8,246.3,EDM,R,15.03,8.41,8.0,31.45,77.7,183.0,1.0,-0.02999999999999936,1.2899999999999991,2.0,3.2500000000000036,0.10333863275039758
EDM,8477498,Darnell Nurse,D,D,1,0,24,False,True,1.48,1.1781,0.0327,0.0536,0.0458,8.9,14.9,10.8,34.5,276.8,246.3,EDM,D,6.72,10.83,9.17,26.72,80.5,239.0,1.0,2.1800000000000006,4.07,1.6300000000000008,7.780000000000001,0.29116766467065874
EDM,8478013,Jake Walman,D,D,3,1,20,False,True,0.913,1.0932,0.0251,0.0327,0.0425,6.9,9.5,10.4,26.9,276.8,246.3,EDM,D,8.03,8.83,8.03,24.9,56.6,181.0,1.0,-1.129999999999999,0.6699999999999999,2.370000000000001,2.0,0.08032128514056225
EDM,8477450,Jason Dickinson,C,F,4,1,18,False,True,0.634,1.0513,0.0344,0.0231,0.0226,9.6,6.5,5.3,21.4,276.8,246.3,EDM,C,8.03,5.45,4.52,18.0,63.3,204.0,1.0,1.5700000000000003,1.0499999999999998,0.7800000000000002,3.3999999999999986,0.1888888888888888
EDM,8474641,Adam Henrique,C,F,8,2,14,False,True,0.613,1.0482,0.0231,0.0363,0.0149,6.5,10.1,3.5,20.1,276.8,246.3,EDM,C,6.62,9.14,4.62,20.38,70.0,228.0,1.0,-0.1200000000000001,0.9599999999999991,-1.12,-0.2799999999999976,-0.013738959764474857
EDM,8476473,Connor Murphy,D,D,4,2,16,False,True,0.209,0.9876,0.0131,0.0109,0.0384,3.7,3.1,9.8,16.6,276.8,246.3,EDM,D,4.07,2.93,9.86,16.86,74.8,194.0,1.0,-0.3700000000000001,0.16999999999999993,-0.05999999999999872,-0.259999999999998,-0.015421115065243062
EDM,8477953,Kasperi Kapanen,R,F,9,3,10,False,True,0.015,0.9585,0.0184,0.0221,0.0065,5.1,6.4,1.7,13.3,276.8,246.3,EDM,R,7.38,7.72,1.52,16.62,49.5,181.0,1.0,-2.2800000000000002,-1.3199999999999994,0.17999999999999994,-3.3200000000000003,-0.19975932611311673
EDM,8479365,Trent Frederic,C,F,11,3,10,False,True,-0.17,0.9307,0.0187,0.011,0.0097,5.0,3.2,2.3,10.5,276.8,246.3,EDM,C,5.93,3.31,1.97,11.21,70.7,214.0,1.0,-0.9299999999999997,-0.10999999999999988,0.32999999999999985,-0.7100000000000009,-0.06333630686886715
EDM,8477406,Mattias Janmark,C,F,10,3,10,False,True,0.103,0.9716,0.0038,0.0098,0.02,1.0,2.8,5.1,8.9,276.8,246.3,EDM,C,1.45,5.0,4.24,10.69,53.9,194.0,1.0,-0.44999999999999996,-2.2,0.8599999999999994,-1.7899999999999991,-0.16744621141253502
EDM,8481056,Spencer Stastney,D,D,5,2,16,False,True,0.184,0.9838,0.0062,0.0153,0.0087,1.6,4.5,2.3,8.4,276.8,246.3,EDM,D,1.52,4.45,1.93,7.9,52.4,109.0,1.0,0.08000000000000007,0.04999999999999982,0.3699999999999999,0.5,0.06329113924050632
FLA,8477493,Aleksander Barkov,C,F,1,0,22,False,True,1.945,1.2479,0.0944,0.1632,0.1484,25.0,39.6,24.7,89.3,262.5,262.7,FLA,C,20.67,28.78,23.56,73.0,68.3,140.0,0.0,4.329999999999998,10.82,1.1400000000000006,16.299999999999997,0.22328767123287668
FLA,8477933,Sam Reinhart,C,F,0,0,22,False,True,1.906,1.2421,0.1447,0.1189,0.0669,38.0,26.6,11.6,76.2,262.5,262.7,FLA,C,33.34,21.1,13.66,68.1,68.9,225.0,1.0,4.659999999999997,5.5,-2.0600000000000005,8.100000000000009,0.11894273127753317
FLA,8477935,Sam Bennett,C,F,4,1,18,False,True,1.123,1.1246,0.1175,0.0817,0.066,30.6,19.2,12.3,62.1,262.5,262.7,FLA,C,25.34,18.1,11.69,55.14,75.5,221.0,1.0,5.260000000000002,1.0999999999999979,0.6100000000000012,6.960000000000001,0.1262241566920566
FLA,8473419,Brad Marchand,L,F,5,1,18,False,True,1.1,1.1212,0.1156,0.0656,0.0709,30.5,15.8,13.3,59.6,262.5,262.7,FLA,L,26.17,15.45,12.55,54.17,58.7,205.0,1.0,4.329999999999998,0.3500000000000014,0.75,5.43,0.10023998523167804
FLA,8479314,Matthew Tkachuk,L,F,2,0,22,False,True,1.674,1.2073,0.0928,0.1001,0.059,24.1,23.8,11.2,59.1,262.5,262.7,FLA,L,16.07,16.79,10.41,43.28,39.4,163.0,1.0,8.030000000000001,7.010000000000002,0.7899999999999991,15.82,0.3655268022181146
FLA,8477409,Carter Verhaeghe,C,F,6,2,14,False,True,0.722,1.0645,0.0894,0.0629,0.0633,23.5,15.3,12.5,51.3,262.5,262.7,FLA,C,24.41,17.03,14.24,55.69,77.9,234.0,1.0,-0.9100000000000001,-1.7300000000000004,-1.7400000000000002,-4.390000000000001,-0.07882923325552166
FLA,8482113,Anton Lundell,C,F,3,1,18,False,True,1.353,1.1591,0.0793,0.0597,0.0745,20.8,14.9,14.6,50.2,262.5,262.7,FLA,C,17.41,13.62,12.59,43.62,68.6,221.0,1.0,3.3900000000000006,1.2800000000000011,2.01,6.580000000000005,0.1508482347546998
FLA,8477495,Seth Jones,D,D,0,0,24,False,True,0.436,1.0216,0.0321,0.0515,0.0773,8.5,13.3,16.3,38.0,262.5,262.7,FLA,D,7.55,12.52,12.83,32.9,55.7,182.0,1.0,0.9500000000000002,0.7800000000000011,3.4700000000000006,5.100000000000001,0.1550151975683891
FLA,8478055,Gustav Forsling,D,D,1,0,24,False,True,0.513,1.0332,0.0194,0.0589,0.0771,5.2,15.5,16.3,37.1,262.5,262.7,FLA,D,4.72,11.86,12.9,29.48,79.9,239.0,1.0,0.4800000000000004,3.6400000000000006,3.4000000000000004,7.620000000000001,0.2584803256445048
FLA,8478542,Evan Rodrigues,C,F,7,2,14,False,True,0.904,1.0918,0.0516,0.0353,0.0469,13.8,8.9,10.0,32.8,262.5,262.7,FLA,C,12.03,10.0,9.76,31.79,72.9,231.0,1.0,1.7700000000000014,-1.0999999999999996,0.2400000000000002,1.009999999999998,0.031770997168920984
FLA,8480185,Eetu Luostarinen,C,F,8,2,14,False,True,0.976,1.1026,0.0433,0.0406,0.0402,11.5,10.2,8.5,30.2,262.5,262.7,FLA,C,10.59,11.59,8.24,30.41,75.3,235.0,1.0,0.9100000000000001,-1.3900000000000006,0.2599999999999998,-0.21000000000000085,-0.006905623150279541
FLA,8477932,Aaron Ekblad,D,D,2,1,20,False,True,0.205,0.9869,0.0131,0.0439,0.0468,3.5,12.0,10.0,25.4,262.5,262.7,FLA,D,3.76,12.76,10.62,27.14,66.7,179.0,1.0,-0.2599999999999998,-0.7599999999999998,-0.6199999999999992,-1.740000000000002,-0.06411201179071488
FLA,8482713,Mackie Samoskevich,R,F,9,3,10,False,True,0.046,0.9632,0.038,0.0399,0.022,9.8,10.3,4.6,24.6,262.5,262.7,FLA,R,11.9,12.07,5.59,29.55,71.0,156.0,1.0,-2.0999999999999996,-1.7699999999999996,-0.9900000000000002,-4.949999999999999,-0.16751269035532992
FLA,8484304,Uvis Balinskis,D,D,5,2,16,False,True,0.071,0.9669,0.0215,0.0253,0.0335,5.8,6.9,7.2,19.9,262.5,262.7,FLA,D,4.48,5.21,5.21,14.9,57.4,156.0,1.0,1.3199999999999994,1.6900000000000004,1.9900000000000002,4.999999999999998,0.33557046979865757
FLA,8478859,Niko Mikkola,D,D,3,1,20,False,True,0.438,1.0219,0.018,0.0153,0.0432,4.6,4.1,9.8,18.5,262.5,262.7,FLA,D,3.72,3.21,7.14,14.07,70.9,226.0,1.0,0.8799999999999994,0.8899999999999997,2.660000000000001,4.43,0.3148542999289268
FLA,8480003,Jesper Boqvist,C,F,10,3,10,False,True,0.535,1.0365,0.023,0.0192,0.0254,6.0,4.8,5.7,16.4,262.5,262.7,FLA,C,6.07,4.55,4.86,15.48,72.4,198.0,1.0,-0.07000000000000028,0.25,0.8399999999999999,0.9199999999999982,0.059431524547803496
FLA,8477931,Tomas Nosek,L,F,11,3,10,True,True,0.543,1.0377,0.0029,0.0134,0.0286,0.7,3.5,6.6,10.8,262.5,262.7,FLA,L,1.76,1.72,1.86,5.34,31.2,116.0,1.0,-1.06,1.78,4.739999999999999,5.460000000000001,1.0224719101123598
FLA,8475179,Dmitry Kulikov,D,D,4,2,16,False,True,0.19,0.9847,0.0033,0.0047,0.0099,0.8,1.4,2.3,4.4,262.5,262.7,FLA,D,1.03,1.31,2.17,4.52,35.2,165.0,1.0,-0.22999999999999998,0.08999999999999986,0.1299999999999999,-0.11999999999999922,
LAK,8478550,Artemi Panarin,L,F,0,0,22,False,True,0.767,1.0712,0.1536,0.1452,0.1772,38.1,30.6,26.8,95.4,249.8,274.5,LAK,L,31.62,29.76,26.31,87.69,78.8,240.0,1.0,6.48,0.8399999999999999,0.490000000000002,7.710000000000008,0.08792336640437916
LAK,8477960,Adrian Kempe,R,F,2,0,22,False,True,0.992,1.1049,0.1637,0.1194,0.0795,40.6,25.4,12.7,78.7,249.8,274.5,LAK,R,35.21,24.1,13.83,73.14,80.7,239.0,1.0,5.390000000000001,1.2999999999999972,-1.1300000000000008,5.560000000000002,0.07601859447634676
LAK,8482124,Quinton Byfield,R,F,1,0,22,False,True,1.1,1.1211,0.1138,0.0764,0.0729,28.8,17.6,13.0,59.4,249.8,274.5,LAK,R,23.48,15.62,11.52,50.62,79.6,240.0,1.0,5.32,1.9800000000000022,1.4800000000000004,8.780000000000001,0.17344922955353617
LAK,8471685,Anze Kopitar,C,F,3,1,18,False,True,0.713,1.0631,0.0708,0.0885,0.0568,17.7,21.3,10.4,49.3,249.8,274.5,LAK,C,15.14,20.03,12.03,47.21,71.3,229.0,1.0,2.5599999999999987,1.2699999999999996,-1.629999999999999,2.0899999999999963,0.044270281719974505
LAK,8482155,Alex Laferriere,R,F,5,1,18,False,True,0.86,1.0852,0.0952,0.0602,0.0642,23.8,13.7,11.8,49.2,249.8,274.5,LAK,R,19.9,12.62,9.55,42.07,80.7,240.0,1.0,3.900000000000002,1.08,2.25,7.130000000000003,0.16947943903018783
LAK,8477942,Kevin Fiala,L,F,4,1,18,False,True,0.44,1.0221,0.1009,0.0558,0.0501,25.2,12.8,9.3,47.3,249.8,274.5,LAK,L,22.86,13.1,11.14,47.1,63.8,219.0,1.0,2.34,-0.29999999999999893,-1.8399999999999999,0.19999999999999574,0.004246284501061481
LAK,8482730,Brandt Clarke,D,D,3,1,20,False,True,-0.263,0.9168,0.0245,0.1027,0.059,6.1,25.3,11.2,42.6,249.8,274.5,LAK,D,6.86,20.38,8.72,35.97,76.5,176.0,1.0,-0.7600000000000007,4.920000000000002,2.4799999999999986,6.630000000000003,0.1843202668890743
LAK,8479675,Trevor Moore,L,F,6,2,14,False,True,0.482,1.0285,0.0474,0.0415,0.054,12.0,10.0,10.8,32.9,249.8,274.5,LAK,L,15.45,10.03,10.17,35.66,70.4,222.0,1.0,-3.4499999999999993,-0.02999999999999936,0.6300000000000008,-2.759999999999998,-0.07739764441951762
LAK,8483808,Andrei Kuzmenko,L,F,7,2,14,False,True,0.52,1.0341,0.0565,0.0272,0.0485,14.1,6.6,9.9,30.6,249.8,274.5,LAK,L,13.14,6.59,9.62,29.34,56.8,190.0,1.0,0.9599999999999991,0.009999999999999787,0.28000000000000114,1.2600000000000016,0.04294478527607367
LAK,8479998,Mikey Anderson,D,D,1,0,24,False,True,0.554,1.0393,0.0169,0.0505,0.0543,4.2,12.7,11.2,28.2,249.8,274.5,LAK,D,4.34,8.9,7.59,20.83,78.9,231.0,1.0,-0.13999999999999968,3.799999999999999,3.6099999999999994,7.370000000000001,0.3538166106577053
LAK,8476441,Joel Edmundson,D,D,2,1,20,False,True,0.841,1.0824,0.0148,0.0344,0.0706,3.7,8.5,15.3,27.5,249.8,274.5,LAK,D,2.9,7.1,11.1,21.1,77.8,208.0,1.0,0.8000000000000003,1.4000000000000004,4.200000000000001,6.399999999999999,0.3033175355450236
LAK,8476872,Scott Laughton,C,F,8,2,14,False,True,0.721,1.0643,0.0512,0.0358,0.0165,12.8,8.7,3.4,24.9,249.8,274.5,LAK,C,13.0,8.14,2.83,23.97,69.1,226.0,1.0,-0.1999999999999993,0.5599999999999987,0.5699999999999998,0.9299999999999997,0.038798498122653305
LAK,8474563,Drew Doughty,D,D,0,0,24,False,True,0.259,0.995,0.0195,0.0307,0.0435,4.9,7.9,9.1,21.9,249.8,274.5,LAK,D,5.45,6.52,11.45,23.41,62.6,184.0,1.0,-0.5499999999999998,1.3800000000000008,-2.3499999999999996,-1.5100000000000016,-0.06450234942332343
LAK,8483756,Jared Wright,R,F,11,3,10,True,True,0.296,1.0007,0.0214,0.0398,0.028,5.4,9.9,5.9,21.2,249.8,274.5,LAK,R,0.0,4.0,0.0,4.0,23.0,23.0,1.0,5.4,5.9,5.9,17.2,
LAK,8475208,Brian Dumoulin,D,D,5,2,16,False,True,-0.471,0.8856,0.0077,0.0298,0.0401,2.0,7.5,8.4,17.9,249.8,274.5,LAK,D,2.52,7.52,8.1,18.14,81.4,242.0,1.0,-0.52,-0.019999999999999574,0.3000000000000007,-0.240000000000002,-0.013230429988974751
LAK,8476469,Joel Armia,R,F,9,3,10,False,True,0.322,1.0045,0.0264,0.0354,0.0114,6.5,8.8,2.4,17.7,249.8,274.5,LAK,R,12.79,10.38,2.79,25.97,70.3,214.0,1.0,-6.289999999999999,-1.58,-0.3900000000000001,-8.27,-0.3184443588756257
LAK,8476879,Cody Ceci,D,D,4,2,16,False,True,0.014,0.9583,0.0077,0.01,0.0434,2.0,2.5,9.6,14.1,249.8,274.5,LAK,D,2.0,2.62,9.1,13.72,82.5,246.0,1.0,0.0,-0.1200000000000001,0.5,0.379999999999999,0.027696793002915377
LAK,8478472,Mathieu Joseph,R,F,10,3,10,False,True,0.475,1.0275,0.0079,0.0168,0.0299,1.8,4.3,6.5,12.6,249.8,274.5,LAK,R,3.1,4.62,5.66,13.38,54.6,183.0,1.0,-1.3,-0.3200000000000003,0.8399999999999999,-0.7800000000000011,-0.05829596412556062
MIN,8481557,Matt Boldy,L,F,1,0,22,False,True,1.428,1.1705,0.1622,0.1204,0.0937,45.9,28.8,16.6,91.3,281.7,241.9,MIN,L,37.48,23.21,20.31,81.0,77.4,233.0,1.0,8.420000000000002,5.59,-3.7099999999999973,10.299999999999997,0.12716049382716046
MIN,8478864,Kirill Kaprizov,L,F,0,0,22,False,True,1.19,1.1347,0.1444,0.1046,0.0801,40.9,25.5,14.9,81.3,281.7,241.9,MIN,L,40.24,26.21,15.07,81.52,68.9,194.0,1.0,0.6599999999999966,-0.7100000000000009,-0.16999999999999993,-0.21999999999999886,-0.002698724239450428
MIN,8480800,Quinn Hughes,D,D,0,0,24,False,True,0.594,1.0452,0.0382,0.1196,0.1635,10.7,32.7,33.6,76.9,281.7,241.9,MIN,D,9.86,33.38,33.86,77.1,73.1,224.0,1.0,0.8399999999999999,-0.6799999999999997,-0.259999999999998,-0.19999999999998863,-0.0025940337224382446
MIN,8478493,Joel Eriksson Ek,C,F,2,0,22,False,True,1.591,1.1949,0.1001,0.0694,0.0814,27.9,17.7,16.9,62.6,281.7,241.9,MIN,C,18.55,13.55,14.48,46.59,64.7,193.0,1.0,9.349999999999998,4.149999999999999,2.419999999999998,16.009999999999998,0.34363597338484647
MIN,8475692,Mats Zuccarello,R,F,3,1,18,False,True,0.743,1.0676,0.0452,0.0935,0.0983,13.1,25.1,21.0,59.2,281.7,241.9,MIN,R,15.76,21.38,17.48,54.62,62.1,197.0,1.0,-2.66,3.7200000000000024,3.5199999999999996,4.580000000000005,0.08385206883925313
MIN,8475149,Marcus Johansson,L,F,5,1,18,False,True,0.829,1.0805,0.064,0.0957,0.0708,18.1,25.4,14.6,58.1,281.7,241.9,MIN,L,13.76,18.97,11.34,44.07,74.5,225.0,1.0,4.340000000000002,6.43,3.26,14.030000000000001,0.3183571590651237
MIN,8482122,Brock Faber,D,D,1,0,24,False,True,1.349,1.1585,0.0575,0.0668,0.0828,15.8,18.2,18.3,52.4,281.7,241.9,MIN,D,13.31,15.79,16.31,45.41,79.7,240.0,1.0,2.49,2.41,1.990000000000002,6.990000000000002,0.15393085223519054
MIN,8477451,Ryan Hartman,R,F,4,1,18,False,True,0.693,1.0601,0.0949,0.065,0.039,26.6,17.0,8.0,51.7,281.7,241.9,MIN,R,19.97,13.14,5.93,39.03,74.2,219.0,1.0,6.630000000000003,3.8599999999999994,2.0700000000000003,12.670000000000002,0.3246220855751986
MIN,8475765,Vladimir Tarasenko,R,F,7,2,14,False,True,0.483,1.0286,0.0784,0.059,0.0432,22.0,15.8,9.5,47.2,281.7,241.9,MIN,R,20.1,15.31,8.76,44.17,76.3,231.0,1.0,1.8999999999999986,0.4900000000000002,0.7400000000000002,3.030000000000001,0.0685985963323523
MIN,8481553,Bobby Brink,R,F,6,2,14,False,True,0.592,1.045,0.0562,0.0433,0.0427,16.1,11.8,9.5,37.3,281.7,241.9,MIN,R,14.0,10.9,7.28,32.17,69.9,204.0,1.0,2.1000000000000014,0.9000000000000004,2.2199999999999998,5.1299999999999955,0.15946534037923515
MIN,8473422,Nick Foligno,L,F,8,2,14,False,True,0.518,1.0338,0.0292,0.0285,0.0358,8.3,8.2,8.2,24.7,281.7,241.9,MIN,L,7.55,8.03,5.76,21.34,60.5,205.0,1.0,0.7500000000000009,0.16999999999999993,2.4399999999999995,3.3599999999999994,0.15745079662605432
MIN,8476463,Jonas Brodin,D,D,3,1,20,False,True,0.158,0.9799,0.0169,0.0358,0.0347,4.7,10.0,8.1,22.9,281.7,241.9,MIN,D,4.21,8.1,6.79,19.1,59.1,174.0,1.0,0.4900000000000002,1.9000000000000004,1.3099999999999996,3.799999999999997,0.19895287958115168
MIN,8474716,Jared Spurgeon,D,D,4,2,16,False,True,0.062,0.9656,0.0146,0.028,0.0361,3.9,8.1,8.8,20.8,281.7,241.9,MIN,D,5.83,8.24,9.17,23.24,71.5,161.0,1.0,-1.9300000000000002,-0.14000000000000057,-0.3699999999999992,-2.4399999999999977,-0.10499139414802057
MIN,8478136,Jake Middleton,D,D,5,2,16,False,True,0.822,1.0795,0.0151,0.0308,0.0274,4.2,8.7,6.6,19.5,281.7,241.9,MIN,D,3.79,7.83,6.21,17.83,73.4,222.0,1.0,0.41000000000000014,0.8699999999999992,0.3899999999999997,1.6700000000000017,0.09366236679753236
MIN,8475220,Marcus Foligno,L,F,11,3,10,False,True,0.075,0.9675,0.0242,0.0128,0.0179,6.8,3.6,4.3,14.7,281.7,241.9,MIN,L,9.59,4.1,3.79,17.48,61.0,188.0,1.0,-2.79,-0.49999999999999956,0.5099999999999998,-2.780000000000001,-0.15903890160183073
MIN,8486166,Viking Gustafsson Nyberg,D,D,2,1,20,True,True,0.576,1.0426,0.0242,0.0,0.031,6.7,0.0,7.5,14.2,281.7,241.9,MIN,D,0.0,0.0,0.0,0.0,2.0,2.0,1.0,6.7,0.0,7.5,14.2,
MIN,8477446,Michael McCarron,C,F,9,3,10,False,True,0.39,1.0147,0.0196,0.0142,0.0179,5.7,3.8,4.5,14.0,281.7,241.9,MIN,C,7.55,4.14,4.93,16.62,77.2,223.0,1.0,-1.8499999999999996,-0.33999999999999986,-0.4299999999999997,-2.620000000000001,-0.15764139590854398
MIN,8477952,Robby Fabbri,C,F,10,3,10,False,True,0.474,1.0273,0.0151,0.0125,0.0037,4.1,3.6,0.9,8.6,281.7,241.9,MIN,C,4.55,3.93,1.03,9.52,29.8,133.0,1.0,-0.4500000000000002,-0.33000000000000007,-0.13,-0.9199999999999999,-0.09663865546218488
MTL,8481540,Cole Caufield,R,F,1,0,22,False,True,1.107,1.1222,0.2395,0.1239,0.0672,65.2,26.1,10.5,101.9,269.7,256.2,MTL,R,46.03,22.76,13.28,82.07,81.3,245.0,1.0,19.17,3.34,-2.7799999999999994,19.830000000000013,0.24162300475204113
MTL,8480018,Nick Suzuki,C,F,0,0,22,False,True,1.206,1.137,0.1141,0.1775,0.1426,30.1,43.4,24.2,97.6,269.7,256.2,MTL,C,29.52,40.72,26.21,96.45,82.0,246.0,1.0,0.5800000000000018,2.6799999999999997,-2.0100000000000016,1.1499999999999915,0.011923276308968288
MTL,8483515,Juraj Slafkovský,L,F,2,0,22,False,True,1.213,1.1381,0.1392,0.1238,0.1041,37.5,29.5,18.6,85.6,269.7,256.2,MTL,L,26.41,23.1,16.59,66.1,81.3,243.0,1.0,11.09,6.399999999999999,2.0100000000000016,19.5,0.2950075642965205
MTL,8483457,Lane Hutson,D,D,1,0,24,False,True,0.061,0.9653,0.0334,0.0892,0.1607,8.9,23.9,33.3,66.1,269.7,256.2,MTL,D,9.72,27.55,32.59,69.86,76.5,166.0,1.0,-0.8200000000000003,-3.650000000000002,0.7099999999999937,-3.760000000000005,-0.05382192957343265
MTL,8484984,Ivan Demidov,R,F,4,1,18,True,True,0.396,1.0156,0.0589,0.1046,0.0668,15.7,27.6,13.7,57.0,269.7,256.2,MTL,R,14.33,19.52,12.59,46.44,61.3,84.0,1.0,1.3699999999999992,8.080000000000002,1.1099999999999994,10.560000000000002,0.22739018087855303
MTL,8480865,Noah Dobson,D,D,2,1,20,False,True,0.239,0.992,0.04,0.0557,0.0683,11.2,15.1,14.7,41.0,269.7,256.2,MTL,D,11.38,18.69,16.59,46.66,77.8,230.0,1.0,-0.1800000000000015,-3.5900000000000016,-1.8900000000000006,-5.659999999999997,-0.12130304329189878
MTL,8476875,Mike Matheson,D,D,0,0,24,False,True,1.52,1.1842,0.0255,0.0542,0.0765,6.9,14.6,16.7,38.3,269.7,256.2,MTL,D,7.03,14.48,15.76,37.28,78.8,240.0,1.0,-0.1299999999999999,0.11999999999999922,0.9399999999999995,1.019999999999996,0.02736051502145912
MTL,8482775,Oliver Kapanen,C,F,8,2,14,True,True,0.251,0.9938,0.0519,0.0235,0.0441,14.2,6.1,9.9,30.2,269.7,256.2,MTL,C,16.3,5.93,5.7,27.93,65.4,100.0,1.0,-2.1000000000000014,0.16999999999999993,4.2,2.2699999999999996,0.08127461510920156
MTL,8478133,Jake Evans,C,F,5,1,18,False,True,0.699,1.061,0.0337,0.0346,0.0357,9.3,9.4,7.7,26.4,269.7,256.2,MTL,C,11.9,8.31,6.97,27.17,72.3,232.0,1.0,-2.5999999999999996,1.0899999999999999,0.7300000000000004,-0.7700000000000031,-0.028340080971660034
MTL,8481618,Alex Newhook,C,F,6,2,14,False,True,0.017,0.9588,0.0493,0.0282,0.0216,13.1,7.5,4.8,25.4,269.7,256.2,MTL,C,13.62,7.45,4.79,25.86,52.6,179.0,1.0,-0.5199999999999996,0.04999999999999982,0.009999999999999787,-0.46000000000000085,-0.017788089713843807
MTL,8481523,Kirby Dach,C,F,7,2,14,True,True,0.158,0.9799,0.0405,0.0153,0.0423,10.6,4.1,9.5,24.2,269.7,256.2,MTL,C,7.93,2.79,5.07,15.79,39.4,96.0,1.0,2.67,1.3099999999999996,4.43,8.41,0.532615579480684
MTL,8476479,Phillip Danault,C,F,3,1,18,False,True,0.572,1.042,0.0295,0.0463,0.019,7.9,11.9,4.3,24.1,269.7,256.2,MTL,C,7.24,14.34,3.76,25.34,76.4,233.0,1.0,0.6600000000000001,-2.4399999999999995,0.54,-1.2399999999999984,-0.04893449092344114
MTL,8479339,Patrik Laine,R,F,10,3,10,True,True,0.099,0.971,0.0428,0.0274,0.0247,11.3,7.3,5.5,24.1,269.7,256.2,MTL,L,5.24,2.76,1.28,9.28,17.2,75.0,1.0,6.0600000000000005,4.54,4.22,14.820000000000002,1.59698275862069
MTL,8478851,Alexandre Carrier,D,D,4,2,16,False,True,0.324,1.0049,0.0211,0.0258,0.0339,5.6,7.2,8.0,20.8,269.7,256.2,MTL,D,5.83,8.66,8.1,22.59,74.4,225.0,1.0,-0.23000000000000043,-1.46,-0.09999999999999964,-1.7899999999999991,-0.07923860115095172
MTL,8480074,Alexandre Texier,L,F,11,3,10,False,True,0.337,1.0067,0.0245,0.0154,0.0225,6.5,4.5,5.4,16.4,269.7,256.2,MTL,L,7.79,5.86,5.55,19.21,48.0,160.0,1.0,-1.29,-1.3600000000000003,-0.14999999999999947,-2.8100000000000023,-0.14627798021863625
MTL,8482087,Kaiden Guhle,D,D,3,1,20,False,True,0.59,1.0446,0.0143,0.0205,0.0263,3.9,5.7,6.2,15.7,269.7,256.2,MTL,D,3.24,5.41,4.79,13.45,45.0,164.0,1.0,0.6599999999999997,0.29000000000000004,1.4100000000000001,2.25,0.16728624535315986
MTL,8481593,Jayden Struble,D,D,5,2,16,False,True,0.353,1.0092,0.0099,0.023,0.0279,2.8,6.1,6.5,15.4,269.7,256.2,MTL,D,2.07,4.86,5.17,12.1,58.1,171.0,1.0,0.73,1.2399999999999993,1.33,3.3000000000000007,0.2727272727272728
MTL,8476981,Josh Anderson,R,F,9,3,10,False,True,0.237,0.9917,0.0317,0.011,0.0157,8.8,2.8,3.6,15.1,269.7,256.2,MTL,R,13.9,5.86,4.0,23.76,74.6,231.0,1.0,-5.1,-3.0600000000000005,-0.3999999999999999,-8.660000000000002,-0.3644781144781145
NJD,8479407,Jesper Bratt,L,F,2,0,22,False,True,1.556,1.1896,0.1159,0.1795,0.145,30.2,42.1,23.8,96.1,262.6,263.1,NJD,L,22.1,31.86,21.97,75.93,81.8,245.0,1.0,8.099999999999998,10.240000000000002,1.8300000000000018,20.169999999999987,0.26563940471486874
NJD,8480002,Nico Hischier,C,F,1,0,22,False,True,1.56,1.1903,0.1527,0.1139,0.0989,40.2,25.6,17.2,83.0,262.6,263.1,NJD,C,29.62,22.83,14.34,66.79,79.6,228.0,1.0,10.580000000000002,2.770000000000003,2.8599999999999994,16.209999999999994,0.24270100314418314
NJD,8481559,Jack Hughes,C,F,0,0,22,False,True,1.487,1.1793,0.1286,0.1382,0.0937,33.8,32.2,16.0,82.0,262.6,263.1,NJD,C,27.0,31.07,17.03,75.1,61.3,185.0,1.0,6.799999999999997,1.1300000000000026,-1.0300000000000011,6.900000000000006,0.09187749667110527
NJD,8482684,Luke Hughes,D,D,0,0,24,False,True,1.078,1.118,0.0315,0.0855,0.114,8.3,22.6,23.3,54.1,262.6,263.1,NJD,D,6.45,14.45,17.1,38.0,69.7,221.0,1.0,1.8500000000000005,8.150000000000002,6.199999999999999,16.1,0.42368421052631583
NJD,8478414,Timo Meier,R,F,3,1,18,False,True,0.548,1.0383,0.1013,0.0618,0.06,26.9,15.0,11.7,53.6,262.6,263.1,NJD,R,24.76,12.62,9.34,46.72,77.2,226.0,1.0,2.139999999999997,2.380000000000001,2.3599999999999994,6.880000000000003,0.1472602739726028
NJD,8477015,Connor Brown,R,F,5,1,18,False,True,0.926,1.0952,0.0689,0.0611,0.0742,18.2,15.1,15.1,48.4,262.6,263.1,NJD,R,15.83,11.76,10.14,37.72,76.4,228.0,1.0,2.369999999999999,3.34,4.959999999999999,10.68,0.2831389183457052
NJD,8476462,Dougie Hamilton,D,D,1,0,24,False,True,0.391,1.0149,0.051,0.0518,0.1015,13.3,13.1,21.1,47.5,262.6,263.1,NJD,D,10.79,10.55,16.31,37.66,69.9,161.0,1.0,2.5100000000000016,2.549999999999999,4.790000000000003,9.840000000000003,0.2612851832182688
NJD,8482110,Dawson Mercer,C,F,4,1,18,False,True,0.812,1.078,0.0711,0.0636,0.0497,18.3,16.3,10.1,44.7,262.6,263.1,NJD,C,19.76,12.97,7.21,39.93,82.0,246.0,1.0,-1.4600000000000009,3.33,2.8899999999999997,4.770000000000003,0.11945905334335094
NJD,8481721,Arseny Gritsyuk,R,F,6,2,14,True,True,0.801,1.0764,0.0478,0.064,0.0441,12.4,16.7,9.1,38.1,262.6,263.1,NJD,R,13.0,13.0,5.0,31.0,66.0,66.0,1.0,-0.5999999999999996,3.6999999999999993,4.1,7.100000000000001,0.2290322580645162
NJD,8479996,Cody Glass,C,F,7,2,14,False,True,0.929,1.0956,0.0822,0.0316,0.0174,21.7,7.8,3.7,33.2,262.6,263.1,NJD,C,14.97,6.62,2.55,24.14,66.8,176.0,1.0,6.729999999999999,1.1799999999999997,1.1500000000000004,9.060000000000002,0.3753106876553439
NJD,8476474,Stefan Noesen,R,F,8,2,14,False,True,0.548,1.0385,0.0369,0.0336,0.0228,9.9,8.7,4.8,23.4,262.6,263.1,NJD,R,8.34,5.97,2.97,17.28,50.6,197.0,1.0,1.5600000000000005,2.7299999999999995,1.8299999999999996,6.119999999999997,0.3541666666666665
NJD,8478399,Jonas Siegenthaler,D,D,3,1,20,False,True,0.244,0.9929,0.0028,0.0094,0.06,0.7,2.6,14.3,17.6,262.6,263.1,NJD,D,0.55,3.9,9.38,13.83,73.8,194.0,1.0,0.1499999999999999,-1.2999999999999998,4.92,3.7700000000000014,0.272595806218366
NJD,8483495,Simon Nemec,D,D,4,2,16,False,True,0.226,0.99,0.0193,0.0247,0.0248,5.3,6.6,5.6,17.5,262.6,263.1,NJD,D,8.28,7.1,4.83,20.21,57.6,155.0,1.0,-2.9799999999999995,-0.5,0.7699999999999996,-2.710000000000001,-0.13409203364670957
NJD,8481032,Paul Cotter,L,F,11,3,10,False,True,0.39,1.0147,0.0329,0.0133,0.019,8.6,3.5,4.4,16.4,262.6,263.1,NJD,L,10.55,3.17,3.66,17.38,78.8,234.0,1.0,-1.950000000000001,0.33000000000000007,0.7400000000000002,-0.9800000000000004,-0.05638665132336021
NJD,8475760,Nick Bjugstad,C,F,10,3,10,False,True,0.193,0.9852,0.0263,0.0174,0.013,6.9,4.5,3.0,14.4,262.6,263.1,NJD,C,7.59,4.14,2.17,13.9,63.2,203.0,1.0,-0.6899999999999995,0.3600000000000003,0.8300000000000001,0.5,0.03597122302158273
NJD,8477488,Brett Pesce,D,D,2,1,20,False,True,0.121,0.9744,0.0049,0.0246,0.0212,1.3,6.7,4.8,12.8,262.6,263.1,NJD,D,1.62,5.14,3.07,9.83,47.7,179.0,1.0,-0.32000000000000006,1.5600000000000005,1.73,2.9700000000000006,0.30213631739572744
NJD,8480192,Johnathan Kovacevic,D,D,5,2,16,False,True,0.245,0.993,0.0027,0.0168,0.0278,0.8,4.5,6.4,11.7,262.6,263.1,NJD,D,0.66,4.07,5.79,10.52,47.3,177.0,1.0,0.14,0.4299999999999997,0.6100000000000003,1.1799999999999997,0.11216730038022811
NJD,8474149,Evgenii Dadonov,L,F,9,3,10,False,True,0.197,0.9857,0.023,0.0094,0.0129,5.9,2.4,2.9,11.3,262.6,263.1,NJD,L,6.34,3.1,2.48,11.93,39.4,155.0,1.0,-0.4399999999999995,-0.7000000000000002,0.41999999999999993,-0.629999999999999,-0.05280804694048609
NSH,8476887,Filip Forsberg,L,F,1,0,22,False,True,1.133,1.1262,0.2076,0.1468,0.0966,51.3,28.7,13.8,93.8,243.3,282.0,NSH,L,38.38,24.07,14.1,76.55,82.0,246.0,1.0,12.919999999999995,4.629999999999999,-0.29999999999999893,17.25,0.22534291312867408
NSH,8474564,Steven Stamkos,C,F,2,0,22,False,True,1.253,1.1442,0.1988,0.0886,0.0864,48.1,17.9,13.3,79.3,243.3,282.0,NSH,C,38.24,13.17,12.48,63.9,81.8,243.0,1.0,9.86,4.729999999999999,0.8200000000000003,15.399999999999999,0.2410015649452269
NSH,8475158,Ryan O'Reilly,C,F,0,0,22,False,True,1.259,1.1451,0.1266,0.149,0.0923,30.9,32.5,14.4,77.9,243.3,282.0,NSH,C,24.1,27.21,17.28,68.59,80.6,242.0,1.0,6.799999999999997,5.289999999999999,-2.880000000000001,9.310000000000002,0.1357340720221607
NSH,8482146,Luke Evangelista,R,F,5,1,18,False,True,0.471,1.0268,0.0527,0.1304,0.0961,12.4,31.1,16.7,60.2,243.3,282.0,NSH,R,11.79,22.21,15.03,49.03,77.8,229.0,1.0,0.6100000000000012,8.89,1.67,11.170000000000002,0.22781970222312872
NSH,8474600,Roman Josi,D,D,0,0,24,False,True,0.213,0.9882,0.0458,0.0923,0.1018,11.0,22.5,18.7,52.2,243.3,282.0,NSH,D,12.72,20.31,19.93,52.97,65.3,203.0,1.0,-1.7200000000000006,2.1900000000000013,-1.2300000000000004,-0.769999999999996,-0.014536530111383728
NSH,8476539,Jonathan Marchessault,C,F,3,1,18,False,True,0.779,1.073,0.0767,0.0747,0.0634,18.2,17.5,11.8,47.4,243.3,282.0,NSH,R,16.24,13.34,10.07,39.66,67.2,222.0,1.0,1.9600000000000009,4.16,1.7300000000000004,7.740000000000002,0.19515885022692897
NSH,8475287,Erik Haula,L,F,4,1,18,False,True,0.726,1.065,0.0694,0.0364,0.0721,17.5,8.6,13.9,40.0,243.3,282.0,NSH,L,13.41,8.38,11.9,33.69,77.8,226.0,1.0,4.09,0.21999999999999886,2.0,6.310000000000002,0.18729593351142781
NSH,8484241,Matthew Wood,R,F,6,2,14,True,True,0.008,0.9573,0.0674,0.0563,0.0386,16.4,13.3,7.4,37.1,243.3,282.0,NSH,R,12.59,7.67,2.22,22.48,54.1,77.0,1.0,3.8099999999999987,5.630000000000001,5.18,14.620000000000001,0.650355871886121
NSH,8476869,Brady Skjei,D,D,1,0,24,False,True,1.089,1.1196,0.0232,0.0594,0.0656,5.6,14.9,13.1,33.6,243.3,282.0,NSH,D,5.38,12.48,11.28,29.14,81.9,244.0,1.0,0.21999999999999975,2.42,1.8200000000000003,4.460000000000001,0.15305422100205907
NSH,8482768,Fedor Svechkov,C,F,7,2,14,True,True,0.342,1.0075,0.0165,0.0367,0.0475,4.0,9.0,9.9,22.9,243.3,282.0,NSH,C,5.04,6.48,5.48,17.0,65.3,122.0,1.0,-1.04,2.5199999999999996,4.42,5.899999999999999,0.3470588235294117
NSH,8480246,Nick Perbix,D,D,3,1,20,False,True,0.03,0.9608,0.0181,0.0213,0.0421,4.4,5.3,8.9,18.6,243.3,282.0,NSH,D,3.66,5.07,6.48,15.21,77.7,230.0,1.0,0.7400000000000002,0.22999999999999954,2.42,3.3900000000000006,0.22287968441814598
NSH,8482482,Adam Wilsby,D,D,4,2,16,True,True,0.298,1.0009,0.016,0.0229,0.0388,4.0,5.6,8.3,17.9,243.3,282.0,NSH,D,1.0,5.44,6.7,13.15,48.9,81.0,1.0,3.0,0.15999999999999925,1.6000000000000005,4.749999999999998,0.3612167300380227
NSH,8479370,Tyson Jost,C,F,8,2,14,False,True,0.334,1.0064,0.0301,0.0111,0.0324,7.2,2.8,6.6,16.7,243.3,282.0,NSH,C,6.69,2.45,4.48,13.62,60.0,151.0,1.0,0.5099999999999998,0.34999999999999964,2.119999999999999,3.08,0.2261380323054332
NSH,8479980,Nicolas Hague,D,D,2,1,20,False,True,-0.043,0.9498,0.0154,0.0183,0.0378,3.8,4.4,7.8,16.0,243.3,282.0,NSH,D,3.41,4.21,6.45,14.07,64.2,203.0,1.0,0.3899999999999997,0.1900000000000004,1.3499999999999996,1.9299999999999997,0.13717128642501775
NSH,8484494,Aiden Fink,R,F,10,3,10,True,False,-0.058,0.9475,0.0254,0.0228,0.0203,6.0,5.6,4.2,15.8,243.3,282.0,,,,,,,,,,,,,,
NSH,8482111,Justin Barron,D,D,5,2,16,False,True,0.344,1.0077,0.0091,0.0126,0.0391,2.3,3.2,8.3,13.9,243.3,282.0,NSH,D,1.93,2.24,6.07,10.24,54.1,162.0,1.0,0.3699999999999999,0.96,2.2300000000000004,3.66,0.357421875
NSH,8482103,Ozzy Wiesblatt,C,F,9,3,10,True,True,0.0,0.9562,0.0013,0.0203,0.0292,0.3,5.2,6.1,11.6,243.3,282.0,NSH,C,0.74,2.48,0.74,3.96,30.9,45.0,1.0,-0.44,2.72,5.359999999999999,7.64,
NYI,8477500,Bo Horvat,C,F,1,0,22,False,True,0.863,1.0856,0.1512,0.0817,0.0903,39.2,18.2,15.7,73.1,258.6,266.5,NYI,C,30.41,12.79,14.55,57.76,72.0,230.0,1.0,8.790000000000003,5.41,1.1499999999999986,15.339999999999996,0.2655817174515235
NYI,8478445,Mathew Barzal,C,F,0,0,22,False,True,0.665,1.056,0.0743,0.1434,0.1022,19.0,34.5,17.8,71.3,258.6,266.5,NYI,C,16.14,26.66,17.21,60.0,68.6,191.0,1.0,2.8599999999999994,7.84,0.5899999999999999,11.299999999999997,0.1883333333333333
NYI,8485366,Matthew Schaefer,D,D,0,0,24,False,True,-0.295,0.9119,0.0783,0.0745,0.1146,20.4,18.1,21.5,60.0,258.6,266.5,NYI,D,23.0,17.0,19.0,59.0,82.0,82.0,1.0,-2.6000000000000014,1.1000000000000014,2.5,1.0,0.01694915254237288
NYI,8475170,Brayden Schenn,C,F,3,1,18,False,True,0.322,1.0044,0.0822,0.0873,0.073,21.1,20.1,13.6,54.9,258.6,266.5,NYI,C,18.14,14.28,9.72,42.14,80.6,244.0,1.0,2.960000000000001,5.820000000000002,3.879999999999999,12.759999999999998,0.30280018984337914
NYI,8475314,Anders Lee,L,F,6,2,14,False,True,0.315,1.0035,0.0821,0.0841,0.0532,20.7,20.3,9.9,50.9,258.6,266.5,NYI,L,21.48,15.1,7.97,44.55,81.9,245.0,1.0,-0.7800000000000011,5.200000000000001,1.9300000000000006,6.350000000000001,0.14253647586980925
NYI,8481601,Simon Holmstrom,R,F,4,1,18,False,True,0.424,1.0198,0.0813,0.0668,0.0616,21.2,15.9,11.9,48.9,258.6,266.5,NYI,R,18.97,13.76,8.14,40.86,77.8,229.0,1.0,2.2300000000000004,2.1400000000000006,3.76,8.04,0.19676945668135093
NYI,8476419,Jean-Gabriel Pageau,C,F,5,1,18,False,True,0.343,1.0076,0.0747,0.053,0.0758,19.4,12.6,15.0,47.0,258.6,266.5,NYI,C,15.86,12.1,8.59,36.55,75.8,235.0,1.0,3.539999999999999,0.5,6.41,10.450000000000003,0.2859097127222983
NYI,8475151,Kyle Palmieri,C,F,2,0,22,False,True,0.932,1.0959,0.0709,0.0488,0.0722,18.8,11.7,14.2,44.7,258.6,266.5,NYI,C,12.0,7.03,8.69,27.72,42.7,189.0,1.0,6.800000000000001,4.669999999999999,5.51,16.980000000000004,0.6125541125541127
NYI,8477407,Anthony Duclair,L,F,8,2,14,False,True,0.913,1.0931,0.0709,0.0511,0.0375,18.4,12.3,7.4,38.0,258.6,266.5,NYI,L,11.62,7.86,4.69,24.17,58.4,179.0,1.0,6.779999999999999,4.44,2.71,13.829999999999998,0.5721969383533304
NYI,8477506,Ryan Pulock,D,D,2,1,20,False,True,0.681,1.0583,0.0202,0.0587,0.07,5.3,14.8,14.7,34.8,258.6,266.5,NYI,D,3.62,10.66,11.21,25.48,74.3,208.0,1.0,1.6799999999999997,4.140000000000001,3.4899999999999984,9.319999999999997,0.3657770800627942
NYI,8477950,Tony DeAngelo,D,D,4,2,16,False,True,0.126,0.9751,0.0182,0.0584,0.0566,4.6,14.8,11.9,31.3,258.6,266.5,NYI,D,4.62,14.62,10.24,29.48,63.0,142.0,1.0,-0.020000000000000462,0.1800000000000015,1.6600000000000001,1.8200000000000003,0.06173677069199458
NYI,8482476,Emil Heineman,L,F,7,2,14,False,True,0.795,1.0754,0.0831,0.0206,0.0198,21.3,4.8,4.1,30.1,258.6,266.5,NYI,L,17.59,3.28,4.86,25.72,71.8,148.0,1.0,3.710000000000001,1.52,-0.7600000000000007,4.380000000000003,0.1702954898911354
NYI,8485702,Max Shabanov,R,F,9,3,10,True,True,0.476,1.0275,0.012,0.0476,0.0371,3.1,12.5,7.7,23.3,258.6,266.5,NYI,R,5.0,8.0,5.0,18.0,44.0,44.0,1.0,-1.9,4.5,2.7,5.300000000000001,0.2944444444444445
NYI,8476917,Adam Pelech,D,D,3,1,20,False,True,-0.168,0.9311,0.0102,0.0326,0.0487,2.7,8.4,10.1,21.1,258.6,266.5,NYI,D,2.83,6.34,8.03,17.21,75.0,200.0,1.0,-0.1299999999999999,2.0600000000000005,2.0700000000000003,3.8900000000000006,0.22603137710633356
NYI,8476292,Ondrej Palat,L,F,10,3,10,False,True,0.258,0.9948,0.0305,0.0221,0.0293,7.9,5.6,6.5,20.0,258.6,266.5,NYI,L,7.83,6.0,5.41,19.24,78.7,228.0,1.0,0.07000000000000028,-0.40000000000000036,1.0899999999999999,0.7600000000000016,0.039501039501039586
NYI,8475231,Casey Cizikas,C,F,11,3,10,False,True,0.21,0.9877,0.0297,0.0346,0.0062,7.7,8.9,1.3,18.0,258.6,266.5,NYI,C,9.28,7.79,1.03,18.1,80.5,233.0,1.0,-1.5799999999999992,1.1100000000000003,0.27,-0.10000000000000142,-0.0055248618784531165
NYI,8477369,Carson Soucy,D,D,5,2,16,False,True,0.122,0.9746,0.0197,0.0175,0.0323,5.0,4.6,7.0,16.6,258.6,266.5,NYI,D,4.55,2.93,4.34,11.83,73.3,191.0,1.0,0.4500000000000002,1.6699999999999995,2.66,4.770000000000001,0.4032121724429418
NYI,8481014,Alexander Romanov,D,D,1,0,24,False,True,1.326,1.155,0.0105,0.0173,0.0194,2.8,4.3,4.4,11.4,258.6,266.5,NYI,D,1.45,2.41,3.17,7.03,31.4,160.0,1.0,1.3499999999999999,1.8899999999999997,1.2300000000000004,4.37,0.6216216216216216
NYR,8476459,Mika Zibanejad,C,F,1,0,22,False,True,0.815,1.0785,0.1675,0.1496,0.0682,45.0,33.8,11.3,90.1,266.2,258.6,NYR,C,30.07,29.55,14.1,73.72,81.2,244.0,1.0,14.93,4.2499999999999964,-2.799999999999999,16.379999999999995,0.22219207813347797
NYR,8476468,J.T. Miller,C,F,2,0,22,False,True,0.798,1.0759,0.0932,0.1058,0.1198,24.4,25.9,21.9,72.3,266.2,258.6,NYR,C,19.59,22.24,18.72,60.55,69.9,221.0,1.0,4.809999999999999,3.66,3.1799999999999997,11.75,0.19405450041288191
NYR,8482109,Alexis Lafrenière,L,F,3,1,18,False,True,0.804,1.0768,0.1154,0.0997,0.0645,30.7,23.5,11.9,66.1,266.2,258.6,NYR,L,22.59,18.86,12.66,54.1,82.0,246.0,1.0,8.11,4.640000000000001,-0.7599999999999998,11.999999999999993,0.2218114602587799
NYR,8476389,Vincent Trocheck,C,F,0,0,22,False,True,1.061,1.1153,0.0871,0.1044,0.0861,23.2,25.6,16.1,64.9,266.2,258.6,NYR,C,19.03,19.76,17.31,56.1,71.7,231.0,1.0,4.169999999999998,5.84,-1.2099999999999973,8.800000000000004,0.1568627450980393
NYR,8479323,Adam Fox,D,D,0,0,24,False,True,0.692,1.0599,0.0416,0.1047,0.1368,10.9,27.2,26.6,64.7,266.2,258.6,NYR,D,9.79,20.69,25.83,56.31,60.8,201.0,1.0,1.1100000000000012,6.509999999999998,0.7700000000000031,8.39,0.14899662582134612
NYR,8482157,Will Cuylle,L,F,4,1,18,False,True,0.896,1.0906,0.094,0.0855,0.0357,24.7,21.0,6.7,52.4,266.2,258.6,NYR,L,19.52,13.76,5.24,38.52,81.9,245.0,1.0,5.18,7.24,1.46,13.879999999999995,0.360332294911734
NYR,8484210,Gabe Perreault,R,F,5,1,18,True,True,0.802,1.0764,0.0828,0.0691,0.0439,22.0,17.5,8.8,48.4,266.2,258.6,NYR,R,8.89,8.15,2.96,20.0,37.6,54.0,1.0,13.11,9.35,5.840000000000001,28.4,1.42
NYR,8478882,Vladislav Gavrikov,D,D,1,0,24,False,True,2.007,1.2572,0.0687,0.0483,0.0734,18.3,12.6,15.4,46.3,266.2,258.6,NYR,D,11.28,8.72,12.97,32.97,81.7,241.0,1.0,7.020000000000001,3.879999999999999,2.4299999999999997,13.329999999999998,0.40430694570821957
NYR,8479390,Taylor Raddysh,R,F,8,2,14,False,True,0.178,0.9829,0.0435,0.0415,0.038,11.8,10.9,8.5,31.3,266.2,258.6,NYR,R,8.24,7.03,5.31,20.59,71.2,221.0,1.0,3.5600000000000005,3.87,3.1900000000000004,10.71,0.5201554152501214
NYR,8483690,Noah Laba,C,F,7,2,14,True,True,0.241,0.9923,0.0392,0.0334,0.0532,10.6,8.6,10.8,30.0,266.2,258.6,NYR,C,9.0,7.0,8.0,24.0,74.0,74.0,1.0,1.5999999999999996,1.5999999999999996,2.8000000000000007,6.0,0.25
NYR,8482073,Braden Schneider,D,D,2,1,20,False,True,0.004,0.9568,0.0133,0.04,0.0436,3.4,10.9,9.5,23.9,266.2,258.6,NYR,D,3.17,8.69,6.93,18.79,81.5,244.0,1.0,0.22999999999999998,2.210000000000001,2.5700000000000003,5.109999999999999,0.271953166577967
NYR,8478840,Will Borgen,D,D,3,1,20,False,True,-0.199,0.9263,0.0212,0.0246,0.0395,5.8,6.7,8.8,21.3,266.2,258.6,NYR,D,4.86,5.24,5.59,15.69,77.7,241.0,1.0,0.9399999999999995,1.46,3.210000000000001,5.610000000000001,0.3575525812619504
NYR,8481789,Tye Kartye,L,F,9,3,10,False,True,0.185,0.9839,0.0303,0.0285,0.0265,8.1,7.5,5.5,21.2,266.2,258.6,NYR,L,7.72,7.21,4.76,19.69,64.7,204.0,1.0,0.3799999999999999,0.29000000000000004,0.7400000000000002,1.509999999999998,0.07668867445403747
NYR,8477380,Jonny Brodzinski,C,F,10,3,10,False,True,0.268,0.9964,0.0341,0.021,0.028,9.4,5.5,6.2,21.1,266.2,258.6,NYR,C,7.45,4.52,4.97,16.93,54.2,163.0,1.0,1.9500000000000002,0.9800000000000004,1.2300000000000004,4.170000000000002,0.24630832841110464
NYR,8481525,Matthew Robertson,D,D,4,2,16,True,True,-0.583,0.8687,0.0253,0.0145,0.0399,6.8,4.0,9.1,20.0,266.2,258.6,NYR,D,4.44,3.7,5.19,13.33,53.9,74.0,1.0,2.3599999999999994,0.2999999999999998,3.9099999999999993,6.67,0.5003750937734434
NYR,8477839,Conor Sheary,L,F,6,2,14,True,True,0.306,1.0021,0.0171,0.0233,0.0402,4.4,6.3,9.1,19.8,266.2,258.6,NYR,L,5.1,3.93,4.41,13.45,47.9,124.0,1.0,-0.6999999999999993,2.3699999999999997,4.6899999999999995,6.350000000000001,0.4721189591078068
NYR,8483669,Adam Sykora,L,F,11,3,10,True,True,0.208,0.9874,0.0256,0.003,0.0269,6.7,0.9,6.2,13.7,266.2,258.6,NYR,L,3.0,0.0,1.0,4.0,11.0,11.0,1.0,3.7,0.9,5.2,9.7,
NYR,8482861,Vincent Iorio,D,D,5,2,16,True,True,0.385,1.0139,0.0,0.0029,0.0357,0.0,0.8,7.8,8.6,266.2,258.6,NYR,D,0.0,0.91,1.82,2.73,25.1,33.0,1.0,0.0,-0.10999999999999999,5.9799999999999995,5.869999999999999,
OTT,8480208,Drake Batherson,R,F,2,0,22,False,True,1.106,1.1221,0.1668,0.1176,0.1119,44.3,26.4,18.7,89.4,265.5,256.9,OTT,R,30.97,22.31,16.66,69.93,79.9,243.0,1.0,13.329999999999998,4.09,2.039999999999999,19.47,0.2784212784212784
OTT,8482116,Tim Stützle,C,F,0,0,22,False,True,1.176,1.1326,0.1147,0.1115,0.1481,30.6,26.0,26.1,82.7,265.5,256.9,OTT,C,30.48,25.76,24.9,81.14,80.1,237.0,1.0,0.120000000000001,0.23999999999999844,1.2000000000000028,1.5600000000000023,0.01922602908553121
OTT,8481528,Dylan Cozens,C,F,4,1,18,False,True,1.191,1.1348,0.1104,0.0736,0.0877,29.7,17.7,16.3,63.7,265.5,256.9,OTT,C,24.41,16.0,14.86,55.28,81.8,243.0,1.0,5.289999999999999,1.6999999999999993,1.4400000000000013,8.420000000000002,0.152315484804631
OTT,8480801,Brady Tkachuk,L,F,3,1,18,False,True,0.805,1.077,0.0804,0.102,0.062,21.2,24.7,12.0,57.9,265.5,256.9,OTT,L,24.72,23.48,10.86,59.07,64.3,213.0,1.0,-3.5199999999999996,1.2199999999999989,1.1400000000000006,-1.1700000000000017,-0.019807008633824306
OTT,8473512,Claude Giroux,R,F,5,1,18,False,True,1.5,1.1811,0.0534,0.0926,0.075,14.1,23.5,14.9,52.5,265.5,256.9,OTT,R,14.72,21.41,14.14,50.28,81.8,245.0,1.0,-0.620000000000001,2.09,0.7599999999999998,2.219999999999999,0.04415274463007157
OTT,8482105,Jake Sanderson,D,D,0,0,24,False,True,0.554,1.0394,0.0465,0.0664,0.0866,12.5,17.0,18.1,47.6,265.5,256.9,OTT,D,13.0,17.38,23.24,53.62,71.0,226.0,1.0,-0.5,-0.379999999999999,-5.139999999999997,-6.019999999999996,-0.11227154046997383
OTT,8481596,Shane Pinto,C,F,1,0,22,False,True,0.968,1.1014,0.0838,0.0518,0.0428,22.2,13.0,8.7,43.8,265.5,256.9,OTT,C,21.55,14.38,6.59,42.52,69.4,183.0,1.0,0.6499999999999986,-1.3800000000000008,2.1099999999999994,1.279999999999994,0.030103480714957526
OTT,8478469,Thomas Chabot,D,D,1,0,24,False,True,1.143,1.1277,0.0316,0.0699,0.0482,8.1,18.1,10.2,36.4,265.5,256.9,OTT,D,7.62,14.62,12.07,34.31,62.1,188.0,1.0,0.47999999999999954,3.480000000000002,-1.870000000000001,2.0899999999999963,0.060915185077236846
OTT,8481606,Jordan Spence,D,D,4,2,16,False,True,0.294,1.0003,0.0217,0.0321,0.0693,5.8,8.9,15.3,30.0,265.5,256.9,OTT,D,5.93,9.07,14.79,29.79,74.3,223.0,1.0,-0.1299999999999999,-0.16999999999999993,0.5100000000000016,0.21000000000000085,0.007049345417925507
OTT,8482092,Ridly Greig,C,F,6,2,14,False,True,0.721,1.0644,0.0369,0.0448,0.0344,9.7,11.4,7.3,28.5,265.5,256.9,OTT,C,13.0,12.34,8.79,34.14,76.9,227.0,1.0,-3.3000000000000007,-0.9399999999999995,-1.4899999999999993,-5.640000000000001,-0.16520210896309315
OTT,8478020,Michael Amadio,R,F,7,2,14,False,True,0.676,1.0576,0.0492,0.0356,0.0299,12.7,9.0,6.4,28.1,265.5,256.9,OTT,R,13.97,12.52,6.03,32.52,78.3,226.0,1.0,-1.2700000000000014,-3.5199999999999996,0.3700000000000001,-4.420000000000002,-0.13591635916359168
OTT,8480188,Fabian Zetterlund,L,F,9,3,10,False,True,0.289,0.9995,0.0495,0.0341,0.0253,13.2,9.0,5.6,27.8,265.5,256.9,OTT,L,17.97,11.45,6.28,35.69,82.5,248.0,1.0,-4.77,-2.4499999999999993,-0.6800000000000006,-7.889999999999997,-0.22107032782291952
OTT,8477998,Warren Foegele,L,F,8,2,14,False,True,0.536,1.0366,0.0631,0.0156,0.0284,16.8,3.9,6.0,26.7,265.5,256.9,OTT,L,16.14,4.07,5.45,25.66,72.3,232.0,1.0,0.6600000000000001,-0.17000000000000037,0.5499999999999998,1.0399999999999991,0.040530007794232235
OTT,8482245,Artem Zub,D,D,2,1,20,False,True,-0.129,0.9368,0.0144,0.0396,0.0404,3.9,10.6,8.9,23.5,265.5,256.9,OTT,D,4.28,10.69,10.59,25.55,74.1,206.0,1.0,-0.38000000000000034,-0.08999999999999986,-1.6899999999999995,-2.0500000000000007,-0.08023483365949122
OTT,8475324,Nick Jensen,D,D,3,1,20,False,True,0.642,1.0525,0.0158,0.0268,0.0523,4.3,6.9,11.4,22.6,265.5,256.9,OTT,D,3.55,5.55,8.66,17.76,64.6,210.0,1.0,0.75,1.3500000000000005,2.74,4.84,0.2725225225225225
OTT,8476393,Nick Cousins,C,F,11,3,10,False,True,0.269,0.9965,0.0285,0.0205,0.0329,7.3,5.4,7.8,20.5,265.5,256.9,OTT,C,8.14,5.72,6.66,20.52,72.7,200.0,1.0,-0.8400000000000007,-0.3199999999999994,1.1399999999999997,-0.019999999999999574,-0.0009746588693956907
OTT,8482095,Tyler Kleven,D,D,5,2,16,False,True,1.14,1.1272,0.0136,0.0397,0.0103,3.7,10.4,2.4,16.5,265.5,256.9,OTT,D,3.03,9.76,2.1,14.9,68.0,158.0,1.0,0.6700000000000004,0.6400000000000006,0.2999999999999998,1.5999999999999996,0.10738255033557044
OTT,8474189,Lars Eller,C,F,10,3,10,False,True,0.462,1.0254,0.0197,0.0259,0.0144,5.4,6.8,3.2,15.4,265.5,256.9,OTT,C,6.9,7.79,3.1,17.79,71.9,230.0,1.0,-1.5,-0.9900000000000002,0.10000000000000009,-2.389999999999999,-0.13434513771781895
PHI,8478439,Travis Konecny,R,F,0,0,22,False,True,0.556,1.0396,0.1328,0.1184,0.1205,32.5,25.9,19.1,77.5,247.1,275.7,PHI,R,26.69,26.59,16.66,69.93,78.1,235.0,1.0,5.809999999999999,-0.6900000000000013,2.4400000000000013,7.569999999999993,0.10825110825110815
PHI,8481533,Trevor Zegras,C,F,1,0,22,False,True,0.471,1.0268,0.1317,0.1244,0.0826,33.0,26.9,13.3,73.2,247.1,275.7,PHI,C,21.24,22.03,11.69,54.97,71.8,169.0,1.0,11.760000000000002,4.869999999999997,1.6100000000000012,18.230000000000004,0.3316354375113699
PHI,8484387,Matvei Michkov,R,F,8,2,14,False,True,0.862,1.0855,0.0963,0.0945,0.0706,23.8,21.6,12.2,57.6,247.1,275.7,PHI,R,21.56,19.78,12.78,54.11,80.7,161.0,1.0,2.240000000000002,1.8200000000000003,-0.5800000000000001,3.490000000000002,0.0644982443171318
PHI,8477989,Christian Dvorak,C,F,2,0,22,False,True,0.764,1.0709,0.1,0.0946,0.057,24.9,21.1,10.1,56.1,247.1,275.7,PHI,C,15.66,19.69,8.41,43.76,77.0,192.0,1.0,9.239999999999998,1.4100000000000001,1.6899999999999995,12.340000000000003,0.2819926873857405
PHI,8480015,Owen Tippett,R,F,6,2,14,False,True,0.978,1.1028,0.1099,0.0585,0.0545,27.0,13.2,9.8,50.0,247.1,275.7,PHI,R,26.07,13.31,9.83,49.21,79.8,236.0,1.0,0.9299999999999997,-0.11000000000000121,-0.02999999999999936,0.7899999999999991,0.016053647632594984
PHI,8476461,Sean Couturier,C,F,5,1,18,False,True,0.83,1.0806,0.0673,0.0533,0.0827,16.3,12.5,15.4,44.2,247.1,275.7,PHI,C,12.66,11.69,13.97,38.31,78.0,231.0,1.0,3.6400000000000006,0.8100000000000005,1.4299999999999997,5.890000000000001,0.15374575828765336
PHI,8480220,Noah Cates,L,F,7,2,14,False,True,0.937,1.0967,0.0732,0.0691,0.049,18.4,15.9,9.1,43.5,247.1,275.7,PHI,L,16.69,16.9,9.0,42.59,79.4,219.0,1.0,1.7099999999999973,-0.9999999999999982,0.09999999999999964,0.9099999999999966,0.02136651796196282
PHI,8477948,Travis Sanheim,D,D,0,0,24,False,True,0.37,1.0116,0.0401,0.0553,0.0718,9.8,13.5,13.8,37.1,247.1,275.7,PHI,D,10.21,12.31,13.28,35.79,81.2,244.0,1.0,-0.41000000000000014,1.1899999999999995,0.5200000000000014,1.3100000000000023,0.03660240290583969
PHI,8485406,Porter Martone,R,F,4,1,18,True,True,0.736,1.0666,0.0319,0.0941,0.0343,7.9,22.7,6.4,37.0,247.1,275.7,PHI,R,4.0,6.0,0.0,10.0,9.0,9.0,1.0,3.9000000000000004,16.7,6.4,27.0,2.7
PHI,8482159,Tyson Foerster,R,F,3,1,18,False,True,0.693,1.0601,0.0865,0.018,0.0304,21.2,4.1,6.1,31.4,247.1,275.7,PHI,R,16.38,3.97,4.03,24.38,44.9,187.0,1.0,4.82,0.12999999999999945,2.0699999999999994,7.02,0.28794093519278097
PHI,8482142,Jamie Drysdale,D,D,2,1,20,False,True,0.227,0.9903,0.0245,0.0283,0.092,6.1,6.9,18.4,31.4,247.1,275.7,PHI,D,7.41,5.62,14.55,27.59,73.0,182.0,1.0,-1.3100000000000005,1.2800000000000002,3.849999999999998,3.8099999999999987,0.1380935121420804
PHI,8481546,Cam York,D,D,1,0,24,False,True,0.673,1.0572,0.0222,0.0496,0.0677,5.6,12.0,13.1,30.7,247.1,275.7,PHI,D,4.41,9.38,10.31,24.1,72.6,222.0,1.0,1.1899999999999995,2.619999999999999,2.789999999999999,6.599999999999998,0.27385892116182564
PHI,8484142,Denver Barkey,C,F,9,3,10,True,True,0.061,0.9654,0.0107,0.051,0.0281,2.5,12.7,5.8,21.0,247.1,275.7,PHI,C,5.0,10.0,2.0,17.0,43.0,43.0,1.0,-2.5,2.6999999999999993,3.8,4.0,0.23529411764705882
PHI,8484148,Oliver Bonk,D,D,5,2,16,True,True,0.355,1.0095,0.0263,0.0239,0.0305,6.4,5.9,6.5,18.8,247.1,275.7,PHI,D,1.0,0.0,1.0,2.0,1.0,1.0,1.0,5.4,5.9,5.5,16.8,
PHI,8483733,Nikita Grebenkin,R,F,11,3,10,True,True,0.344,1.0078,0.0045,0.0285,0.0366,1.1,7.0,7.7,15.8,247.1,275.7,PHI,R,2.96,4.44,2.96,10.37,42.6,62.0,1.0,-1.8599999999999999,2.5599999999999996,4.74,5.4300000000000015,0.5236258437801352
PHI,8477499,Rasmus Ristolainen,D,D,3,1,20,False,True,-0.044,0.9495,0.0028,0.0187,0.0442,0.7,4.8,9.7,15.2,247.1,275.7,PHI,D,1.72,3.79,9.0,14.52,47.7,138.0,1.0,-1.02,1.0099999999999998,0.6999999999999993,0.6799999999999997,0.046831955922864994
PHI,8483731,Alex Bump,L,F,10,3,10,True,True,0.165,0.981,0.0244,0.0021,0.0295,6.2,0.5,6.4,13.1,247.1,275.7,PHI,L,5.0,0.0,4.0,9.0,17.0,17.0,1.0,1.2000000000000002,0.5,2.4000000000000004,4.1,0.4555555555555555
PHI,8476372,Nick Seeler,D,D,4,2,16,False,True,0.402,1.0164,0.0149,0.0176,0.018,3.7,4.3,3.7,11.7,247.1,275.7,PHI,D,3.55,3.55,5.52,12.62,78.7,228.0,1.0,0.15000000000000036,0.75,-1.8199999999999994,-0.9199999999999999,-0.07290015847860538
PIT,8471675,Sidney Crosby,C,F,1,0,22,False,True,1.157,1.1297,0.1299,0.1442,0.1168,34.4,33.3,19.1,86.8,263.7,260.8,PIT,C,30.86,29.62,19.0,79.48,71.9,230.0,1.0,3.539999999999999,3.679999999999996,0.10000000000000142,7.319999999999993,0.09209864116758924
PIT,8475810,Bryan Rust,R,F,0,0,22,False,True,1.317,1.1538,0.127,0.1039,0.0753,33.7,23.9,13.5,71.2,263.7,260.8,PIT,R,29.41,20.31,14.66,64.38,71.1,205.0,1.0,4.290000000000003,3.59,-1.1600000000000001,6.820000000000007,0.1059335197266233
PIT,8477511,Anthony Mantha,R,F,5,1,18,False,True,0.956,1.0996,0.125,0.0638,0.0748,33.0,14.7,14.1,61.8,263.7,260.8,PIT,R,25.31,12.28,11.28,48.86,64.1,168.0,1.0,7.690000000000001,2.42,2.8200000000000003,12.939999999999998,0.26483831354891524
PIT,8476483,Rickard Rakell,R,F,2,0,22,False,True,1.254,1.1443,0.1137,0.0677,0.0726,30.2,15.9,13.9,59.9,263.7,260.8,PIT,R,26.03,14.72,11.79,52.55,65.8,211.0,1.0,4.169999999999998,1.1799999999999997,2.110000000000001,7.350000000000001,0.1398667935299715
PIT,8471215,Evgeni Malkin,C,F,3,1,18,False,True,1.025,1.1099,0.0695,0.1073,0.074,18.0,27.1,14.2,59.3,263.7,260.8,PIT,C,18.83,24.9,15.03,58.76,60.7,206.0,1.0,-0.8299999999999983,2.200000000000003,-0.8300000000000001,0.5399999999999991,0.009189925119128644
PIT,8474578,Erik Karlsson,D,D,1,0,24,False,True,0.158,0.9799,0.045,0.0805,0.1239,11.6,20.6,24.6,56.8,263.7,260.8,PIT,D,13.76,21.62,26.79,62.17,77.2,239.0,1.0,-2.16,-1.0199999999999996,-2.1899999999999977,-5.3700000000000045,-0.08637606562650803
PIT,8485414,Ben Kindel,C,F,4,1,18,True,True,1.217,1.1387,0.0911,0.0837,0.0511,23.9,20.4,9.9,54.2,263.7,260.8,PIT,C,17.0,14.0,4.0,35.0,77.0,77.0,1.0,6.899999999999999,6.399999999999999,5.9,19.200000000000003,0.5485714285714286
PIT,8478438,Tommy Novak,C,F,6,2,14,False,True,0.427,1.0203,0.0593,0.0615,0.0431,15.4,15.9,8.6,40.0,263.7,260.8,PIT,C,15.41,14.31,7.66,37.38,74.5,207.0,1.0,-0.009999999999999787,1.5899999999999999,0.9399999999999995,2.6199999999999974,0.0700909577314071
PIT,8482475,Egor Chinakhov,R,F,7,2,14,False,True,0.644,1.0527,0.0708,0.0379,0.0416,19.1,9.4,8.3,36.8,263.7,260.8,PIT,R,17.28,8.03,9.28,34.59,60.6,155.0,1.0,1.8200000000000003,1.370000000000001,-0.9799999999999986,2.2099999999999937,0.06389129806302381
PIT,8471724,Kris Letang,D,D,2,1,20,False,True,0.338,1.0069,0.0117,0.0444,0.0713,3.2,11.9,15.5,30.5,263.7,260.8,PIT,D,4.93,14.21,15.07,34.21,74.6,230.0,1.0,-1.7299999999999995,-2.3100000000000005,0.4299999999999997,-3.710000000000001,-0.10844782227418885
PIT,8478854,Ryan Shea,D,D,5,2,16,False,True,0.55,1.0388,0.017,0.056,0.0284,4.7,15.0,5.7,25.4,263.7,260.8,PIT,D,4.69,14.52,6.21,25.41,66.7,150.0,1.0,0.009999999999999787,0.4800000000000004,-0.5099999999999998,-0.010000000000001563,-0.00039354584809136415
PIT,8478450,Parker Wotherspoon,D,D,3,1,20,False,True,0.331,1.0058,0.0066,0.0374,0.0582,1.8,9.6,12.8,24.1,263.7,260.8,PIT,D,2.31,9.55,11.07,22.93,71.3,176.0,1.0,-0.51,0.049999999999998934,1.7300000000000004,1.1700000000000017,0.05102485826428267
PIT,8478569,Noel Acciari,C,F,8,2,14,False,True,0.822,1.0794,0.0422,0.029,0.0204,10.9,7.6,4.4,22.9,263.7,260.8,PIT,C,10.45,6.1,4.07,20.62,69.1,201.0,1.0,0.45000000000000107,1.5,0.33000000000000007,2.2799999999999976,0.11057225994180395
PIT,8479398,Samuel Girard,D,D,4,2,16,False,True,0.422,1.0194,0.009,0.024,0.0447,2.3,6.5,10.4,19.2,263.7,260.8,PIT,D,3.0,7.17,9.97,20.14,63.1,192.0,1.0,-0.7000000000000002,-0.6699999999999999,0.4299999999999997,-0.9400000000000013,-0.04667328699106262
PIT,8480842,Filip Hallander,C,F,11,3,10,True,True,0.4,1.0161,0.0184,0.0266,0.0266,4.8,7.1,5.8,17.6,263.7,260.8,PIT,C,1.0,2.0,1.0,4.0,13.0,13.0,1.0,3.8,5.1,4.8,13.600000000000001,
PIT,8480980,Connor Dewar,C,F,10,3,10,False,True,0.415,1.0185,0.0231,0.0174,0.0242,6.1,4.5,5.3,15.9,263.7,260.8,PIT,C,11.38,6.79,6.24,24.41,70.5,200.0,1.0,-5.280000000000001,-2.29,-0.9400000000000004,-8.51,-0.348627611634576
PIT,8486169,Jake Livanavage,D,D,0,0,24,True,True,0.896,1.0907,0.0247,0.0,0.0311,6.4,0.0,7.2,13.6,263.7,260.8,PIT,D,0.0,0.0,0.0,0.0,1.0,1.0,1.0,6.4,0.0,7.2,13.6,
PIT,8481481,Blake Lizotte,C,F,9,3,10,False,True,0.427,1.0203,0.0159,0.0147,0.022,4.3,3.8,5.0,13.1,263.7,260.8,PIT,C,7.97,6.0,5.0,18.97,56.4,176.0,1.0,-3.67,-2.2,0.0,-5.869999999999999,-0.30943595150237213
SEA,8476905,Chandler Stephenson,C,F,0,0,22,False,True,0.704,1.0617,0.0827,0.0868,0.1245,19.0,18.3,20.4,57.6,230.1,292.5,SEA,C,15.28,15.24,19.1,49.62,79.2,233.0,1.0,3.7200000000000006,3.0600000000000005,1.2999999999999972,7.980000000000004,0.16082224909310772
SEA,8482665,Matty Beniers,C,F,1,0,22,False,True,0.279,0.998,0.1061,0.0886,0.0779,24.3,18.3,12.3,55.0,230.1,292.5,SEA,C,19.66,17.52,10.24,47.41,81.7,241.0,1.0,4.640000000000001,0.7800000000000011,2.0600000000000005,7.590000000000003,0.16009280742459406
SEA,8474586,Jordan Eberle,R,F,2,0,22,False,True,0.063,0.9656,0.0993,0.1072,0.0544,23.1,22.3,8.5,53.9,230.1,292.5,SEA,R,21.28,17.52,8.45,47.24,70.7,200.0,1.0,1.8200000000000003,4.780000000000001,0.05000000000000071,6.659999999999997,0.14098221845893302
SEA,8478407,Vince Dunn,D,D,1,0,24,False,True,0.749,1.0686,0.0582,0.0868,0.096,13.4,19.1,16.1,48.6,230.1,292.5,SEA,D,11.0,16.62,15.31,42.93,74.9,202.0,1.0,2.4000000000000004,2.4800000000000004,0.7900000000000009,5.670000000000002,0.13207547169811326
SEA,8477955,Jared McCann,L,F,4,1,18,False,True,0.345,1.0079,0.0875,0.0918,0.0553,20.1,19.3,9.0,48.3,230.1,292.5,SEA,L,21.1,17.31,8.17,46.59,61.2,214.0,1.0,-1.0,1.990000000000002,0.8300000000000001,1.7099999999999937,0.03670315518351564
SEA,8481554,Kaapo Kakko,R,F,8,2,14,False,True,0.355,1.0094,0.063,0.0774,0.0801,14.4,16.8,13.4,44.6,230.1,292.5,SEA,R,13.24,14.52,11.76,39.52,68.1,205.0,1.0,1.1600000000000001,2.280000000000001,1.6400000000000006,5.079999999999998,0.12854251012145743
SEA,8482259,Bobby McMann,C,F,7,2,14,False,True,0.31,1.0027,0.1008,0.0495,0.0403,23.5,10.3,6.9,40.7,230.1,292.5,SEA,C,25.86,9.48,6.24,41.59,75.5,208.0,1.0,-2.3599999999999994,0.8200000000000003,0.6600000000000001,-0.8900000000000006,-0.021399374849723502
SEA,8475768,Jaden Schwartz,L,F,3,1,18,False,True,0.529,1.0356,0.073,0.0496,0.0523,16.6,10.7,9.3,36.7,230.1,292.5,SEA,L,14.76,8.79,8.28,31.83,58.3,193.0,1.0,1.8400000000000016,1.9100000000000001,1.0200000000000014,4.8700000000000045,0.15300031416902307
SEA,8477986,Brandon Montour,D,D,0,0,24,False,True,0.539,1.037,0.049,0.0563,0.0722,11.0,12.1,12.8,35.9,230.1,292.5,SEA,D,12.48,11.1,10.66,34.24,68.2,211.0,1.0,-1.4800000000000004,1.0,2.1400000000000006,1.6599999999999966,0.04848130841121485
SEA,8477919,Frederick Gaudreau,C,F,5,1,18,False,True,0.961,1.1003,0.054,0.0667,0.0444,12.5,14.5,7.4,34.3,230.1,292.5,SEA,C,9.52,11.24,5.76,26.52,71.3,217.0,1.0,2.9800000000000004,3.26,1.6400000000000006,7.779999999999998,0.2933634992458521
SEA,8480009,Eeli Tolvanen,R,F,6,2,14,False,True,0.581,1.0434,0.0607,0.0473,0.0507,14.2,10.1,8.7,33.0,230.1,292.5,SEA,R,14.93,12.52,8.66,36.1,78.9,240.0,1.0,-0.7300000000000004,-2.42,0.03999999999999915,-3.1000000000000014,-0.08587257617728536
SEA,8476457,Adam Larsson,D,D,2,1,20,False,True,-0.444,0.8896,0.0269,0.0432,0.055,6.1,9.5,10.0,25.6,230.1,292.5,SEA,D,6.79,9.41,9.03,25.24,81.9,245.0,1.0,-0.6900000000000004,0.08999999999999986,0.9700000000000006,0.360000000000003,0.014263074484944651
SEA,8483524,Shane Wright,C,F,9,3,10,False,True,0.222,0.9895,0.0448,0.0394,0.03,10.2,8.9,5.4,24.6,230.1,292.5,SEA,C,13.14,10.59,5.86,29.59,70.7,161.0,1.0,-2.9400000000000013,-1.6899999999999995,-0.45999999999999996,-4.989999999999998,-0.16863805339641766
SEA,8482751,Ryan Winterton,C,F,11,3,10,True,True,0.518,1.0338,0.006,0.0463,0.0309,1.3,10.8,5.8,18.0,230.1,292.5,SEA,C,2.76,7.83,2.07,12.66,50.4,89.0,1.0,-1.4599999999999997,2.9700000000000006,3.73,5.34,0.42180094786729855
SEA,8476467,Jamie Oleksiak,D,D,5,2,16,False,True,0.471,1.0269,0.0227,0.0179,0.0345,5.3,4.2,6.6,16.1,230.1,292.5,SEA,D,4.55,4.28,6.66,15.48,79.2,242.0,1.0,0.75,-0.08000000000000007,-0.0600000000000005,0.620000000000001,0.040051679586563374
SEA,8482858,Ryker Evans,D,D,4,2,16,False,True,0.263,0.9957,0.0272,0.0249,0.022,6.3,5.6,4.0,15.9,230.1,292.5,SEA,D,6.79,6.41,5.17,18.38,66.3,176.0,1.0,-0.4900000000000002,-0.8100000000000005,-1.17,-2.4799999999999986,-0.1349292709466811
SEA,8479324,Ryan Lindgren,D,D,3,1,20,False,True,-0.048,0.949,0.0138,0.0152,0.0405,3.3,3.5,8.1,14.8,230.1,292.5,SEA,D,2.55,4.31,5.83,12.69,75.0,224.0,1.0,0.75,-0.8099999999999996,2.2699999999999996,2.110000000000001,0.16627265563435786
SEA,8484800,Berkly Catton,C,F,10,3,10,True,True,0.537,1.0367,0.0242,0.0053,0.0391,5.6,1.2,7.8,14.6,230.1,292.5,SEA,C,7.0,2.0,8.0,17.0,66.0,66.0,1.0,-1.4000000000000004,-0.8,-0.20000000000000018,-2.4000000000000004,-0.14117647058823532
SJS,8484801,Macklin Celebrini,C,F,0,0,22,False,True,0.66,1.0552,0.1702,0.1943,0.1332,37.4,35.2,16.3,89.0,219.2,304.0,SJS,C,39.81,38.74,22.96,101.52,78.9,152.0,1.0,-2.4100000000000037,-3.539999999999999,-6.66,-12.519999999999996,-0.12332545311268713
SJS,8482667,William Eklund,L,F,2,0,22,False,True,0.789,1.0746,0.0807,0.1266,0.0917,17.1,26.5,14.4,58.0,219.2,304.0,SJS,L,15.55,25.79,12.31,53.66,77.9,235.0,1.0,1.5500000000000007,0.7100000000000009,2.09,4.340000000000003,0.08087961237420804
SJS,8484227,Will Smith,C,F,3,1,18,False,True,0.662,1.0555,0.109,0.1054,0.0705,24.0,20.9,10.5,55.4,219.2,304.0,SJS,C,22.44,20.0,12.93,55.37,70.3,143.0,1.0,1.5599999999999987,0.8999999999999986,-2.4299999999999997,0.030000000000001137,0.0005418096442116876
SJS,8477505,Alexander Wennberg,C,F,1,0,22,False,True,0.903,1.0916,0.0771,0.1073,0.0835,16.9,23.0,13.3,53.1,219.2,304.0,SJS,C,15.52,20.45,12.48,48.45,79.2,236.0,1.0,1.379999999999999,2.5500000000000007,0.8200000000000003,4.649999999999999,0.09597523219814239
SJS,8475200,Dmitry Orlov,D,D,1,0,24,False,True,0.078,0.9678,0.0206,0.0824,0.1274,4.5,18.2,22.1,44.9,219.2,304.0,SJS,D,3.93,15.0,15.14,34.07,80.6,240.0,1.0,0.5699999999999998,3.1999999999999993,6.960000000000001,10.829999999999998,0.3178749633108306
SJS,8475726,Tyler Toffoli,C,F,6,2,14,False,True,-0.109,0.9399,0.0808,0.0657,0.0744,18.0,13.6,12.4,44.0,219.2,304.0,SJS,C,22.62,15.83,12.17,50.62,78.8,236.0,1.0,-4.620000000000001,-2.2300000000000004,0.23000000000000043,-6.619999999999997,-0.13077834847886208
SJS,8480748,Kiefer Sherwood,L,F,5,1,18,False,True,0.639,1.052,0.1061,0.055,0.0501,23.7,11.1,8.2,42.9,219.2,304.0,SJS,L,21.14,8.97,6.24,36.34,73.2,218.0,1.0,2.5599999999999987,2.129999999999999,1.959999999999999,6.559999999999995,0.1805173362685744
SJS,8484911,Collin Graf,R,F,4,1,18,False,True,0.634,1.0513,0.0701,0.041,0.0546,15.1,8.6,9.3,33.0,219.2,304.0,SJS,R,15.69,10.62,8.21,34.52,64.3,121.0,1.0,-0.5899999999999999,-2.0199999999999996,1.0899999999999999,-1.5200000000000031,-0.04403244495944389
SJS,8479983,Mario Ferraro,D,D,0,0,24,False,True,0.588,1.0443,0.0317,0.0535,0.0408,6.7,11.3,7.4,25.5,219.2,304.0,SJS,D,6.24,8.52,6.66,21.41,80.8,238.0,1.0,0.45999999999999996,2.780000000000001,0.7400000000000002,4.09,0.1910322279308734
SJS,8485402,Michael Misa,C,F,10,3,10,True,True,0.371,1.0119,0.0522,0.0173,0.0449,11.2,3.7,8.1,23.0,219.2,304.0,SJS,C,9.0,3.0,9.0,21.0,45.0,45.0,1.0,2.1999999999999993,0.7000000000000002,-0.9000000000000004,2.0,0.09523809523809523
SJS,8483630,Pavol Regenda,L,F,9,3,10,True,True,0.178,0.983,0.0688,0.0118,0.0216,14.8,2.7,3.9,21.4,219.2,304.0,SJS,L,8.18,0.91,0.0,9.09,22.3,29.0,1.0,6.620000000000001,1.79,3.9,12.309999999999999,1.3542354235423542
SJS,8480798,Philipp Kurashev,C,F,7,2,14,False,True,0.524,1.0348,0.0308,0.0467,0.0232,6.7,10.2,4.3,21.3,219.2,304.0,SJS,C,7.76,9.41,3.72,20.9,47.1,169.0,1.0,-1.0599999999999996,0.7899999999999991,0.5799999999999996,0.40000000000000213,0.019138755980861347
SJS,8475906,John Klingberg,D,D,2,1,20,True,True,-0.387,0.8981,0.0348,0.0173,0.0537,7.7,3.7,9.6,21.0,219.2,304.0,SJS,D,7.14,3.21,9.59,19.93,42.2,81.0,1.0,0.5600000000000005,0.4900000000000002,0.009999999999999787,1.0700000000000003,0.053687907676869054
SJS,8482166,Shakir Mukhamadullin,D,D,5,2,16,True,True,0.599,1.046,0.0373,0.0175,0.0384,8.6,3.7,7.0,19.2,219.2,304.0,SJS,D,3.93,2.86,3.72,10.52,41.9,83.0,1.0,4.67,0.8400000000000003,3.28,8.68,0.8250950570342206
SJS,8480848,Ty Dellandrea,C,F,8,2,14,False,True,0.643,1.0527,0.006,0.0296,0.0195,1.2,6.5,3.6,11.3,219.2,304.0,SJS,C,1.76,5.83,2.55,10.14,51.0,156.0,1.0,-0.56,0.6699999999999999,1.0500000000000003,1.1600000000000001,0.11439842209072978
SJS,8476624,Barclay Goodrow,C,F,11,3,10,False,True,0.904,1.0917,0.017,0.0144,0.0107,3.9,3.3,1.9,9.1,219.2,304.0,SJS,C,4.93,2.97,3.14,11.03,80.7,239.0,1.0,-1.0299999999999998,0.3299999999999996,-1.2400000000000002,-1.9299999999999997,-0.17497733454215775
SJS,8475181,Nick Leddy,D,D,3,1,20,False,True,0.283,0.9986,0.0033,0.0143,0.0251,0.8,3.2,4.9,8.8,219.2,304.0,SJS,D,1.38,2.59,4.0,7.97,35.2,145.0,1.0,-0.5799999999999998,0.6100000000000003,0.9000000000000004,0.830000000000001,0.10414052697616073
SJS,8479576,Vincent Desharnais,D,D,4,2,16,False,True,0.341,1.0073,0.0035,0.0,0.0366,0.9,0.0,7.4,8.3,219.2,304.0,SJS,D,0.76,0.0,5.55,6.31,54.2,182.0,1.0,0.14,0.0,1.8500000000000005,1.990000000000001,0.31537242472266264
STL,8480023,Robert Thomas,C,F,0,0,22,False,True,0.983,1.1036,0.1196,0.1574,0.127,28.0,32.8,19.4,80.3,236.6,287.2,STL,C,24.1,26.72,18.79,69.62,66.7,216.0,1.0,3.8999999999999986,6.079999999999998,0.6099999999999994,10.679999999999993,0.1534041941970697
STL,8482077,Dylan Holloway,L,F,2,0,22,False,True,0.941,1.0974,0.13,0.0963,0.1177,30.2,20.2,18.7,69.1,236.6,287.2,STL,L,21.86,13.34,15.79,51.0,61.9,174.0,1.0,8.34,6.859999999999999,2.91,18.099999999999994,0.35490196078431363
STL,8477402,Pavel Buchnevich,L,F,1,0,22,False,True,1.229,1.1405,0.1282,0.1137,0.084,30.8,23.8,13.3,67.9,236.6,287.2,STL,L,20.48,19.62,11.1,51.21,79.7,237.0,1.0,10.32,4.18,2.200000000000001,16.690000000000005,0.32591290763522757
STL,8479385,Jordan Kyrou,R,F,5,1,18,False,True,0.237,0.9917,0.1178,0.0938,0.0853,28.3,19.8,14.3,62.4,236.6,287.2,STL,R,23.24,16.69,13.31,53.24,75.1,236.0,1.0,5.060000000000002,3.1099999999999994,0.9900000000000002,9.159999999999997,0.17205108940646124
STL,8483516,Jimmy Snuggerud,R,F,4,1,18,True,True,0.628,1.0504,0.077,0.0786,0.0612,18.0,17.8,10.5,46.2,236.6,287.2,STL,R,15.81,12.63,10.37,38.81,53.7,77.0,1.0,2.1899999999999995,5.17,0.13000000000000078,7.390000000000001,0.1904148415356867
STL,8482089,Jake Neighbours,L,F,7,2,14,False,True,0.388,1.0144,0.0797,0.0682,0.0367,19.0,15.3,6.8,41.1,236.6,287.2,STL,L,17.52,13.9,7.14,38.55,72.7,228.0,1.0,1.4800000000000004,1.4000000000000004,-0.33999999999999986,2.5500000000000043,0.0661478599221791
STL,8481598,Philip Broberg,D,D,1,0,24,False,True,0.447,1.0232,0.0343,0.06,0.0789,8.0,14.0,14.9,36.8,236.6,287.2,STL,D,6.07,12.21,12.31,30.59,73.1,161.0,1.0,1.9299999999999997,1.7899999999999991,2.59,6.209999999999997,0.2030075187969924
STL,8477494,Jonathan Drouin,L,F,3,1,18,False,True,0.76,1.0702,0.0388,0.0729,0.0438,8.9,17.2,8.5,34.7,236.6,287.2,STL,L,6.72,13.9,8.72,29.34,60.0,186.0,1.0,2.1800000000000006,3.299999999999999,-0.22000000000000064,5.360000000000003,0.18268575323790057
STL,8475764,Cam Fowler,D,D,2,1,20,False,True,0.046,0.963,0.0242,0.0657,0.0609,5.8,15.5,11.5,32.8,236.6,287.2,STL,D,5.28,16.17,11.59,33.03,78.6,231.0,1.0,0.5199999999999996,-0.6700000000000017,-0.08999999999999986,-0.23000000000000398,-0.006963366636391279
STL,8480459,Pius Suter,C,F,6,2,14,False,True,0.329,1.0055,0.0579,0.0255,0.048,14.0,5.6,9.3,28.8,236.6,287.2,STL,C,15.97,8.34,8.79,33.1,68.3,212.0,1.0,-1.9700000000000006,-2.74,0.5100000000000016,-4.300000000000001,-0.12990936555891242
STL,8476892,Colton Parayko,D,D,0,0,24,False,True,0.453,1.0241,0.0379,0.032,0.0572,8.9,7.6,11.1,27.5,236.6,287.2,STL,D,7.31,7.1,8.48,22.9,74.2,223.0,1.0,1.5900000000000007,0.5,2.619999999999999,4.600000000000001,0.20087336244541493
STL,8484164,Dalibor Dvorsky,R,F,8,2,14,True,True,0.683,1.0586,0.0387,0.011,0.0422,9.3,2.5,8.4,20.3,236.6,287.2,STL,R,8.89,2.22,4.44,15.56,53.1,73.0,1.0,0.41000000000000014,0.2799999999999998,3.96,4.74,0.3046272493573265
STL,8482733,Logan Mailloux,D,D,3,1,20,True,True,0.237,0.9918,0.0262,0.0182,0.0416,6.4,4.2,8.4,19.1,236.6,287.2,STL,D,3.93,3.0,3.07,10.0,48.0,75.0,1.0,2.47,1.2000000000000002,5.33,9.100000000000001,0.9100000000000001
STL,8481006,Tyler Tucker,D,D,5,2,16,False,True,0.189,0.9845,0.017,0.0261,0.0437,4.0,6.2,8.7,18.9,236.6,287.2,STL,D,2.86,4.45,6.24,13.55,58.6,133.0,1.0,1.1400000000000001,1.75,2.459999999999999,5.349999999999998,0.3948339483394832
STL,8481013,Jonatan Berggren,R,F,9,3,10,False,True,-0.046,0.9492,0.0281,0.0256,0.0278,6.7,5.8,5.5,18.0,236.6,287.2,STL,R,8.55,6.83,6.0,21.38,54.1,138.0,1.0,-1.8500000000000005,-1.0300000000000002,-0.5,-3.379999999999999,-0.15809167446211408
STL,8476897,Oskar Sundqvist,C,F,10,3,10,False,True,0.196,0.9857,0.0211,0.0282,0.0258,4.6,6.8,5.0,16.5,236.6,287.2,STL,C,5.31,7.52,5.17,18.0,56.9,190.0,1.0,-0.71,-0.7199999999999998,-0.16999999999999993,-1.5,-0.08333333333333333
STL,8480281,Alexey Toropchenko,R,F,11,3,10,False,True,0.156,0.9795,0.0165,0.0195,0.0148,3.8,4.9,2.9,11.5,236.6,287.2,STL,R,4.69,5.24,3.45,13.38,69.8,227.0,1.0,-0.8900000000000006,-0.33999999999999986,-0.5500000000000003,-1.8800000000000008,-0.14050822122571008
STL,8475718,Justin Holl,D,D,4,2,16,False,True,0.552,1.039,0.007,0.0075,0.0031,1.8,1.8,0.7,4.2,236.6,287.2,STL,D,1.17,1.34,1.14,3.66,26.4,120.0,1.0,0.6300000000000001,0.45999999999999996,-0.43999999999999995,0.54,
TBL,8476453,Nikita Kucherov,R,F,0,0,22,False,True,1.689,1.2095,0.1535,0.2111,0.159,45.7,54.0,27.0,126.6,300.2,223.5,TBL,R,42.31,52.97,33.52,128.79,76.8,235.0,1.0,3.3900000000000006,1.0300000000000011,-6.520000000000003,-2.1899999999999977,-0.01700442580945724
TBL,8477404,Jake Guentzel,C,F,1,0,22,False,True,1.84,1.2321,0.1513,0.1227,0.1052,45.6,32.6,20.8,99.0,300.2,223.5,TBL,C,38.17,27.34,19.79,85.31,79.8,228.0,1.0,7.43,5.260000000000002,1.0100000000000016,13.689999999999998,0.16047356699097406
TBL,8479542,Brandon Hagel,L,F,2,0,22,False,True,1.636,1.2015,0.1274,0.1153,0.0649,38.1,31.1,13.4,82.5,300.2,223.5,TBL,L,35.07,28.76,14.1,77.93,74.4,235.0,1.0,3.030000000000001,2.34,-0.6999999999999993,4.569999999999993,0.05864237135891175
TBL,8478010,Brayden Point,C,F,3,1,18,False,True,1.04,1.1122,0.0972,0.0791,0.0681,29.0,22.1,15.2,66.3,300.2,223.5,TBL,C,25.72,20.45,14.31,60.48,67.6,221.0,1.0,3.280000000000001,1.6500000000000021,0.8899999999999988,5.82,0.09623015873015874
TBL,8478178,Darren Raddysh,D,D,1,0,24,False,True,0.666,1.056,0.0602,0.0728,0.1137,18.5,21.4,26.1,66.0,300.2,223.5,TBL,D,17.03,20.0,22.45,59.48,73.6,228.0,1.0,1.4699999999999989,1.3999999999999986,3.650000000000002,6.520000000000003,0.109616677874916
TBL,8478519,Anthony Cirelli,C,F,4,1,18,False,True,0.859,1.085,0.0736,0.0405,0.0554,22.1,11.7,12.7,46.5,300.2,223.5,TBL,C,23.76,15.1,14.34,53.21,73.7,230.0,1.0,-1.6600000000000001,-3.4000000000000004,-1.6400000000000006,-6.710000000000001,-0.12610411576771285
TBL,8477416,Oliver Bjorkstrand,R,F,7,2,14,False,True,0.25,0.9937,0.0543,0.0598,0.0298,16.3,17.8,7.5,41.5,300.2,223.5,TBL,R,14.72,16.48,6.03,37.24,79.9,241.0,1.0,1.58,1.3200000000000003,1.4699999999999998,4.259999999999998,0.1143931256713211
TBL,8475167,Victor Hedman,D,D,0,0,24,False,True,0.944,1.0978,0.0229,0.0614,0.0624,6.9,18.8,15.3,41.0,300.2,223.5,TBL,D,5.21,14.69,13.0,32.9,47.2,190.0,1.0,1.6900000000000004,4.110000000000001,2.3000000000000007,8.100000000000001,0.24620060790273562
TBL,8476826,Yanni Gourde,C,F,5,1,18,False,True,1.188,1.1344,0.0346,0.0502,0.0385,10.5,15.0,9.5,35.0,300.2,223.5,TBL,C,8.66,13.34,7.07,29.07,75.8,219.0,1.0,1.8399999999999999,1.6600000000000001,2.4299999999999997,5.93,0.20399036807705537
TBL,8480426,Charle-Edouard D'Astous,D,D,4,2,16,True,True,0.121,0.9743,0.0251,0.0257,0.0535,7.6,7.6,13.6,28.8,300.2,223.5,TBL,D,6.0,8.0,15.0,29.0,70.0,70.0,1.0,1.5999999999999996,-0.40000000000000036,-1.4000000000000004,-0.1999999999999993,-0.006896551724137907
TBL,8470621,Corey Perry,R,F,9,3,10,False,True,0.457,1.0247,0.0408,0.0287,0.0275,12.5,8.3,6.9,27.7,300.2,223.5,TBL,R,17.14,10.14,7.0,34.28,72.9,207.0,1.0,-4.640000000000001,-1.8399999999999999,-0.09999999999999964,-6.580000000000002,-0.191948658109685
TBL,8482655,J.J. Moser,D,D,2,1,20,False,True,0.575,1.0424,0.0203,0.0182,0.0568,6.2,5.7,15.2,27.0,300.2,223.5,TBL,D,5.66,6.34,13.17,25.17,73.0,213.0,1.0,0.54,-0.6399999999999997,2.0299999999999994,1.8299999999999983,0.07270560190703211
TBL,8482201,Gage Goncalves,C,F,11,3,10,False,True,0.581,1.0433,0.0288,0.0232,0.0368,8.2,7.0,9.4,24.5,300.2,223.5,TBL,C,9.52,8.14,9.93,27.59,65.7,136.0,1.0,-1.3200000000000003,-1.1400000000000006,-0.5299999999999994,-3.09,-0.11199710039869518
TBL,8474151,Ryan McDonagh,D,D,3,1,20,False,True,0.335,1.0065,0.0182,0.0281,0.0382,5.6,8.6,9.4,23.6,300.2,223.5,TBL,D,5.31,10.0,8.86,24.17,58.0,204.0,1.0,0.29000000000000004,-1.4000000000000004,0.5400000000000009,-0.5700000000000003,-0.023582954075299967
TBL,8477426,Nick Paul,L,F,6,2,14,False,True,0.315,1.0034,0.0351,0.0158,0.0286,10.6,4.9,7.5,22.9,300.2,223.5,TBL,L,11.79,5.62,6.0,23.41,59.2,209.0,1.0,-1.1899999999999995,-0.7199999999999998,1.5,-0.5100000000000016,-0.02178556172575829
TBL,8476878,Zemgus Girgensons,C,F,8,2,14,False,True,0.509,1.0326,0.026,0.016,0.0229,7.7,4.9,5.9,18.5,300.2,223.5,TBL,C,7.24,3.93,5.03,16.21,75.2,219.0,1.0,0.45999999999999996,0.9700000000000002,0.8700000000000001,2.289999999999999,0.1412708204811844
TBL,8480995,Pontus Holmberg,R,F,10,3,10,False,True,0.526,1.0351,0.0214,0.0177,0.0202,6.5,5.6,5.3,17.4,300.2,223.5,TBL,R,9.76,5.76,5.41,20.93,68.4,192.0,1.0,-3.26,-0.16000000000000014,-0.11000000000000032,-3.530000000000001,-0.1686574295269948
TBL,8478416,Erik Cernak,D,D,5,2,16,False,True,0.375,1.0124,0.0092,0.0136,0.0185,2.7,4.2,4.9,11.8,300.2,223.5,TBL,D,2.93,4.41,6.21,13.55,65.2,206.0,1.0,-0.22999999999999998,-0.20999999999999996,-1.3099999999999996,-1.75,-0.12915129151291513
TOR,8477939,William Nylander,R,F,1,0,22,False,True,1.263,1.1457,0.1709,0.1795,0.0941,42.1,37.6,13.1,92.8,244.8,281.4,TOR,R,34.31,33.55,13.66,81.52,70.3,229.0,1.0,7.789999999999999,4.050000000000004,-0.5600000000000005,11.280000000000001,0.13837095191364085
TOR,8482720,Matthew Knies,L,F,2,0,22,False,True,1.756,1.2196,0.1303,0.1401,0.1103,31.6,30.5,17.2,79.4,244.8,281.4,TOR,L,23.9,20.1,17.93,61.93,78.8,237.0,1.0,7.700000000000003,10.399999999999999,-0.7300000000000004,17.470000000000006,0.2820926852898435
TOR,8479318,Auston Matthews,C,F,0,0,22,False,True,1.135,1.1265,0.1485,0.0975,0.0703,36.2,21.1,11.8,69.1,244.8,281.4,TOR,C,31.34,18.52,12.9,62.76,63.1,208.0,1.0,4.860000000000003,2.580000000000002,-1.0999999999999996,6.339999999999996,0.10101975780752066
TOR,8475166,John Tavares,C,F,3,1,18,False,True,-0.151,0.9336,0.1205,0.082,0.093,29.8,18.4,15.8,64.1,244.8,281.4,TOR,C,32.55,20.55,18.21,71.31,80.2,237.0,1.0,-2.7499999999999964,-2.150000000000002,-2.41,-7.210000000000008,-0.1011078390127613
TOR,8477503,Max Domi,C,F,5,1,18,False,True,0.555,1.0394,0.0514,0.1218,0.0425,12.2,29.4,7.5,49.0,244.8,281.4,TOR,C,10.83,19.28,5.93,36.03,78.6,234.0,1.0,1.3699999999999992,10.119999999999997,1.5700000000000003,12.969999999999999,0.359977796280877
TOR,8476853,Morgan Rielly,D,D,1,0,24,False,True,0.41,1.0178,0.0521,0.0556,0.1055,12.7,13.5,20.6,46.8,244.8,281.4,TOR,D,9.76,13.0,15.97,38.72,78.6,232.0,1.0,2.9399999999999995,0.5,4.630000000000001,8.079999999999998,0.2086776859504132
TOR,8481711,Matias Maccelli,L,F,6,2,14,False,True,0.414,1.0183,0.0613,0.0608,0.0626,15.3,14.4,11.5,41.2,244.8,281.4,TOR,L,12.76,11.76,10.66,35.17,67.9,208.0,1.0,2.540000000000001,2.6400000000000006,0.8399999999999999,6.030000000000001,0.17145294284901907
TOR,8475171,Oliver Ekman-Larsson,D,D,2,1,20,False,True,0.764,1.0708,0.0365,0.0464,0.1048,8.7,11.5,20.4,40.6,244.8,281.4,TOR,D,7.1,10.45,18.55,36.1,77.9,235.0,1.0,1.5999999999999996,1.0500000000000007,1.8499999999999979,4.5,0.12465373961218836
TOR,8476931,Jake McCabe,D,D,0,0,24,False,True,0.429,1.0205,0.024,0.0535,0.0626,6.1,13.2,12.7,31.9,244.8,281.4,TOR,D,4.48,9.93,10.31,24.72,76.1,219.0,1.0,1.6199999999999992,3.2699999999999996,2.389999999999999,7.18,0.290453074433657
TOR,8481582,Nicholas Robertson,L,F,9,3,10,False,True,0.291,0.9998,0.0625,0.0302,0.0304,15.4,7.2,6.0,28.6,244.8,281.4,TOR,L,15.62,7.9,5.72,29.24,74.3,203.0,1.0,-0.21999999999999886,-0.7000000000000002,0.28000000000000025,-0.639999999999997,-0.02188782489740072
TOR,8478057,Dakota Joshua,C,F,8,2,14,False,True,0.398,1.0159,0.0528,0.0314,0.0169,12.9,7.6,3.3,23.8,244.8,281.4,TOR,C,9.83,5.9,2.28,18.0,56.0,175.0,1.0,3.0700000000000003,1.6999999999999993,1.02,5.800000000000001,0.32222222222222224
TOR,8480870,Bo Groulx,C,F,4,1,18,True,True,0.926,1.095,0.0096,0.0271,0.0388,2.2,6.8,8.2,17.3,244.8,281.4,TOR,C,2.73,1.91,0.09,4.73,15.9,58.0,1.0,-0.5299999999999998,4.89,8.11,12.57,
TOR,8478904,Steven Lorentz,C,F,11,3,10,False,True,0.363,1.0107,0.0219,0.0226,0.0292,5.3,5.5,6.3,17.1,244.8,281.4,TOR,C,6.83,5.41,4.97,17.21,70.9,189.0,1.0,-1.5300000000000002,0.08999999999999986,1.33,-0.10999999999999943,-0.006391632771644359
TOR,8475714,Calle Jarnkrok,C,F,10,3,10,True,True,0.475,1.0274,0.0167,0.0162,0.0274,4.1,3.9,5.9,14.0,244.8,281.4,TOR,C,5.07,2.66,0.93,8.66,46.8,127.0,1.0,-0.9700000000000006,1.2399999999999998,4.970000000000001,5.34,0.6166281755196305
TOR,8485467,Luke Haymes,C,F,7,2,14,True,True,0.665,1.0559,0.0269,0.0,0.0346,6.6,0.0,7.1,13.7,244.8,281.4,TOR,C,0.0,0.0,1.0,1.0,4.0,4.0,1.0,6.6,0.0,6.1,12.7,
TOR,8479442,Troy Stecher,D,D,5,2,16,False,True,-0.117,0.9387,0.0091,0.02,0.0276,2.3,4.9,5.8,13.0,244.8,281.4,TOR,D,2.86,4.38,4.59,11.83,63.8,184.0,1.0,-0.56,0.5200000000000005,1.21,1.17,0.0989010989010989
TOR,8478443,Brandon Carlo,D,D,4,2,16,False,True,-0.204,0.9255,0.0017,0.0033,0.032,0.4,0.7,6.9,8.0,244.8,281.4,TOR,D,0.52,1.48,6.69,8.69,63.2,214.0,1.0,-0.12,-0.78,0.20999999999999996,-0.6899999999999995,-0.07940161104718062
TOR,8475690,Chris Tanev,D,D,3,1,20,False,True,0.311,1.0028,0.0032,0.012,0.0175,0.9,3.1,3.9,7.9,244.8,281.4,TOR,D,0.86,2.93,3.24,7.03,30.9,161.0,1.0,0.040000000000000036,0.16999999999999993,0.6599999999999997,0.8700000000000001,0.12375533428165009
UTA,8479343,Clayton Keller,R,F,1,0,22,False,True,0.884,1.0889,0.0947,0.1998,0.127,25.6,50.2,21.5,97.2,273.8,250.6,UTA,R,27.45,37.1,23.1,87.66,81.5,241.0,1.0,-1.8499999999999979,13.100000000000001,-1.6000000000000014,9.540000000000006,0.1088295687885011
UTA,8477951,Nick Schmaltz,C,F,0,0,22,False,True,0.909,1.0926,0.1288,0.1163,0.0841,35.5,28.2,15.6,79.3,273.8,250.6,UTA,C,29.1,27.34,14.0,70.45,81.8,243.0,1.0,6.399999999999999,0.8599999999999994,1.5999999999999996,8.849999999999994,0.1256210078069552
UTA,8482699,Dylan Guenther,R,F,3,1,18,False,True,0.601,1.0463,0.1428,0.0883,0.0568,39.4,20.7,10.3,70.4,273.8,250.6,UTA,R,35.34,20.97,10.93,67.24,74.5,194.0,1.0,4.059999999999995,-0.2699999999999996,-0.629999999999999,3.160000000000011,0.04699583581201682
UTA,8483431,Logan Cooley,C,F,2,0,22,False,True,1.052,1.1141,0.1239,0.0782,0.0666,33.7,18.9,13.2,65.8,273.8,250.6,UTA,C,23.97,13.66,10.76,48.38,61.0,211.0,1.0,9.730000000000004,5.239999999999998,2.4399999999999995,17.419999999999995,0.36006614303431156
UTA,8482175,JJ Peterka,R,F,4,1,18,False,True,0.74,1.0672,0.1131,0.058,0.0796,30.8,14.4,15.8,61.0,273.8,250.6,UTA,R,25.69,12.62,13.97,52.28,80.8,241.0,1.0,5.109999999999999,1.7800000000000011,1.83,8.719999999999999,0.1667941851568477
UTA,8479410,Mikhail Sergachev,D,D,0,0,24,False,True,0.432,1.021,0.0404,0.0555,0.1316,11.0,15.1,28.4,54.5,273.8,250.6,UTA,D,10.66,16.97,27.17,54.79,74.7,189.0,1.0,0.33999999999999986,-1.8699999999999992,1.2299999999999969,-0.28999999999999915,-0.0052929366672750345
UTA,8478474,Lawson Crouse,L,F,5,1,18,False,True,0.809,1.0775,0.0961,0.0566,0.0234,26.3,13.9,4.8,45.0,273.8,250.6,UTA,L,21.03,11.41,5.14,37.59,81.0,243.0,1.0,5.27,2.49,-0.33999999999999986,7.409999999999997,0.1971268954509177
UTA,8477346,MacKenzie Weegar,D,D,1,0,24,False,True,0.662,1.0556,0.0252,0.0619,0.0769,7.1,16.6,16.7,40.4,273.8,250.6,UTA,D,6.07,13.55,14.62,34.24,79.7,242.0,1.0,1.0299999999999994,3.0500000000000007,2.08,6.159999999999997,0.17990654205607465
UTA,8478507,John Marino,D,D,2,1,20,False,True,0.355,1.0095,0.0076,0.0465,0.0688,2.0,13.0,15.6,30.5,273.8,250.6,UTA,D,3.28,12.52,14.14,29.93,68.8,190.0,1.0,-1.2799999999999998,0.4800000000000004,1.459999999999999,0.5700000000000003,0.019044437019712673
UTA,8480434,Sean Durzi,D,D,3,1,20,False,True,0.527,1.0353,0.0174,0.0387,0.0574,5.0,10.6,13.0,28.5,273.8,250.6,UTA,D,5.03,8.38,10.69,24.1,53.9,166.0,1.0,-0.03000000000000025,2.219999999999999,2.3100000000000005,4.399999999999999,0.18257261410788375
UTA,8479619,Michael Carcone,L,F,11,3,10,False,True,0.59,1.0446,0.0474,0.025,0.033,13.1,6.8,7.4,27.3,273.8,250.6,UTA,L,14.17,6.52,7.28,27.97,72.4,206.0,1.0,-1.0700000000000003,0.28000000000000025,0.1200000000000001,-0.6699999999999982,-0.023954236682159392
UTA,8480849,Barrett Hayton,C,F,6,2,14,False,True,0.188,0.9844,0.035,0.0281,0.034,9.5,7.6,7.7,24.8,273.8,250.6,UTA,C,11.93,8.17,8.93,29.03,68.3,182.0,1.0,-2.4299999999999997,-0.5700000000000003,-1.2299999999999995,-4.23,-0.14571133310368586
UTA,8477220,Nate Schmidt,D,D,5,2,16,False,True,0.638,1.052,0.0154,0.0312,0.0381,4.1,8.7,8.5,21.3,273.8,250.6,UTA,D,4.79,7.97,7.97,20.72,80.2,225.0,1.0,-0.6900000000000004,0.7299999999999995,0.5300000000000002,0.5800000000000018,0.027992277992278082
UTA,8480855,Jack McBain,C,F,9,3,10,False,True,0.653,1.0542,0.0265,0.0316,0.0243,7.4,8.3,5.5,21.1,273.8,250.6,UTA,C,9.9,9.72,5.93,25.55,76.1,224.0,1.0,-2.5,-1.42,-0.4299999999999997,-4.449999999999999,-0.17416829745596865
UTA,8477021,Alexander Kerfoot,C,F,7,2,14,False,True,0.434,1.0214,0.0293,0.0266,0.0184,8.0,7.2,4.1,19.3,273.8,250.6,UTA,C,8.38,6.41,4.03,18.83,48.7,197.0,1.0,-0.3800000000000008,0.79,0.0699999999999994,0.4700000000000024,0.024960169941582712
UTA,8474013,Ian Cole,D,D,4,2,16,False,True,0.663,1.0556,0.0092,0.0275,0.0332,2.5,7.8,7.8,18.1,273.8,250.6,UTA,D,2.45,9.03,9.24,20.72,81.7,242.0,1.0,0.04999999999999982,-1.2299999999999995,-1.4400000000000004,-2.6199999999999974,-0.12644787644787633
UTA,8484388,Daniil But,L,F,10,3,10,True,True,0.522,1.0345,0.0284,0.0117,0.0233,7.7,3.2,5.5,16.4,273.8,250.6,UTA,L,3.0,2.0,2.0,7.0,29.0,29.0,1.0,4.7,1.2000000000000002,3.5,9.399999999999999,1.3428571428571427
UTA,8478831,Kevin Stenlund,C,F,8,2,14,False,True,0.771,1.0718,0.0188,0.0186,0.0235,5.2,5.4,5.3,15.9,273.8,250.6,UTA,C,6.9,7.66,5.66,20.21,80.6,243.0,1.0,-1.7000000000000002,-2.26,-0.3600000000000003,-4.3100000000000005,-0.2132607619990104
VAN,8480012,Elias Pettersson,C,F,0,0,22,False,True,0.699,1.061,0.1056,0.1147,0.1234,22.8,23.2,18.0,64.0,219.6,306.0,VAN,C,16.31,20.52,15.34,52.17,72.1,220.0,1.0,6.490000000000002,2.6799999999999997,2.66,11.829999999999998,0.22675867356718415
VAN,8478444,Brock Boeser,R,F,1,0,22,False,True,0.689,1.0596,0.1325,0.1312,0.0558,29.2,25.2,7.9,62.3,219.6,306.0,VAN,R,23.97,18.21,8.03,50.21,75.4,231.0,1.0,5.23,6.989999999999998,-0.129999999999999,12.089999999999996,0.24078868751244764
VAN,8482079,Marco Rossi,C,F,2,0,22,False,True,0.67,1.0566,0.1062,0.0981,0.0949,23.5,19.3,14.3,57.1,219.6,306.0,VAN,C,15.52,13.59,12.28,41.38,59.9,214.0,1.0,7.98,5.710000000000001,2.0200000000000014,15.719999999999999,0.3798936684388593
VAN,8478498,Jake DeBrusk,L,F,3,1,18,False,True,0.526,1.0351,0.1426,0.0645,0.0665,31.6,12.0,10.2,53.8,219.6,306.0,VAN,L,23.93,9.79,9.59,43.31,81.2,243.0,1.0,7.670000000000002,2.210000000000001,0.6099999999999994,10.489999999999995,0.2422073424151465
VAN,8479425,Filip Hronek,D,D,0,0,24,False,True,0.266,0.996,0.0315,0.0999,0.1166,6.9,21.5,19.2,47.6,219.6,306.0,VAN,D,7.07,19.03,18.97,45.07,76.9,224.0,1.0,-0.16999999999999993,2.469999999999999,0.23000000000000043,2.530000000000001,0.05613490126469938
VAN,8475169,Evander Kane,L,F,4,1,18,False,True,0.877,1.0877,0.0804,0.1067,0.0342,17.8,21.8,5.1,44.7,219.6,306.0,VAN,L,14.0,13.82,4.36,32.18,71.5,148.0,1.0,3.8000000000000007,7.98,0.7399999999999993,12.520000000000003,0.38906152889993795
VAN,8481024,Linus Karlsson,C,F,9,3,10,True,True,0.222,0.9895,0.0646,0.0464,0.0379,14.2,9.5,6.5,30.2,219.6,306.0,VAN,C,11.07,8.76,5.76,25.59,60.3,106.0,1.0,3.129999999999999,0.7400000000000002,0.7400000000000002,4.609999999999999,0.18014849550605702
VAN,8484798,Zeev Buium,D,D,2,1,20,True,True,0.04,0.9622,0.0382,0.0495,0.0567,8.4,10.8,10.1,29.3,219.6,306.0,VAN,D,6.0,11.0,9.0,26.0,76.0,76.0,1.0,2.4000000000000004,-0.1999999999999993,1.0999999999999996,3.3000000000000007,0.12692307692307694
VAN,8482055,Drew O'Connor,L,F,7,2,14,False,True,0.159,0.98,0.0647,0.0508,0.0239,14.1,10.9,3.8,28.9,219.6,306.0,VAN,L,15.24,9.34,3.72,28.31,82.3,245.0,1.0,-1.1400000000000006,1.5600000000000005,0.07999999999999963,0.5899999999999999,0.020840692334864002
VAN,8477969,Marcus Pettersson,D,D,1,0,24,False,True,0.369,1.0116,0.0168,0.0403,0.0855,3.6,8.9,15.5,28.0,219.6,306.0,VAN,D,3.31,6.69,11.48,21.48,81.0,242.0,1.0,0.29000000000000004,2.21,4.02,6.52,0.3035381750465549
VAN,8476927,Teddy Blueger,C,F,5,1,18,False,True,0.947,1.0983,0.0438,0.0398,0.0475,9.6,8.2,8.2,26.0,219.6,306.0,VAN,C,8.55,5.62,5.76,19.93,48.6,185.0,1.0,1.049999999999999,2.579999999999999,2.4399999999999995,6.07,0.3045659809332665
VAN,8484240,Tom Willander,D,D,3,1,20,True,True,0.181,0.9834,0.0382,0.0294,0.0586,8.6,6.3,10.2,25.1,219.6,306.0,VAN,D,5.0,5.0,11.0,21.0,70.0,70.0,1.0,3.5999999999999996,1.2999999999999998,-0.8000000000000007,4.100000000000001,0.1952380952380953
VAN,8480078,Filip Chytil,C,F,6,2,14,True,True,0.096,0.9706,0.0445,0.0253,0.0318,10.1,5.7,5.5,21.3,219.6,306.0,VAN,C,5.21,1.97,1.59,8.76,22.5,78.0,1.0,4.89,3.7300000000000004,3.91,12.540000000000001,1.4315068493150687
VAN,8483499,Liam Ohgren,L,F,8,2,14,True,True,0.725,1.065,0.0216,0.0382,0.0375,4.7,8.4,6.5,19.6,219.6,306.0,VAN,L,6.07,5.31,2.38,13.76,53.7,97.0,1.0,-1.37,3.0900000000000007,4.12,5.840000000000002,0.42441860465116293
VAN,8482691,Aatu Räty,C,F,10,3,10,True,True,0.83,1.0806,0.0185,0.0295,0.0341,3.8,6.3,6.0,16.0,219.6,306.0,VAN,C,4.78,4.96,3.48,13.22,57.4,99.0,1.0,-0.9800000000000004,1.3399999999999999,2.52,2.7799999999999994,0.21028744326777604
VAN,8481535,Nils Hoglander,L,F,11,3,10,False,True,0.468,1.0264,0.024,0.0245,0.0161,5.2,5.3,2.9,13.3,219.6,306.0,VAN,L,4.97,4.34,2.66,11.97,49.1,190.0,1.0,0.23000000000000043,0.96,0.23999999999999977,1.33,0.1111111111111111
VAN,8475762,Derek Forbort,D,D,4,2,16,True,True,-0.298,0.9114,0.0202,0.0086,0.0319,4.3,2.0,6.0,12.3,219.6,306.0,VAN,D,0.48,1.03,1.41,2.93,16.8,91.0,1.0,3.82,0.97,4.59,9.370000000000001,
VAN,8483678,Elias Pettersson,D,D,5,2,16,True,True,0.083,0.9687,0.0061,0.0027,0.047,1.3,0.6,8.8,10.7,219.6,306.0,VAN,D,2.48,1.0,4.7,8.19,59.1,98.0,1.0,-1.18,-0.4,4.1000000000000005,2.51,0.30647130647130644
VGK,8478483,Mitch Marner,R,F,1,0,22,False,True,1.449,1.1736,0.1182,0.1705,0.1114,32.3,41.5,18.8,92.5,270.6,254.2,VGK,R,24.86,40.31,20.48,85.66,80.2,231.0,1.0,7.439999999999998,1.1899999999999977,-1.6799999999999997,6.840000000000003,0.07985057202895171
VGK,8478403,Jack Eichel,C,F,0,0,22,False,True,1.572,1.192,0.1206,0.1136,0.1711,32.7,27.5,30.6,90.9,270.6,254.2,VGK,C,27.52,28.66,33.28,89.45,74.0,214.0,1.0,5.180000000000003,-1.1600000000000001,-2.6799999999999997,1.4500000000000028,0.01621017328116269
VGK,8475913,Mark Stone,R,F,2,0,22,False,True,1.276,1.1477,0.1146,0.1323,0.0742,30.9,32.4,13.2,76.5,270.6,254.2,VGK,R,25.0,30.97,14.21,70.17,61.2,182.0,1.0,5.899999999999999,1.4299999999999997,-1.0100000000000016,6.329999999999998,0.09020949123557073
VGK,8481604,Pavel Dorofeyev,R,F,4,1,18,False,True,1.245,1.1429,0.1602,0.0734,0.0505,43.1,17.1,9.6,69.8,270.6,254.2,VGK,R,34.86,14.83,8.66,58.34,79.6,211.0,1.0,8.240000000000002,2.2700000000000014,0.9399999999999995,11.459999999999994,0.1964346931779224
VGK,8476881,Tomas Hertl,C,F,3,1,18,False,True,1.324,1.1548,0.0877,0.0753,0.0771,23.5,19.0,15.5,58.1,270.6,254.2,VGK,C,25.45,17.24,14.66,57.34,77.9,209.0,1.0,-1.9499999999999993,1.7600000000000016,0.8399999999999999,0.759999999999998,0.013254272758981478
VGK,8477964,Ivan Barbashev,L,F,6,2,14,False,True,0.134,0.9764,0.0745,0.0759,0.0613,20.2,20.0,12.5,52.6,270.6,254.2,VGK,L,22.72,22.0,12.76,57.48,79.1,234.0,1.0,-2.5199999999999996,-2.0,-0.2599999999999998,-4.8799999999999955,-0.08489909533750863
VGK,8478397,Rasmus Andersson,D,D,0,0,24,False,True,1.085,1.1189,0.0576,0.0762,0.0455,15.4,19.8,9.6,44.7,270.6,254.2,VGK,D,15.0,17.83,9.76,42.59,80.8,240.0,1.0,0.40000000000000036,1.9700000000000024,-0.16000000000000014,2.1099999999999994,0.04954214604367221
VGK,8477447,Shea Theodore,D,D,1,0,24,False,True,0.273,0.9971,0.0356,0.0595,0.0852,9.7,15.6,19.0,44.3,270.6,254.2,VGK,D,8.93,17.72,16.9,43.55,67.7,184.0,1.0,0.7699999999999996,-2.119999999999999,2.1000000000000014,0.75,0.017221584385763492
VGK,8478396,Noah Hanifin,D,D,2,1,20,False,True,0.56,1.0401,0.0171,0.0421,0.0761,4.7,11.5,17.1,33.4,270.6,254.2,VGK,D,5.38,11.62,14.97,31.97,73.8,231.0,1.0,-0.6799999999999997,-0.11999999999999922,2.130000000000001,1.4299999999999997,0.04472943384422896
VGK,8483890,Braeden Bowman,R,F,10,3,10,True,True,0.465,1.0259,0.0289,0.0356,0.039,7.9,9.8,8.7,26.4,270.6,254.2,VGK,R,8.0,9.0,9.0,26.0,54.0,54.0,1.0,-0.09999999999999964,0.8000000000000007,-0.3000000000000007,0.3999999999999986,0.01538461538461533
VGK,8479353,Brett Howden,C,F,7,2,14,False,True,0.367,1.0112,0.0505,0.0201,0.026,13.5,5.6,5.9,25.0,270.6,254.2,VGK,C,14.38,5.55,6.21,26.14,64.3,210.0,1.0,-0.8800000000000008,0.04999999999999982,-0.3099999999999996,-1.1400000000000006,-0.0436113236419281
VGK,8475191,Reilly Smith,R,F,9,3,10,False,True,0.43,1.0206,0.0339,0.0251,0.0231,9.2,6.6,5.4,21.2,270.6,254.2,VGK,R,15.07,8.93,6.34,30.34,71.9,224.0,1.0,-5.870000000000001,-2.33,-0.9399999999999995,-9.14,-0.3012524719841793
VGK,8475343,Nic Dowd,C,F,8,2,14,False,True,0.489,1.0296,0.0243,0.0082,0.0463,6.8,2.3,10.6,19.7,270.6,254.2,VGK,C,7.66,4.38,10.48,22.52,75.9,221.0,1.0,-0.8600000000000003,-2.08,0.11999999999999922,-2.8200000000000003,-0.1252220248667851
VGK,8476448,William Karlsson,C,F,5,1,18,False,True,1.46,1.1752,0.0249,0.0266,0.0125,6.7,7.1,2.9,16.7,270.6,254.2,VGK,C,7.0,6.14,2.83,15.97,27.3,137.0,1.0,-0.2999999999999998,0.96,0.06999999999999984,0.7299999999999986,0.045710707576706235
VGK,8481527,Kaedan Korczak,D,D,5,2,16,False,True,0.104,0.9718,0.0088,0.0229,0.0329,2.4,6.1,7.6,16.2,270.6,254.2,VGK,D,2.14,6.24,5.69,14.07,65.2,144.0,1.0,0.2599999999999998,-0.14000000000000057,1.9099999999999993,2.129999999999999,0.15138592750533042
VGK,8475188,Brayden McNabb,D,D,3,1,20,False,True,0.682,1.0585,0.0175,0.0186,0.0227,4.7,5.2,5.4,15.3,270.6,254.2,VGK,D,4.93,4.38,5.59,14.9,68.9,227.0,1.0,-0.22999999999999954,0.8200000000000003,-0.1899999999999995,0.40000000000000036,0.02684563758389264
VGK,8476438,Brandon Saad,L,F,11,3,10,False,True,0.513,1.0331,0.021,0.0152,0.017,5.7,4.3,4.0,13.9,270.6,254.2,VGK,L,7.0,4.93,4.41,16.34,56.8,203.0,1.0,-1.2999999999999998,-0.6299999999999999,-0.41000000000000014,-2.4399999999999995,-0.1493268053855569
VGK,8478468,Jeremy Lauzon,D,D,4,2,16,False,True,0.49,1.0298,0.0041,0.009,0.0281,1.1,2.6,6.9,10.6,270.6,254.2,VGK,D,1.1,3.72,5.34,10.17,59.1,175.0,1.0,0.0,-1.12,1.5600000000000005,0.4299999999999997,0.042281219272369684
WPG,8476460,Mark Scheifele,C,F,0,0,22,False,True,1.063,1.1156,0.1702,0.1753,0.1234,46.9,40.4,20.0,107.3,273.1,251.9,WPG,C,35.97,38.9,22.14,97.0,81.4,238.0,1.0,10.93,1.5,-2.1400000000000006,10.299999999999997,0.10618556701030925
WPG,8478398,Kyle Connor,L,F,1,0,22,False,True,1.101,1.1213,0.169,0.1479,0.1107,46.0,34.3,18.8,99.1,273.1,251.9,WPG,L,39.14,31.14,20.79,91.07,80.8,229.0,1.0,6.859999999999999,3.1599999999999966,-1.9899999999999984,8.030000000000001,0.08817393214011202
WPG,8480014,Gabriel Vilardi,C,F,2,0,22,False,True,1.023,1.1097,0.172,0.1136,0.124,47.5,26.6,21.9,96.1,273.1,251.9,WPG,C,28.72,18.97,17.1,64.79,76.9,200.0,1.0,18.78,7.630000000000003,4.799999999999997,31.309999999999988,0.48325358851674616
WPG,8477504,Josh Morrissey,D,D,0,0,24,False,True,0.155,0.9794,0.0575,0.0921,0.1139,15.5,24.1,23.9,63.5,273.1,251.9,WPG,D,13.72,21.69,22.24,57.66,78.0,238.0,1.0,1.7799999999999994,2.41,1.6600000000000001,5.840000000000003,0.10128338536246971
WPG,8482149,Cole Perfetti,C,F,3,1,18,False,True,0.675,1.0574,0.0604,0.0819,0.0584,16.5,21.4,12.7,50.6,273.1,251.9,WPG,C,13.93,14.41,8.41,36.76,71.6,221.0,1.0,2.5700000000000003,6.989999999999998,4.289999999999999,13.840000000000003,0.37649619151251373
WPG,8480113,Alex Iafallo,L,F,5,1,18,False,True,0.852,1.0841,0.0774,0.0428,0.0497,20.7,11.6,10.7,43.0,273.1,251.9,WPG,L,13.34,8.41,7.59,29.34,79.9,243.0,1.0,7.359999999999999,3.1899999999999995,3.1099999999999994,13.66,0.4655760054533061
WPG,8473604,Jonathan Toews,C,F,6,2,14,True,True,0.455,1.0244,0.0386,0.0495,0.0443,10.6,13.3,9.6,33.5,273.1,251.9,WPG,C,11.0,12.0,6.0,29.0,82.0,82.0,1.0,-0.40000000000000036,1.3000000000000007,3.5999999999999996,4.5,0.15517241379310345
WPG,8476392,Adam Lowry,C,F,4,1,18,False,True,0.646,1.053,0.0394,0.0426,0.0488,10.4,11.8,10.8,33.0,273.1,251.9,WPG,C,8.14,9.86,7.1,25.1,71.5,224.0,1.0,2.26,1.9400000000000013,3.700000000000001,7.899999999999999,0.31474103585657365
WPG,8480145,Neal Pionk,D,D,1,0,24,False,True,0.993,1.1052,0.0261,0.0409,0.0468,7.1,11.4,11.0,29.5,273.1,251.9,WPG,D,4.83,7.28,7.86,19.97,57.5,202.0,1.0,2.2699999999999996,4.12,3.1399999999999997,9.530000000000001,0.4772158237356035
WPG,8476480,Vladislav Namestnikov,C,F,8,2,14,False,True,0.39,1.0147,0.0332,0.0267,0.0367,9.4,7.6,8.5,25.4,273.1,251.9,WPG,C,8.93,5.83,6.62,21.38,65.6,216.0,1.0,0.47000000000000064,1.7699999999999996,1.88,4.02,0.18802619270346116
WPG,8476331,Dylan DeMelo,D,D,2,1,20,False,True,0.587,1.0443,0.014,0.0256,0.054,3.7,7.6,12.5,23.7,273.1,251.9,WPG,D,3.0,5.28,11.55,19.83,82.0,246.0,1.0,0.7000000000000002,2.3199999999999994,0.9499999999999993,3.870000000000001,0.19515885022692897
WPG,8482765,Isak Rosen,R,F,11,3,10,True,True,0.796,1.0755,0.0273,0.0319,0.0276,7.6,9.1,6.6,23.4,273.1,251.9,WPG,R,4.14,3.0,0.0,7.14,27.9,52.0,1.0,3.46,6.1,6.6,16.259999999999998,2.277310924369748
WPG,8474679,Gustav Nyquist,R,F,7,2,14,False,True,0.434,1.0213,0.0142,0.0377,0.0364,4.0,10.6,8.5,23.1,273.1,251.9,WPG,R,4.93,8.41,6.86,20.21,59.8,211.0,1.0,-0.9299999999999997,2.1899999999999995,1.6399999999999997,2.8900000000000006,0.1429985155863434
WPG,8480289,Morgan Barron,C,F,10,3,10,False,True,0.694,1.0603,0.0351,0.0215,0.0257,9.3,6.1,6.1,21.5,273.1,251.9,WPG,C,10.28,5.55,4.9,20.72,68.2,219.0,1.0,-0.9799999999999986,0.5499999999999998,1.1999999999999993,0.7800000000000011,0.0376447876447877
WPG,8475799,Nino Niederreiter,R,F,9,3,10,False,True,0.439,1.022,0.0319,0.0246,0.0252,8.8,6.9,5.7,21.4,273.1,251.9,WPG,R,10.86,7.83,5.69,24.38,67.2,220.0,1.0,-2.0599999999999987,-0.9299999999999997,0.009999999999999787,-2.9800000000000004,-0.1222313371616079
WPG,8480049,Dylan Samberg,D,D,3,1,20,False,True,0.29,0.9998,0.0058,0.0189,0.0354,1.7,5.4,8.9,16.0,273.1,251.9,WPG,D,2.21,5.17,8.34,15.72,65.4,204.0,1.0,-0.51,0.23000000000000043,0.5600000000000005,0.27999999999999936,0.017811704834605556
WPG,8483510,Elias Salomonsson,D,D,4,2,16,True,True,0.395,1.0155,0.0212,0.0099,0.0314,5.7,2.7,7.4,15.8,273.1,251.9,WPG,D,1.0,2.0,2.0,5.0,32.0,32.0,1.0,4.7,0.7000000000000002,5.4,10.8,
WPG,8476525,Colin Miller,D,D,5,2,16,False,True,0.369,1.0116,0.0066,0.0169,0.0076,1.9,4.7,1.8,8.3,273.1,251.9,WPG,D,1.24,3.03,1.34,5.62,30.1,124.0,1.0,0.6599999999999999,1.6700000000000004,0.45999999999999996,2.6800000000000006,0.4768683274021353
WSH,8478440,Dylan Strome,C,F,1,0,22,False,True,1.189,1.1345,0.1167,0.1185,0.1244,32.1,28.4,22.3,82.8,270.3,255.7,WSH,C,21.97,24.52,17.93,64.41,80.6,244.0,1.0,10.130000000000003,3.879999999999999,4.370000000000001,18.39,0.28551467163483935
WSH,8471214,Alex Ovechkin,L,F,2,0,22,False,True,1.002,1.1065,0.1537,0.1149,0.0769,41.4,26.6,13.1,81.1,270.3,255.7,WSH,L,34.83,21.21,10.21,66.24,77.7,226.0,1.0,6.57,5.390000000000001,2.889999999999999,14.86,0.22433574879227053
WSH,8476880,Tom Wilson,R,F,0,0,22,False,True,0.959,1.1,0.1323,0.0648,0.0845,35.4,15.1,16.4,66.9,270.3,255.7,WSH,R,29.9,17.14,13.83,60.86,74.3,227.0,1.0,5.5,-2.040000000000001,2.5699999999999985,6.040000000000006,0.09924416694051932
WSH,8479345,Jakob Chychrun,D,D,0,0,24,False,True,0.358,1.0099,0.0948,0.0597,0.1148,25.7,14.8,23.0,63.5,270.3,255.7,WSH,D,23.72,13.34,18.48,55.55,78.7,236.0,1.0,1.9800000000000004,1.4600000000000009,4.52,7.950000000000003,0.14311431143114317
WSH,8481580,Connor McMichael,L,F,5,1,18,False,True,0.991,1.1048,0.0798,0.0821,0.082,21.6,20.7,16.4,58.6,270.3,255.7,WSH,L,17.17,19.0,11.59,47.76,79.1,240.0,1.0,4.43,1.6999999999999993,4.809999999999999,10.840000000000003,0.2269681742043552
WSH,8481656,Aliaksei Protas,L,F,3,1,18,False,True,0.778,1.0729,0.0824,0.0727,0.051,22.3,17.8,10.5,50.6,270.3,255.7,WSH,L,24.9,19.34,9.55,53.79,76.1,230.0,1.0,-2.599999999999998,-1.5399999999999991,0.9499999999999993,-3.1899999999999977,-0.059304703476482576
WSH,8479400,Pierre-Luc Dubois,C,F,4,1,18,False,True,0.734,1.0663,0.0429,0.0538,0.0639,11.6,14.1,13.3,39.0,270.3,255.7,WSH,C,9.38,12.86,9.55,31.79,45.4,193.0,1.0,2.219999999999999,1.2400000000000002,3.75,7.210000000000001,0.22680088078011956
WSH,8480873,Rasmus Sandin,D,D,3,1,20,False,True,0.197,0.9857,0.0193,0.0557,0.0635,5.3,15.3,13.3,33.9,270.3,255.7,WSH,D,4.62,13.86,10.34,28.83,74.8,223.0,1.0,0.6799999999999997,1.4400000000000013,2.960000000000001,5.07,0.1758584807492196
WSH,8484873,Cole Hutson,D,D,5,2,16,True,True,0.162,0.9805,0.0224,0.0695,0.0324,6.1,18.7,7.1,31.8,270.3,255.7,WSH,D,3.0,5.0,2.0,10.0,14.0,14.0,1.0,3.0999999999999996,13.7,5.1,21.8,2.18
WSH,8482088,Justin Sourdif,C,F,8,2,14,True,True,0.574,1.0422,0.041,0.0358,0.0465,11.0,9.4,10.1,30.5,270.3,255.7,WSH,C,10.59,7.59,6.21,24.38,54.2,82.0,1.0,0.41000000000000014,1.8100000000000005,3.8899999999999997,6.120000000000001,0.251025430680886
WSH,8484999,Ilya Protas,L,F,6,2,14,True,True,0.445,1.023,0.0225,0.0665,0.0262,5.9,18.0,5.6,29.5,270.3,255.7,WSH,L,1.0,2.0,1.0,4.0,4.0,4.0,1.0,4.9,16.0,4.6,25.5,
WSH,8484186,Ryan Leonard,R,F,9,3,10,True,True,0.208,0.9874,0.0357,0.0469,0.031,9.8,12.6,6.5,28.9,270.3,255.7,WSH,R,15.07,13.33,5.19,33.59,57.9,84.0,1.0,-5.27,-0.7300000000000004,1.3099999999999996,-4.690000000000005,-0.13962488835963097
WSH,8478911,Matt Roy,D,D,1,0,24,False,True,0.821,1.0793,0.0136,0.057,0.0444,3.6,15.7,9.6,28.9,270.3,255.7,WSH,D,2.45,11.55,6.62,20.62,76.7,229.0,1.0,1.15,4.149999999999999,2.9799999999999995,8.279999999999998,0.4015518913676041
WSH,8478463,Anthony Beauvillier,R,F,7,2,14,False,True,0.657,1.0548,0.061,0.0173,0.0309,16.7,4.3,6.6,27.6,270.3,255.7,WSH,R,14.31,6.21,6.0,26.52,80.2,223.0,1.0,2.389999999999999,-1.9100000000000001,0.5999999999999996,1.0800000000000018,0.04072398190045256
WSH,8483573,Ethen Frank,R,F,11,3,10,True,True,0.118,0.9738,0.0423,0.0262,0.0348,11.5,6.8,7.7,26.0,270.3,255.7,WSH,R,9.93,5.44,4.22,19.59,52.1,86.0,1.0,1.5700000000000003,1.3599999999999994,3.4800000000000004,6.41,0.3272077590607453
WSH,8480796,Martin Fehérváry,D,D,4,2,16,False,True,0.786,1.0741,0.0191,0.0215,0.0562,5.0,5.5,13.1,23.6,270.3,255.7,WSH,D,4.86,7.59,13.31,25.76,80.0,228.0,1.0,0.13999999999999968,-2.09,-0.21000000000000085,-2.16,-0.08385093167701864
WSH,8480043,Timothy Liljegren,D,D,2,1,20,False,True,0.585,1.044,0.011,0.0254,0.0304,2.9,6.6,7.0,16.4,270.3,255.7,WSH,D,2.34,6.1,4.83,13.28,52.6,170.0,1.0,0.56,0.5,2.17,3.119999999999999,0.23493975903614453
WSH,8480144,David Kampf,C,F,10,3,10,False,True,0.54,1.0372,0.0093,0.012,0.0061,2.5,3.2,1.4,7.0,270.3,255.7,WSH,C,3.14,4.03,1.41,8.59,47.2,177.0,1.0,-0.6400000000000001,-0.8300000000000001,-0.010000000000000009,-1.5899999999999999,-0.18509895227008147
