player_id,player_name,team,season,total_rapm_bayes,offensive_rapm_bayes,defensive_rapm_bayes,off_prior,def_prior,ixg_60,onice_xga_60,toi_minutes,shift_count,alpha
8479318,Auston Matthews,TOR,20102025,0.5796,0.5498,0.0299,0.3822,-0.0209,2.7202,2.8923,8081.8,16199,10000.0
8470638,Patrice Bergeron,BOS,20102025,0.5639,0.2945,0.2694,0.2739,0.1543,2.1841,2.2792,11087.6,26121,10000.0
8478402,Connor McDavid,EDM,20102025,0.4703,0.4557,0.0146,0.2481,-0.0048,2.0561,2.8359,10402.1,18562,10000.0
8479314,Matthew Tkachuk,FLA,20102025,0.4565,0.4346,0.0219,0.2596,0.0005,2.113,2.8173,7762.2,15963,10000.0
8475786,Zach Hyman,EDM,20102025,0.4564,0.4755,-0.0191,0.318,-0.02,2.4024,2.8892,8612.0,16990,10000.0
8477998,Warren Foegele,LAK,20102025,0.4393,0.3735,0.0658,0.1606,0.0326,1.6228,2.705,5538.9,11190,10000.0
8473533,Jordan Staal,CAR,20102025,0.4312,0.2504,0.1808,0.0936,0.1226,1.2909,2.39,11931.7,26900,10000.0
8482093,Seth Jarvis,CAR,20102025,0.4204,0.2586,0.1619,0.2391,0.1012,2.0117,2.4648,3516.8,7513,10000.0
8478493,Joel Eriksson Ek,MIN,20102025,0.41,0.2409,0.1692,0.2312,0.1349,1.9724,2.3471,5566.3,11536,10000.0
8471887,Patric Hornqvist,FLA,20102025,0.4027,0.2896,0.1131,0.2535,0.0692,2.0826,2.5767,8980.3,18670,10000.0
8475166,John Tavares,TOR,20102025,0.3827,0.3789,0.0038,0.317,-0.0647,2.3975,3.0455,13643.4,26049,10000.0
8477476,Artturi Lehkonen,COL,20102025,0.3809,0.2844,0.0966,0.1746,0.0473,1.6922,2.6534,6668.9,14657,10000.0
8479542,Brandon Hagel,TBL,20102025,0.3785,0.2761,0.1024,0.1464,0.046,1.5525,2.658,4318.2,9081,10000.0
8480027,Jason Robertson,DAL,20102025,0.3642,0.2666,0.0976,0.1945,0.0375,1.7908,2.6877,4531.8,9254,10000.0
8476479,Phillip Danault,LAK,20102025,0.3607,0.2474,0.1133,0.0734,0.061,1.1909,2.6057,8206.3,17977,10000.0
8478519,Anthony Cirelli,TBL,20102025,0.3571,0.197,0.1601,0.1067,0.0799,1.3556,2.5395,6314.1,13971,10000.0
8475848,Brendan Gallagher,MTL,20102025,0.3551,0.3751,-0.02,0.2027,-0.0312,1.8314,2.9282,9128.5,18870,10000.0
8476392,Adam Lowry,WPG,20102025,0.3533,0.2425,0.1108,0.0689,0.0618,1.1685,2.6026,8034.0,18147,10000.0
8475193,Tomas Tatar,NJD,20102025,0.3415,0.1975,0.1439,0.101,0.0525,1.3277,2.6354,9549.2,20046,10000.0
8481559,Jack Hughes,NJD,20102025,0.3377,0.3032,0.0346,0.2618,-0.0226,2.1238,2.898,4167.6,8337,10000.0
8477409,Carter Verhaeghe,FLA,20102025,0.3348,0.314,0.0208,0.2067,0.0111,1.8509,2.7802,5192.9,10447,10000.0
8467514,Pavel Datsyuk,DET,20102025,0.3333,0.1668,0.1665,0.1577,0.1566,1.6085,2.2712,4668.0,9764,10000.0
8478427,Sebastian Aho,CAR,20102025,0.3302,0.299,0.0312,0.2402,0.0244,2.0169,2.7338,8120.8,17686,10000.0
8482713,Mackie Samoskevich,FLA,20102025,0.3301,0.2397,0.0905,0.1832,0.0677,1.7345,2.582,655.2,1401,10000.0
8477933,Sam Reinhart,FLA,20102025,0.3298,0.1726,0.1572,0.2391,0.0638,2.0114,2.5956,9218.0,19021,10000.0
8481604,Pavel Dorofeyev,VGK,20102025,0.3269,0.2017,0.1252,0.2108,0.0606,1.8713,2.6068,1537.9,2765,10000.0
8477493,Aleksander Barkov,FLA,20102025,0.3262,0.2168,0.1093,0.1943,0.0497,1.7896,2.645,9986.1,22119,10000.0
8470794,Joe Pavelski,DAL,20102025,0.3213,0.2277,0.0936,0.2037,0.0521,1.8364,2.6366,13503.9,30292,10000.0
8478864,Kirill Kaprizov,MIN,20102025,0.3212,0.2541,0.0671,0.2553,0.0647,2.0919,2.5928,4012.0,6890,10000.0
8480801,Brady Tkachuk,OTT,20102025,0.3206,0.4225,-0.1019,0.351,-0.0985,2.5659,3.1637,5661.7,12354,10000.0
8477492,Nathan MacKinnon,COL,20102025,0.3202,0.3806,-0.0604,0.2209,0.0028,1.9213,2.809,11966.8,23011,10000.0
8477404,Jake Guentzel,TBL,20102025,0.3174,0.3445,-0.0271,0.2632,-0.031,2.131,2.9273,7955.1,15790,10000.0
8468508,Justin Williams,CAR,20102025,0.3152,0.1798,0.1354,0.1231,0.1113,1.4368,2.4297,9091.9,17646,10000.0
8476399,Blake Coleman,CGY,20102025,0.3128,0.2395,0.0733,0.1417,0.0249,1.5293,2.7318,6886.0,14611,10000.0
8476826,Yanni Gourde,TBL,20102025,0.3118,0.1804,0.1314,0.0627,0.0483,1.1377,2.6499,7061.7,14465,10000.0
8476474,Stefan Noesen,NJD,20102025,0.311,0.2644,0.0466,0.1904,0.0281,1.7702,2.7206,4093.8,8307,10000.0
8477501,Valeri Nichushkin,COL,20102025,0.3088,0.2637,0.0452,0.2078,0.028,1.8565,2.7212,6282.9,13216,10000.0
8478233,Andrew Mangiapane,WSH,20102025,0.3086,0.2945,0.0141,0.1499,0.0018,1.5697,2.8127,4916.3,10529,10000.0
8477935,Sam Bennett,FLA,20102025,0.3077,0.3377,-0.03,0.2119,-0.0192,1.8769,2.8863,7709.1,16399,10000.0
8480830,Andrei Svechnikov,CAR,20102025,0.3056,0.3506,-0.0451,0.234,0.0033,1.9862,2.8074,5537.2,11261,10000.0
8468483,Marian Gaborik,OTT,20102025,0.3055,0.2036,0.1018,0.1738,0.0953,1.6883,2.4856,5632.1,10738,10000.0
8477478,William Carrier,CAR,20102025,0.3039,0.2894,0.0145,0.0947,0.0331,1.2961,2.7031,4475.9,8561,10000.0
8476461,Sean Couturier,PHI,20102025,0.3039,0.1521,0.1518,0.138,0.0592,1.5109,2.6118,9795.5,21861,10000.0
8475799,Nino Niederreiter,WPG,20102025,0.3036,0.2156,0.088,0.1303,0.0674,1.4724,2.5833,10745.0,20610,10000.0
8475913,Mark Stone,VGK,20102025,0.3035,0.196,0.1075,0.1445,0.016,1.543,2.7629,9003.0,18428,10000.0
8480185,Eetu Luostarinen,FLA,20102025,0.2994,0.1975,0.1019,0.0499,0.0477,1.0742,2.6523,4004.4,9505,10000.0
8482809,Jackson Blake,CAR,20102025,0.2992,0.2736,0.0256,0.256,0.0594,2.0954,2.6112,802.3,1581,10000.0
8481557,Matt Boldy,MIN,20102025,0.2965,0.2368,0.0598,0.231,0.066,1.9714,2.5879,3145.9,5671,10000.0
8466148,Marian Hossa,CHI,20102025,0.2963,0.2132,0.0831,0.1775,0.0777,1.7065,2.547,6160.8,14213,10000.0
8478542,Evan Rodrigues,FLA,20102025,0.2932,0.1592,0.1339,0.1118,0.0667,1.3808,2.5856,5807.2,12066,10000.0
8473419,Brad Marchand,FLA,20102025,0.2917,0.2352,0.0565,0.1894,0.0597,1.7652,2.6102,13203.6,29249,10000.0
8470620,Jeff Tambellini,VAN,20102025,0.2898,0.1771,0.1126,0.1725,0.1136,1.6815,2.4217,517.7,1110,10000.0
8479400,Pierre-Luc Dubois,WSH,20102025,0.2864,0.3128,-0.0264,0.1717,-0.0323,1.6777,2.9321,7135.6,13815,10000.0
8467543,Toby Petersen,DAL,20102025,0.2838,0.003,0.2808,0.001,0.2796,0.8319,1.8407,610.1,1381,10000.0
8477942,Kevin Fiala,LAK,20102025,0.2826,0.2841,-0.0014,0.2068,0.0357,1.8516,2.6942,7101.6,13622,10000.0
8476453,Nikita Kucherov,TBL,20102025,0.2824,0.3185,-0.0362,0.1815,-0.022,1.7262,2.8961,10925.1,20803,10000.0
8478414,Timo Meier,NJD,20102025,0.2822,0.3155,-0.0332,0.2461,-0.0528,2.0465,3.0038,7219.2,14511,10000.0
8469459,Mikko Koivu,CBJ,20102025,0.2786,0.0091,0.2695,0.0457,0.2023,1.0538,2.111,7997.1,17541,10000.0
8469544,Patrick Sharp,CHI,20102025,0.2779,0.2111,0.0667,0.1608,0.0597,1.6236,2.6101,6581.4,13827,10000.0
8476448,William Karlsson,VGK,20102025,0.2772,0.1568,0.1204,0.1242,0.0597,1.4423,2.6102,8691.0,18105,10000.0
8482740,Wyatt Johnston,DAL,20102025,0.2759,0.2549,0.0211,0.2486,-0.0098,2.0587,2.8534,2932.6,6568,10000.0
8477956,David Pastrnak,BOS,20102025,0.2753,0.2593,0.016,0.2718,0.0193,2.1736,2.7514,9200.8,17952,10000.0
8470176,Sean Bergenheim,MIN,20102025,0.2747,0.1722,0.1024,0.1539,0.101,1.5893,2.4657,2835.6,5912,10000.0
8478856,Conor Garland,VAN,20102025,0.2726,0.2374,0.0352,0.1441,0.0009,1.5409,2.8159,4777.3,10365,10000.0
8475314,Anders Lee,NYI,20102025,0.269,0.3406,-0.0716,0.2376,-0.0949,2.004,3.1511,9177.8,18021,10000.0
8479407,Jesper Bratt,NJD,20102025,0.2648,0.3492,-0.0844,0.1775,-0.0562,1.7063,3.0157,5670.1,12450,10000.0
8475726,Tyler Toffoli,SJS,20102025,0.2618,0.2627,-0.0008,0.2081,-0.0352,1.8582,2.9422,9620.0,21140,10000.0
8478498,Jake DeBrusk,VAN,20102025,0.2616,0.2146,0.047,0.2023,0.0271,1.8294,2.7243,6110.6,12990,10000.0
8477903,Garnet Hathaway,PHI,20102025,0.2606,0.1093,0.1513,0.0421,0.0934,1.0359,2.492,4997.8,10776,10000.0
8482146,Luke Evangelista,NSH,20102025,0.2585,0.152,0.1065,0.1265,0.0567,1.4538,2.6207,1494.0,2975,10000.0
8479525,Ross Colton,COL,20102025,0.2567,0.2896,-0.033,0.1788,-0.0201,1.713,2.8893,3411.2,7025,10000.0
8478550,Artemi Panarin,NYR,20102025,0.2567,0.2538,0.0029,0.1274,-0.0527,1.4582,3.0035,9734.8,17870,10000.0
8460743,Tomas Holmstrom,DET,20102025,0.2567,0.1325,0.1242,0.1321,0.1267,1.4816,2.3755,1329.3,2789,10000.0
8468434,Andy McDonald,STL,20102025,0.2551,0.1754,0.0798,0.1752,0.0837,1.695,2.526,1496.4,3556,10000.0
8478047,Michael Bunting,NSH,20102025,0.2545,0.2791,-0.0246,0.1925,-0.0362,1.7806,2.9457,3500.2,6862,10000.0
8476921,Jordan Martinook,CAR,20102025,0.2543,0.1139,0.1404,0.0622,0.1081,1.1354,2.4407,7581.7,16014,10000.0
8482077,Dylan Holloway,STL,20102025,0.2537,0.1691,0.0845,0.0769,0.027,1.2082,2.7245,1644.6,3238,10000.0
8482159,Tyson Foerster,PHI,20102025,0.2536,0.1289,0.1246,0.1553,0.0509,1.5963,2.6408,1625.8,3568,10000.0
8479675,Trevor Moore,LAK,20102025,0.2529,0.219,0.0339,0.1542,0.0352,1.5912,2.6958,4358.1,9244,10000.0
8476873,Mark Jankowski,CAR,20102025,0.2502,0.0879,0.1623,0.064,0.0934,1.1444,2.4923,3396.8,7522,10000.0
8476292,Ondrej Palat,NJD,20102025,0.2498,0.1621,0.0876,0.0748,0.0203,1.1978,2.7481,10306.1,21479,10000.0
8476483,Rickard Rakell,PIT,20102025,0.2495,0.2108,0.0387,0.1884,-0.0147,1.7604,2.8705,9505.5,18192,10000.0
8480849,Barrett Hayton,UTA,20102025,0.248,0.2688,-0.0208,0.1793,-0.0476,1.7152,2.9856,2711.9,6382,10000.0
8480002,Nico Hischier,NJD,20102025,0.2464,0.291,-0.0446,0.2242,-0.0518,1.9377,3.0003,5790.0,13084,10000.0
8480289,Morgan Barron,WPG,20102025,0.2457,0.1251,0.1206,0.0625,0.1062,1.1366,2.4474,1980.2,4347,10000.0
8469490,Tim Jackman,ANA,20102025,0.2438,0.0546,0.1892,0.0468,0.1886,1.0592,2.159,2000.0,3775,10000.0
8477511,Anthony Mantha,CGY,20102025,0.241,0.1552,0.0858,0.1014,0.0205,1.3293,2.7473,5524.4,10233,10000.0
8475253,Garrett Wilson,PIT,20102025,0.2404,0.0529,0.1875,0.0524,0.1765,1.0868,2.2013,584.9,1168,10000.0
8475214,Jeremy Morin,CBJ,20102025,0.2388,0.1064,0.1324,0.0973,0.1281,1.3092,2.3707,639.7,1258,10000.0
8474053,Logan Couture,SJS,20102025,0.238,0.1761,0.0619,0.1741,-0.0122,1.6897,2.8618,10657.2,25490,10000.0
8448208,Jaromir Jagr,CGY,20102025,0.2376,0.144,0.0936,0.1227,0.0954,1.4348,2.4853,5625.7,10539,10000.0
8477448,Marko Dano,CBJ,20102025,0.2353,0.0672,0.1681,0.0566,0.1564,1.1075,2.2717,1118.0,2164,10000.0
8471707,James Neal,STL,20102025,0.2341,0.1317,0.1024,0.1545,0.0926,1.5923,2.495,9046.1,17323,10000.0
8481596,Shane Pinto,OTT,20102025,0.2323,0.2277,0.0046,0.1685,-0.0273,1.662,2.9145,2093.4,4911,10000.0
8475169,Evander Kane,EDM,20102025,0.2306,0.2719,-0.0413,0.1926,-0.0369,1.7812,2.9482,11252.1,21831,10000.0
8467943,Niklas Hagman,ANA,20102025,0.2304,0.1033,0.1272,0.0976,0.1287,1.3106,2.3686,1391.3,2626,10000.0
8477059,Damien Brunner,NJD,20102025,0.2292,0.136,0.0931,0.1365,0.0955,1.5032,2.4847,1247.7,2512,10000.0
8478042,Viktor Arvidsson,EDM,20102025,0.229,0.2256,0.0034,0.1692,0.0163,1.6653,2.7619,7299.8,14794,10000.0
8459429,Jason Arnott,STL,20102025,0.2288,0.0862,0.1426,0.0809,0.1472,1.2278,2.304,1543.1,3312,10000.0
8476235,Justin Fontaine,MIN,20102025,0.2288,0.0004,0.2285,0.0046,0.2193,0.8501,2.0517,1807.1,3722,10000.0
8476889,Radek Faksa,STL,20102025,0.2286,0.0857,0.1429,0.0115,0.0786,0.8842,2.544,7458.7,17219,10000.0
8476881,Tomas Hertl,VGK,20102025,0.2275,0.2214,0.0061,0.1982,-0.0356,1.8089,2.9436,9379.4,20063,10000.0
8477940,Nikolaj Ehlers,WPG,20102025,0.2268,0.2368,-0.01,0.1425,-0.0174,1.5332,2.88,7585.4,14706,10000.0
8470610,Zach Parise,COL,20102025,0.2261,0.2348,-0.0087,0.1821,0.0014,1.7294,2.8141,9974.7,21240,10000.0
8460542,Patrik Elias,NJD,20102025,0.2257,0.0984,0.1273,0.1008,0.134,1.3266,2.3503,3998.0,9547,10000.0
8478115,Pierre Engvall,NYI,20102025,0.2257,0.2163,0.0094,0.0661,-0.0324,1.1547,2.9323,3524.6,7223,10000.0
8478483,Mitchell Marner,TOR,20102025,0.2254,0.18,0.0454,0.1225,-0.0143,1.4341,2.8692,8011.6,17434,10000.0
8474150,Mikael Backlund,CGY,20102025,0.2253,0.1872,0.0381,0.125,0.0332,1.4462,2.7029,11099.4,25144,10000.0
8471669,Paul Stastny,CAR,20102025,0.225,0.1855,0.0395,0.1024,0.0393,1.3343,2.6815,10612.2,22261,10000.0
8475738,Jordan Weal,MTL,20102025,0.2235,0.078,0.1455,0.0642,0.1284,1.1451,2.3697,1998.5,3865,10000.0
8481617,Vasily Podkolzin,EDM,20102025,0.2219,0.1129,0.1089,0.0482,0.0442,1.0658,2.6644,2086.3,4035,10000.0
8458525,Brian Rolston,BOS,20102025,0.2218,0.0565,0.1653,0.0565,0.1625,1.1073,2.2504,1423.8,3023,10000.0
8459457,Jamie Langenbrunner,STL,20102025,0.2206,0.0449,0.1757,0.0367,0.1785,1.0091,2.1945,1516.0,3414,10000.0
8467412,Alexei Ponikarovsky,NJD,20102025,0.2203,0.0381,0.1823,0.0328,0.178,0.9896,2.196,2078.2,4196,10000.0
8477949,Alex Tuch,BUF,20102025,0.2177,0.2287,-0.011,0.2058,-0.0706,1.8464,3.0661,6096.3,12569,10000.0
8460621,Daniel Alfredsson,DET,20102025,0.2173,0.1037,0.1136,0.1081,0.1126,1.3626,2.4249,2826.4,6194,10000.0
8467346,Simon Gagne,BOS,20102025,0.2173,0.0797,0.1376,0.0739,0.1391,1.1934,2.3322,1754.9,3583,10000.0
8476455,Gabriel Landeskog,COL,20102025,0.2167,0.0523,0.1644,0.1425,0.0748,1.5329,2.5572,9556.5,19077,10000.0
8476436,Dmitrij Jaskin,ARI,20102025,0.2158,0.0441,0.1717,0.0432,0.1531,1.041,2.2833,2944.7,5463,10000.0
8471807,Tom Wandell,DAL,20102025,0.2158,0.0013,0.2145,-0.0005,0.2125,0.8246,2.0754,1244.1,2502,10000.0
8471228,Alexander Radulov,DAL,20102025,0.2154,0.1058,0.1096,0.1255,0.0492,1.4489,2.647,4847.5,9873,10000.0
8470655,David Backes,ANA,20102025,0.2148,0.0883,0.1265,0.0756,0.117,1.2017,2.4095,8134.4,18738,10000.0
8476439,Brett Ritchie,ARI,20102025,0.2147,0.1187,0.096,0.059,0.0664,1.1195,2.5866,3096.6,6615,10000.0
8475855,Jesper Fast,CAR,20102025,0.2146,0.1149,0.0996,0.0206,0.0815,0.9294,2.534,7713.0,16199,10000.0
8480835,Jack Drury,COL,20102025,0.2146,0.1199,0.0947,0.0897,0.0993,1.2717,2.4716,1672.3,3605,10000.0
8468463,Mathieu Darche,MTL,20102025,0.2145,0.0687,0.1458,0.0685,0.1467,1.1664,2.3058,1008.3,2046,10000.0
8471682,Devin Setoguchi,LAK,20102025,0.2133,0.1317,0.0815,0.112,0.0859,1.3818,2.5183,3531.0,7256,10000.0
8478445,Mathew Barzal,NYI,20102025,0.2124,0.2268,-0.0144,0.1327,-0.0661,1.4846,3.0503,6558.6,12243,10000.0
8479325,Charlie McAvoy,BOS,20102025,0.211,0.0851,0.1259,-0.0663,0.0586,0.4989,2.6139,8380.9,16885,10000.0
8482113,Anton Lundell,FLA,20102025,0.2107,0.1638,0.0468,0.1109,0.0376,1.3766,2.6875,3411.2,8246,10000.0
8470611,Eric Fehr,MIN,20102025,0.2106,0.0638,0.1468,0.0575,0.1489,1.1118,2.2981,4487.7,9508,10000.0
8469622,Ryane Clowe,NJD,20102025,0.21,0.1079,0.1021,0.0952,0.1063,1.2987,2.447,3062.5,6046,10000.0
8480802,Ryan McLeod,BUF,20102025,0.2098,0.1737,0.0361,0.0441,-0.008,1.0454,2.847,3059.4,6930,10000.0
8469506,Jason Pominville,BUF,20102025,0.2092,0.0989,0.1104,0.0868,0.1012,1.2573,2.4647,7458.2,15402,10000.0
8476887,Filip Forsberg,NSH,20102025,0.209,0.2288,-0.0198,0.2384,-0.0428,2.008,2.9688,9344.0,19817,10000.0
8473562,John McCarthy,SJS,20102025,0.208,0.0134,0.1947,0.013,0.1951,0.8914,2.1365,595.1,1316,10000.0
8474157,Max Pacioretty,TOR,20102025,0.2079,0.2395,-0.0316,0.1783,-0.0068,1.7104,2.8428,10188.5,21159,10000.0
8475287,Erik Haula,NJD,20102025,0.2075,0.1551,0.0524,0.1014,0.0188,1.3297,2.7534,7736.2,16849,10000.0
8475791,Taylor Hall,CAR,20102025,0.2074,0.2069,0.0005,0.1476,-0.0181,1.5583,2.8824,10877.9,21091,10000.0
8471339,Ryan Callahan,TBL,20102025,0.2073,0.1157,0.0916,0.0896,0.0961,1.2711,2.4828,6733.7,13863,10000.0
8473534,Patrik Berglund,BUF,20102025,0.2061,0.0645,0.1416,0.0558,0.1365,1.1039,2.3413,6409.2,14750,10000.0
8471309,Johan Franzen,DET,20102025,0.2058,0.1474,0.0584,0.149,0.0634,1.5652,2.5971,3440.8,7211,10000.0
8475800,Teemu Pulkkinen,ARI,20102025,0.2039,0.1118,0.0921,0.1091,0.0918,1.3679,2.4977,586.0,1292,10000.0
8470257,Alexander Steen,STL,20102025,0.2025,0.0593,0.1432,0.0659,0.1219,1.1535,2.3926,7792.1,18814,10000.0
8475204,Brandon Pirri,CHI,20102025,0.2014,0.1492,0.0522,0.1601,0.0507,1.6202,2.6416,2488.7,4825,10000.0
8460465,Petr Sykora,NJD,20102025,0.2013,0.0706,0.1306,0.0717,0.1333,1.1822,2.3525,1064.3,2049,10000.0
8467545,Michael Ryder,NJD,20102025,0.1994,0.1137,0.0856,0.1127,0.0897,1.3856,2.5051,3773.4,7153,10000.0
8481624,Ilya Mikheyev,CHI,20102025,0.1979,0.0857,0.1122,0.1078,0.0335,1.3613,2.7018,3503.2,7614,10000.0
8474013,Ian Cole,UTA,20102025,0.1977,0.0304,0.1673,-0.1186,0.0663,0.2395,2.5872,12067.3,24334,10000.0
8475225,Craig Smith,DET,20102025,0.1974,0.2354,-0.038,0.1146,0.0239,1.3949,2.7353,10147.0,20130,10000.0
8475158,Ryan O'Reilly,NSH,20102025,0.1967,0.1408,0.0559,0.147,-0.013,1.5553,2.8644,12827.1,28132,10000.0
8478449,Roope Hintz,DAL,20102025,0.1966,0.2427,-0.0462,0.214,0.0015,1.8874,2.8136,5357.1,13025,10000.0
8471675,Sidney Crosby,PIT,20102025,0.1964,0.3125,-0.1161,0.1884,-0.0509,1.7604,2.9969,13382.5,27118,10000.0
8470622,Patrick Eaves,ANA,20102025,0.1964,0.1476,0.0488,0.1323,0.0395,1.4827,2.6808,3164.4,7144,10000.0
8475722,Jason Zucker,BUF,20102025,0.1963,0.2265,-0.0302,0.16,-0.0234,1.6199,2.9007,8285.2,16078,10000.0
8470596,Nathan Horton,CBJ,20102025,0.1942,0.1054,0.0889,0.0936,0.0911,1.2909,2.5004,2752.6,5015,10000.0
8470041,Rick Nash,BOS,20102025,0.1938,0.2515,-0.0577,0.2207,-0.048,1.9203,2.9871,6772.9,15650,10000.0
8475768,Jaden Schwartz,SEA,20102025,0.1934,0.1112,0.0822,0.1223,0.0236,1.433,2.7364,9961.0,21039,10000.0
8479344,Jesse Puljujarvi,FLA,20102025,0.1929,0.1842,0.0087,0.0968,-0.0079,1.3066,2.8467,3945.7,7141,10000.0
8474681,Andrei Loktionov,CAR,20102025,0.1918,0.01,0.1817,0.0068,0.1826,0.8607,2.1801,1446.3,2732,10000.0
8470543,Chris Kunitz,CHI,20102025,0.191,0.0764,0.1146,0.0638,0.1046,1.1431,2.4529,7700.4,15335,10000.0
8473999,Nick Palmieri,MIN,20102025,0.1908,0.0428,0.148,0.0436,0.1488,1.0432,2.2982,779.3,1443,10000.0
8467393,Jarkko Ruutu,ANA,20102025,0.1905,-0.0409,0.2314,-0.0427,0.2316,0.6156,2.0087,566.6,1176,10000.0
8482149,Cole Perfetti,WPG,20102025,0.1904,0.1039,0.0865,0.1265,0.0573,1.4536,2.6185,2143.3,4192,10000.0
8475266,Tomas Vincour,COL,20102025,0.189,0.0016,0.1874,0.0044,0.1856,0.8488,2.1696,711.7,1320,10000.0
8479944,Zach Aston-Reese,CBJ,20102025,0.1885,0.0571,0.1314,0.0296,0.0415,0.9737,2.6737,3574.0,7685,10000.0
8457981,Teemu Selanne,ANA,20102025,0.1881,0.1698,0.0183,0.1713,0.0279,1.6755,2.7214,3126.1,5860,10000.0
8467875,Daniel Sedin,VAN,20102025,0.1873,0.1384,0.0488,0.1439,0.0624,1.5402,2.6008,7100.2,15216,10000.0
8481560,Arthur Kaliyev,NYR,20102025,0.1872,0.182,0.0053,0.165,0.0063,1.6445,2.7968,1638.2,3391,10000.0
8473618,Mathieu Perreault,MTL,20102025,0.187,0.0649,0.1221,0.0619,0.0836,1.1337,2.5264,6724.8,13144,10000.0
8475820,Joonas Donskoi,SEA,20102025,0.1866,0.0697,0.1169,0.0691,0.0749,1.1695,2.5571,5217.4,10809,10000.0
8480113,Alex Iafallo,WPG,20102025,0.1864,0.0626,0.1238,0.0951,0.0487,1.2982,2.6487,6356.9,13191,10000.0
8474685,Matt Calvert,COL,20102025,0.1862,0.0904,0.0958,0.0589,0.0831,1.1192,2.5283,5599.5,11652,10000.0
8478010,Brayden Point,TBL,20102025,0.1861,0.2505,-0.0644,0.2614,-0.0386,2.122,2.9541,8518.6,16524,10000.0
8466398,Tom Kostopoulos,NJD,20102025,0.1853,-0.0088,0.1941,-0.0154,0.1946,0.7509,2.1381,1394.0,2850,10000.0
8482124,Quinton Byfield,LAK,20102025,0.1844,0.1077,0.0767,0.1195,0.0427,1.4192,2.6695,2812.6,5598,10000.0
8474582,Mattias Tedenby,NJD,20102025,0.1835,0.0176,0.1659,0.0177,0.168,0.9148,2.2313,981.2,1926,10000.0
8473588,Erik Condra,DAL,20102025,0.1822,0.0313,0.1509,0.0195,0.1415,0.9237,2.3239,3314.4,7423,10000.0
8476116,Ryan Garbutt,ANA,20102025,0.1812,0.0747,0.1065,0.0629,0.1047,1.139,2.4528,2553.5,5573,10000.0
8475220,Marcus Foligno,MIN,20102025,0.1811,0.0183,0.1628,0.0261,0.1236,0.9565,2.3865,8653.6,16559,10000.0
8478975,Mason Marchment,DAL,20102025,0.1808,0.2409,-0.06,0.1323,-0.0463,1.4824,2.9809,3560.2,6877,10000.0
8478038,Devon Toews,COL,20102025,0.1805,0.0186,0.1619,-0.0751,0.0616,0.4552,2.6034,7791.6,15119,10000.0
8477939,William Nylander,TOR,20102025,0.1805,0.2992,-0.1187,0.2301,-0.0945,1.9669,3.1495,7878.4,16479,10000.0
8475810,Bryan Rust,PIT,20102025,0.1797,0.2588,-0.0791,0.2056,-0.0487,1.8457,2.9895,7657.6,16558,10000.0
8479591,Michael Eyssimont,SEA,20102025,0.1795,0.1842,-0.0047,0.1029,-0.0093,1.3369,2.8516,1786.6,3571,10000.0
8470621,Corey Perry,EDM,20102025,0.1789,0.156,0.0229,0.1837,0.018,1.7373,2.7561,12450.0,24568,10000.0
8475191,Reilly Smith,VGK,20102025,0.1789,0.1621,0.0168,0.1349,0.0051,1.4955,2.8011,10606.7,22518,10000.0
8474613,Derek Stepan,CAR,20102025,0.1784,0.1305,0.0479,0.0862,0.0342,1.2544,2.6992,10280.8,23116,10000.0
8481186,Logan O'Connor,COL,20102025,0.1779,0.0716,0.1063,0.0617,0.0733,1.1327,2.5626,3142.2,7129,10000.0
8480829,Jesperi Kotkaniemi,CAR,20102025,0.1773,0.1178,0.0595,0.0643,0.0496,1.1457,2.6453,4962.9,9922,10000.0
8470597,Nikolay Zherdev,PHI,20102025,0.177,0.1559,0.0211,0.1514,0.0215,1.577,2.7437,605.6,1078,10000.0
8466393,Pascal Dupuis,PIT,20102025,0.1763,0.0836,0.0927,0.0782,0.0994,1.2146,2.4713,3449.7,6742,10000.0
8471215,Evgeni Malkin,PIT,20102025,0.1762,0.2705,-0.0943,0.1713,-0.0365,1.6755,2.9468,11159.6,22707,10000.0
8474176,Carl Hagelin,WSH,20102025,0.1756,0.0807,0.0949,0.0329,0.0784,0.9903,2.5447,8718.6,18263,10000.0
8466138,Joe Thornton,FLA,20102025,0.1754,0.0824,0.0931,-0.0166,0.0643,0.7448,2.5939,9712.8,21207,10000.0
8474586,Jordan Eberle,SEA,20102025,0.1751,0.2219,-0.0469,0.1456,-0.0378,1.5484,2.9512,12476.7,24457,10000.0
8459687,Scott Nichol,STL,20102025,0.1748,-0.0313,0.206,-0.0294,0.2056,0.6817,2.0997,1114.5,2933,10000.0
8479323,Adam Fox,NYR,20102025,0.1746,0.0838,0.0909,-0.0533,-0.0153,0.5635,2.8726,6221.7,12527,10000.0
8482720,Matthew Knies,TOR,20102025,0.1744,0.136,0.0384,0.179,0.0062,1.7138,2.7972,1782.3,3785,10000.0
8473537,Viktor Stalberg,OTT,20102025,0.1738,0.0993,0.0745,0.0723,0.0706,1.1854,2.572,4540.9,9156,10000.0
8475250,Andrej Nestrasil,CAR,20102025,0.1733,0.057,0.1163,0.05,0.1094,1.0749,2.4363,1231.2,2351,10000.0
8477901,Daniel Carr,WSH,20102025,0.1733,0.0697,0.1037,0.0568,0.105,1.1086,2.4515,983.9,1870,10000.0
8471311,Tyler Kennedy,NJD,20102025,0.173,0.0678,0.1051,0.0507,0.1071,1.0784,2.4444,3491.1,6465,10000.0
8477496,Elias Lindholm,BOS,20102025,0.1718,0.1409,0.031,0.1589,-0.0035,1.6145,2.8312,9685.2,22810,10000.0
8467370,Mike Fisher,NSH,20102025,0.1711,0.0143,0.1569,0.0396,0.151,1.0234,2.2906,6033.2,13432,10000.0
8470662,Colin Fraser,STL,20102025,0.1708,-0.0235,0.1943,-0.0217,0.193,0.7199,2.1438,1475.6,3327,10000.0
8470616,Ryan Kesler,ANA,20102025,0.1694,0.155,0.0145,0.128,0.0411,1.4613,2.675,7572.9,17631,10000.0
8470230,Daniel Paille,NYR,20102025,0.169,0.0074,0.1617,0.0107,0.1615,0.8804,2.254,2858.1,5847,10000.0
8459444,Todd Bertuzzi,DET,20102025,0.1689,0.0792,0.0898,0.0761,0.0942,1.2039,2.4895,2531.4,5001,10000.0
8484145,Zach Benson,BUF,20102025,0.1689,0.0798,0.0891,0.1088,0.0103,1.366,2.783,1297.4,2712,10000.0
8471234,Wojtek Wolski,WSH,20102025,0.1686,0.1346,0.034,0.1321,0.0374,1.4814,2.6883,1295.2,2376,10000.0
8471371,Mike Brown,MTL,20102025,0.1674,0.005,0.1624,0.0059,0.1556,0.8565,2.2747,1646.2,3431,10000.0
8475172,Nazem Kadri,CGY,20102025,0.1674,0.2403,-0.073,0.2139,-0.056,1.8865,3.0151,10769.0,22777,10000.0
8470358,Alexandre Burrows,OTT,20102025,0.1658,0.0809,0.085,0.0874,0.0707,1.2602,2.5717,5800.1,13699,10000.0
8476381,Andrew Shaw,CHI,20102025,0.1655,0.15,0.0155,0.1121,0.0358,1.3826,2.6938,5894.6,12187,10000.0
8481535,Nils Hoglander,VAN,20102025,0.1649,0.0659,0.0989,0.0903,0.0207,1.2745,2.7466,2661.2,5488,10000.0
8468083,Henrik Zetterberg,DET,20102025,0.1645,0.0772,0.0873,0.0805,0.0616,1.2258,2.6035,7391.0,14905,10000.0
8479520,Brandon Duhaime,WSH,20102025,0.1637,0.1004,0.0634,0.0492,0.0241,1.0708,2.7346,2385.1,5271,10000.0
8468482,Dany Heatley,ANA,20102025,0.1635,0.1207,0.0428,0.1278,0.0561,1.4603,2.6227,3387.1,7012,10000.0
8478843,Denis Malgin,COL,20102025,0.1624,0.0928,0.0696,0.0633,0.0387,1.1408,2.6837,2251.6,4407,10000.0
8477934,Leon Draisaitl,EDM,20102025,0.1622,0.2649,-0.1027,0.1901,-0.0583,1.7686,3.0228,10831.1,20091,10000.0
8469485,Derek Roy,EDM,20102025,0.1619,0.1229,0.039,0.112,0.0515,1.3819,2.6389,3172.3,6654,10000.0
8480012,Elias Pettersson,VAN,20102025,0.1616,0.0993,0.0623,0.182,0.0207,1.7286,2.7464,5053.9,11597,10000.0
8476539,Jonathan Marchessault,NSH,20102025,0.1611,0.1785,-0.0174,0.1912,-0.0034,1.7743,2.8308,8623.5,16367,10000.0
8475247,Michael Latta,WSH,20102025,0.1609,-0.0485,0.2094,-0.0533,0.2054,0.5631,2.1004,731.3,1348,10000.0
8477931,Tomas Nosek,FLA,20102025,0.1594,0.1327,0.0268,0.0417,0.0276,1.0339,2.7225,4212.1,9243,10000.0
8468704,Antti Miettinen,WPG,20102025,0.1593,0.0857,0.0736,0.0851,0.0773,1.2488,2.5485,1311.3,2799,10000.0
8458537,Ray Whitney,DAL,20102025,0.1587,0.1388,0.0199,0.1267,0.0236,1.4549,2.7364,2919.0,5765,10000.0
8482702,Logan Stankoven,CAR,20102025,0.1581,0.2309,-0.0728,0.1804,-0.0509,1.7206,2.9973,1283.0,2565,10000.0
8470599,Milan Michalek,TOR,20102025,0.1579,0.1253,0.0326,0.1298,0.0378,1.4701,2.6866,4067.4,9098,10000.0
8474037,James van Riemsdyk,CBJ,20102025,0.1565,0.2338,-0.0773,0.1804,-0.055,1.7208,3.0114,10754.8,22350,10000.0
8468515,Brad Winchester,SJS,20102025,0.1564,0.0248,0.1316,0.0256,0.132,0.9538,2.357,980.2,2067,10000.0
8471220,Rostislav Olesz,NJD,20102025,0.156,-0.0115,0.1675,-0.0119,0.1657,0.7684,2.2392,531.0,1098,10000.0
8472368,Chris Conner,WSH,20102025,0.156,0.015,0.141,0.0146,0.1407,0.8996,2.3268,958.6,1641,10000.0
8477413,Sven Andrighetto,COL,20102025,0.1553,0.0269,0.1284,0.0471,0.1008,1.0607,2.4661,1976.8,3886,10000.0
8480220,Noah Cates,PHI,20102025,0.1553,0.0787,0.0766,0.0705,0.0186,1.1762,2.7538,2191.9,5220,10000.0
8476468,J.T. Miller,NYR,20102025,0.1551,0.1733,-0.0182,0.1583,-0.0375,1.6112,2.9502,9733.1,21692,10000.0
8476406,Nicholas Shore,WPG,20102025,0.1548,-0.0123,0.1671,-0.0118,0.1506,0.7688,2.292,2484.2,5167,10000.0
8476806,J.T. Brown,MIN,20102025,0.1547,-0.0148,0.1695,-0.0064,0.162,0.7953,2.2521,3344.5,6326,10000.0
8467925,Adam Hall,PHI,20102025,0.1529,-0.0034,0.1563,0.0012,0.1547,0.8329,2.2778,2051.2,5320,10000.0
8469664,David Moss,ARI,20102025,0.1521,0.0894,0.0628,0.078,0.067,1.2137,2.5844,2530.6,5769,10000.0
8475714,Calle Jarnkrok,TOR,20102025,0.1518,0.0583,0.0936,0.0599,0.0439,1.1237,2.6655,7882.7,17907,10000.0
8476880,Tom Wilson,WSH,20102025,0.1518,0.0771,0.0747,0.1237,-0.0047,1.4399,2.8353,8887.4,18193,10000.0
8480803,Evan Bouchard,EDM,20102025,0.1515,0.1022,0.0492,-0.0319,0.0181,0.669,2.7556,5356.7,9450,10000.0
8475760,Nick Bjugstad,UTA,20102025,0.1511,0.2097,-0.0586,0.1344,-0.0574,1.4931,3.0197,7558.2,15786,10000.0
8475784,Jeff Skinner,EDM,20102025,0.1511,0.2839,-0.1328,0.2104,-0.0982,1.8694,3.1626,11418.5,22577,10000.0
8481532,Alex Turcotte,LAK,20102025,0.1499,0.0208,0.1291,0.0443,0.1024,1.0466,2.4608,796.4,1505,10000.0
8478866,Dominik Simon,ANA,20102025,0.1496,0.0458,0.1038,0.0142,0.083,0.8977,2.5285,2440.3,4592,10000.0
8474739,Tommy Wingels,BOS,20102025,0.1493,0.0672,0.0821,0.0456,0.0765,1.0533,2.5514,4567.8,10039,10000.0
8469581,Kyle Wellwood,WPG,20102025,0.1492,0.0367,0.1126,0.0238,0.1133,0.9453,2.4227,1700.8,3042,10000.0
8468486,Scott Hartnell,NSH,20102025,0.149,0.111,0.038,0.0835,0.0503,1.2407,2.6429,6234.4,12368,10000.0
8477464,Nic Petan,MIN,20102025,0.1489,0.0327,0.1162,0.0354,0.0979,1.0028,2.4765,1165.0,2372,10000.0
8469638,Jussi Jokinen,VAN,20102025,0.1485,0.0578,0.0908,0.0459,0.0702,1.0548,2.5733,5786.9,13169,10000.0
8478904,Steven Lorentz,TOR,20102025,0.1484,0.0966,0.0518,0.0474,0.0265,1.0618,2.7264,2538.2,5470,10000.0
8471636,Tim Sestito,NJD,20102025,0.1477,-0.0751,0.2228,-0.0695,0.2207,0.4828,2.0469,641.5,1306,10000.0
8477402,Pavel Buchnevich,STL,20102025,0.1476,0.1889,-0.0413,0.1407,-0.0796,1.5243,3.0974,6250.7,13409,10000.0
8480078,Filip Chytil,VAN,20102025,0.1475,0.209,-0.0615,0.1426,-0.0753,1.5338,3.0825,3991.6,7470,10000.0
8476430,Tomas Jurco,VGK,20102025,0.1475,0.0299,0.1176,0.0337,0.102,0.9941,2.4621,1889.8,3701,10000.0
8476177,Matt Read,MIN,20102025,0.1465,0.0415,0.105,0.0546,0.0997,1.0977,2.4702,4626.7,10299,10000.0
8475343,Nic Dowd,WSH,20102025,0.1462,0.0463,0.0999,0.0076,0.0558,0.865,2.6236,5166.8,11389,10000.0
8468208,Joel Ward,SJS,20102025,0.1461,0.0697,0.0764,0.0524,0.081,1.0868,2.5356,6459.7,13846,10000.0
8469639,Brooks Laich,LAK,20102025,0.146,0.0529,0.0932,0.052,0.1018,1.085,2.4629,4000.4,9156,10000.0
8459461,Brendan Morrison,CHI,20102025,0.146,0.0129,0.133,0.0122,0.1335,0.8878,2.3518,1013.0,2148,10000.0
8467988,Ryan Malone,NYR,20102025,0.1455,0.0859,0.0596,0.0812,0.0604,1.2294,2.6078,2214.1,4451,10000.0
8482679,Matt Coronato,CGY,20102025,0.1447,0.0784,0.0664,0.1226,0.0364,1.4343,2.6918,1064.4,2149,10000.0
8476447,Miikka Salomaki,NSH,20102025,0.1446,-0.0484,0.193,-0.0313,0.175,0.6722,2.2065,1617.0,3190,10000.0
8469455,Jason Spezza,TOR,20102025,0.1444,0.1145,0.0299,0.0999,0.0225,1.3222,2.7403,7729.6,17381,10000.0
8479365,Trent Frederic,EDM,20102025,0.1442,0.1824,-0.0382,0.0637,0.0018,1.1427,2.8126,3251.8,6620,10000.0
8476389,Vincent Trocheck,NYR,20102025,0.1441,0.2365,-0.0924,0.2031,-0.0752,1.8334,3.0823,9326.5,19540,10000.0
8478137,Jiri Sekac,ARI,20102025,0.1437,-0.0226,0.1663,-0.0124,0.1633,0.7656,2.2476,1084.3,1994,10000.0
8458590,Mike Knuble,PHI,20102025,0.143,0.0732,0.0698,0.0736,0.0716,1.192,2.5683,1962.3,3841,10000.0
8468504,Brad Boyes,TOR,20102025,0.1429,0.1231,0.0198,0.1194,0.0322,1.4187,2.7063,4313.0,8407,10000.0
8467396,Erik Cole,DET,20102025,0.1427,0.1469,-0.0042,0.1401,0.0017,1.5211,2.813,3617.7,7938,10000.0
8470120,Alexander Semin,MTL,20102025,0.1425,0.131,0.0116,0.1216,0.0175,1.4297,2.7577,3888.3,7489,10000.0
8474001,TJ Galiardi,WPG,20102025,0.1425,0.0329,0.1096,0.0276,0.1104,0.9641,2.4328,2375.1,5017,10000.0
8472379,Tim Stapleton,WPG,20102025,0.142,0.0571,0.085,0.0538,0.0852,1.0937,2.521,800.8,1641,10000.0
8476410,Josh Leivo,STL,20102025,0.1416,0.1381,0.0035,0.1045,-0.0153,1.3448,2.8727,2179.1,4559,10000.0
8476456,Jonathan Huberdeau,CGY,20102025,0.1416,0.1724,-0.0308,0.1293,-0.0278,1.4676,2.9163,10133.5,20802,10000.0
8477946,Dylan Larkin,DET,20102025,0.1415,0.1779,-0.0364,0.1981,-0.0814,1.8086,3.1038,8370.9,17108,10000.0
8470274,Chris Higgins,VAN,20102025,0.1413,0.118,0.0233,0.1105,0.0369,1.3746,2.6897,4118.8,9335,10000.0
8466140,Olli Jokinen,STL,20102025,0.1412,0.0909,0.0503,0.0867,0.0667,1.2565,2.5856,3828.0,7654,10000.0
8465166,Craig Adams,PIT,20102025,0.1411,-0.0588,0.1999,-0.0446,0.201,0.6064,2.1156,2649.2,6173,10000.0
8470612,Ryan Getzlaf,ANA,20102025,0.1408,0.0356,0.1052,0.0333,0.0582,0.9921,2.6153,10635.5,21278,10000.0
8478462,Nicolas Roy,VGK,20102025,0.1407,0.1718,-0.0311,0.1242,0.0009,1.4424,2.8158,4153.4,8815,10000.0
8471634,Ryan Shannon,TBL,20102025,0.1401,0.0056,0.1345,0.005,0.1345,0.852,2.3482,1031.9,2004,10000.0
8459640,Michael Grier,BUF,20102025,0.1398,-0.0114,0.1512,-0.0139,0.1497,0.7582,2.2951,703.0,1473,10000.0
8470606,Dustin Brown,LAK,20102025,0.1397,0.1153,0.0244,0.1107,0.0448,1.3754,2.6623,10689.6,21937,10000.0
8460719,Steve Sullivan,NJD,20102025,0.1391,0.0869,0.0522,0.0834,0.0572,1.2402,2.6189,1660.8,3433,10000.0
8470617,Mike Richards,WSH,20102025,0.1389,0.1277,0.0112,0.1125,0.0359,1.3844,2.6933,4444.8,10635,10000.0
8481019,David Gustafsson,WPG,20102025,0.1387,-0.0346,0.1732,-0.009,0.1494,0.7826,2.2963,927.6,2025,10000.0
8477010,Joseph Blandisi,PIT,20102025,0.1385,-0.0102,0.1487,-0.0028,0.1359,0.8134,2.3436,867.3,1692,10000.0
8484387,Matvei Michkov,PHI,20102025,0.1382,0.2332,-0.095,0.2081,-0.0814,1.858,3.1038,711.2,1502,10000.0
8473412,Bryan Little,WPG,20102025,0.1381,0.0875,0.0507,0.0886,0.0333,1.2659,2.7025,7349.8,16221,10000.0
8462036,Daymond Langkow,PHX,20102025,0.1376,0.0466,0.091,0.0471,0.089,1.0603,2.5077,926.5,1872,10000.0
8462077,Jochen Hecht,BUF,20102025,0.1376,0.0762,0.0615,0.0705,0.0638,1.1762,2.5958,1392.3,2896,10000.0
8469521,Tomas Plekanec,MTL,20102025,0.1369,0.0452,0.0917,0.0592,0.0937,1.1202,2.4911,7240.1,17132,10000.0
8471691,Martin Hanzal,DAL,20102025,0.1368,0.0972,0.0396,0.1067,0.0354,1.356,2.6952,4825.1,10903,10000.0
8467878,Tim Connolly,TOR,20102025,0.1365,0.0546,0.0819,0.0544,0.0808,1.0965,2.5364,1411.3,3308,10000.0
8478438,Thomas Novak,PIT,20102025,0.1364,0.1678,-0.0314,0.0946,-0.0341,1.2958,2.9383,1742.7,3571,10000.0
8466160,Brenden Morrow,TBL,20102025,0.1361,0.0139,0.1222,0.0175,0.127,0.9142,2.3747,3395.6,6627,10000.0
8471851,Matt D'Agostini,BUF,20102025,0.1358,0.0649,0.0709,0.0623,0.074,1.1358,2.5602,2228.7,4483,10000.0
8466149,Daniel Cleary,DET,20102025,0.1356,0.0911,0.0445,0.0727,0.0528,1.1875,2.6344,2859.2,6228,10000.0
8477038,Nikita Gusev,FLA,20102025,0.1354,0.1695,-0.0341,0.1713,-0.0343,1.6755,2.939,879.7,1710,10000.0
8483570,Ben Meyers,SEA,20102025,0.1349,0.0569,0.078,0.0504,0.0457,1.077,2.659,529.3,1045,10000.0
8469454,Ilya Kovalchuk,WSH,20102025,0.1343,0.0874,0.047,0.1282,0.0555,1.4623,2.6248,4095.8,7730,10000.0
8475147,Jordan Schroeder,CBJ,20102025,0.1334,0.0022,0.1312,0.0026,0.1308,0.8402,2.3614,1312.1,2538,10000.0
8476346,Johnny Gaudreau,CBJ,20102025,0.1334,0.1839,-0.0505,0.1247,-0.0811,1.4449,3.1029,9158.3,18085,10000.0
8475958,Michael Sgarbossa,WSH,20102025,0.1333,0.032,0.1013,0.0303,0.0802,0.9773,2.5384,692.4,1379,10000.0
8470619,Brian Boyle,PIT,20102025,0.1327,0.0585,0.0742,0.0821,0.0721,1.2339,2.5668,7543.3,16492,10000.0
8475157,Landon Ferraro,MIN,20102025,0.1325,0.0385,0.094,0.0389,0.093,1.0198,2.4936,612.9,1286,10000.0
8473492,Matt Beleskey,NYR,20102025,0.1324,0.0565,0.0759,0.048,0.0778,1.0652,2.5468,4255.4,7964,10000.0
8470667,Clarke MacArthur,OTT,20102025,0.1321,0.0969,0.0353,0.0835,0.0314,1.2409,2.7092,3866.2,7992,10000.0
8475745,Charlie Coyle,COL,20102025,0.132,0.0831,0.0489,0.0937,0.045,1.2915,2.6615,10861.2,23306,10000.0
8471346,Kris Versteeg,CGY,20102025,0.132,0.0534,0.0786,0.0654,0.0746,1.1511,2.5579,5385.2,10904,10000.0
8474569,Colin Wilson,COL,20102025,0.1319,0.0529,0.079,0.057,0.0806,1.1097,2.5371,6554.8,12854,10000.0
8476393,Nick Cousins,OTT,20102025,0.131,0.0753,0.0557,0.0426,0.0115,1.0381,2.7787,6141.9,12057,10000.0
8476310,Lukas Sedlak,PHI,20102025,0.131,0.0738,0.0572,0.0564,0.0491,1.1065,2.6473,1383.6,2843,10000.0
8470153,Pierre-Marc Bouchard,NYI,20102025,0.1305,0.073,0.0575,0.0688,0.0615,1.1679,2.6039,1634.5,3409,10000.0
8471208,Dustin Penner,WSH,20102025,0.1303,0.0618,0.0685,0.0544,0.0754,1.0967,2.555,3001.3,5971,10000.0
8479972,Mason Shaw,MIN,20102025,0.1302,-0.0031,0.1333,-0.007,0.1169,0.7926,2.41,549.3,1101,10000.0
8477451,Ryan Hartman,MIN,20102025,0.1297,0.1675,-0.0378,0.1154,0.0158,1.3989,2.7637,6631.8,12299,10000.0
8480459,Pius Suter,VAN,20102025,0.1296,0.0786,0.051,0.1215,-0.0259,1.4291,2.9096,3575.8,7699,10000.0
8474100,Dwight King,MTL,20102025,0.1293,0.0037,0.1255,-0.0019,0.1229,0.8179,2.389,4468.6,8455,10000.0
8475185,Jacob Josefson,BUF,20102025,0.129,0.0539,0.0752,0.0591,0.0809,1.1198,2.5359,2675.8,5903,10000.0
8471185,Curtis Glencross,WSH,20102025,0.1289,0.076,0.0528,0.0762,0.0618,1.2048,2.6027,3170.8,6919,10000.0
8477021,Alexander Kerfoot,UTA,20102025,0.1282,0.1654,-0.0372,0.0614,-0.0451,1.1314,2.9769,5925.4,13050,10000.0
8476854,Hampus Lindholm,BOS,20102025,0.1281,-0.0043,0.1324,-0.0927,0.0522,0.368,2.6362,11593.0,22937,10000.0
8474498,Jesse Winchester,FLA,20102025,0.1278,0.0829,0.045,0.0797,0.0466,1.222,2.6559,1230.4,2711,10000.0
8478421,A.J. Greer,FLA,20102025,0.1272,0.1112,0.016,0.0534,0.0248,1.0916,2.7324,1605.1,3417,10000.0
8481789,Tye Kartye,SEA,20102025,0.127,0.0536,0.0734,0.0363,0.0514,1.0069,2.6391,1149.5,2245,10000.0
8478057,Dakota Joshua,VAN,20102025,0.1266,0.1731,-0.0465,0.0816,-0.0207,1.2314,2.8914,2041.2,4653,10000.0
8474025,Eric Tangradi,NJD,20102025,0.1265,0.0279,0.0986,0.0228,0.1019,0.94,2.4626,1094.0,1911,10000.0
8475794,Tyler Seguin,DAL,20102025,0.1265,0.2247,-0.0982,0.2037,-0.0518,1.8363,3.0003,12360.9,26575,10000.0
8469483,David Steckel,ANA,20102025,0.1265,-0.0066,0.133,-0.0098,0.132,0.7787,2.3573,1516.6,3532,10000.0
8479638,Justin Brazeau,MIN,20102025,0.1258,0.1004,0.0253,0.1124,0.0012,1.3839,2.8149,824.8,1788,10000.0
8464975,Daniel Briere,COL,20102025,0.1254,0.1231,0.0023,0.1241,0.01,1.4419,2.7839,3420.4,6716,10000.0
8475160,Kyle Clifford,TOR,20102025,0.1253,0.0401,0.0853,0.0303,0.0797,0.9773,2.54,6329.5,11764,10000.0
8478403,Jack Eichel,VGK,20102025,0.1253,0.1241,0.0012,0.1705,-0.0021,1.6718,2.8264,7682.4,14659,10000.0
8476918,Jimmy Vesey,COL,20102025,0.125,0.1112,0.0138,0.053,-0.0268,1.0898,2.9127,5963.4,12058,10000.0
8458529,Alex Kovalev,FLA,20102025,0.1249,0.1003,0.0246,0.1038,0.028,1.3411,2.721,981.5,1738,10000.0
8474609,Luke Adam,CBJ,20102025,0.1236,0.0788,0.0448,0.0841,0.0468,1.2438,2.6553,754.9,1432,10000.0
8471254,Bryan Bickell,CAR,20102025,0.1234,0.0266,0.0967,0.0072,0.0936,0.8629,2.4913,4065.3,8015,10000.0
8472355,Rod Pelley,ANA,20102025,0.1233,-0.0272,0.1505,-0.0246,0.1519,0.7056,2.2876,928.6,1876,10000.0
8475770,Emerson Etem,ANA,20102025,0.1223,0.0666,0.0557,0.0534,0.0612,1.0918,2.605,1756.2,3288,10000.0
8478131,Ondrej Kase,CAR,20102025,0.122,0.1045,0.0175,0.1281,0.0024,1.4617,2.8105,2784.6,5539,10000.0
8478046,Danton Heinen,PIT,20102025,0.1211,0.0766,0.0445,0.0678,0.0093,1.1632,2.7864,5552.2,11128,10000.0
8462129,Michal Handzus,CHI,20102025,0.121,0.02,0.1011,0.0161,0.103,0.9072,2.4586,2714.9,6600,10000.0
8467844,Jason Blake,ANA,20102025,0.1209,0.1069,0.014,0.1065,0.0175,1.3548,2.7579,1372.0,2457,10000.0
8470871,Chris Porter,MIN,20102025,0.1203,-0.0094,0.1296,-0.0054,0.1299,0.8004,2.3644,1853.8,3905,10000.0
8473970,Rob Klinkhammer,EDM,20102025,0.1203,0.0009,0.1194,0.0017,0.1187,0.8355,2.4036,1649.7,3122,10000.0
8475192,Taylor Beck,NYR,20102025,0.1201,-0.0259,0.146,-0.0164,0.1461,0.746,2.3079,874.9,1765,10000.0
8474189,Lars Eller,WSH,20102025,0.12,0.0999,0.0201,0.0582,0.0268,1.1153,2.7254,11574.0,24572,10000.0
8468224,Sean Avery,NYR,20102025,0.1198,0.1125,0.0073,0.1082,0.009,1.3634,2.7876,754.4,1330,10000.0
8482155,Alex Laferriere,LAK,20102025,0.1184,0.1483,-0.0299,0.153,0.0056,1.5851,2.7995,1669.2,3034,10000.0
8467329,Vincent Lecavalier,LAK,20102025,0.1178,0.1013,0.0165,0.1104,0.029,1.3741,2.7174,3788.8,7686,10000.0
8478420,Mikko Rantanen,DAL,20102025,0.117,0.1926,-0.0757,0.1633,-0.0153,1.6361,2.8724,9145.7,17335,10000.0
8477416,Oliver Bjorkstrand,TBL,20102025,0.1169,0.1105,0.0063,0.1358,-0.0245,1.4996,2.9048,6757.5,12680,10000.0
8481068,Yegor Sharangovich,CGY,20102025,0.1161,0.1536,-0.0375,0.1467,-0.0267,1.5539,2.9126,3434.0,7587,10000.0
8474625,Jimmy Hayes,NJD,20102025,0.116,0.0604,0.0556,0.0818,0.0519,1.2322,2.6373,2917.3,5397,10000.0
8473600,Benn Ferriero,VAN,20102025,0.1155,0.0351,0.0804,0.0314,0.082,0.9828,2.5322,710.9,1371,10000.0
8470039,Tomas Fleischmann,CHI,20102025,0.115,0.074,0.041,0.0674,0.0547,1.1612,2.6276,4411.2,9344,10000.0
8480069,Cale Makar,COL,20102025,0.1149,0.0508,0.0641,0.0143,0.0513,0.8981,2.6394,6518.1,12652,10000.0
8475184,Chris Kreider,NYR,20102025,0.1146,0.1772,-0.0626,0.2557,-0.0779,2.0938,3.0914,10099.9,21948,10000.0
8470740,Lee Stempniak,BOS,20102025,0.1145,0.0728,0.0417,0.083,0.0412,1.2383,2.6749,5816.5,11849,10000.0
8480068,Ryan Poehling,PHI,20102025,0.1141,0.0774,0.0367,0.0597,0.0197,1.123,2.75,2244.2,5195,10000.0
8467899,Martin Havlat,STL,20102025,0.114,0.0749,0.0391,0.0754,0.0526,1.2009,2.635,2671.2,5498,10000.0
8476927,Teddy Blueger,VAN,20102025,0.1137,0.0624,0.0513,0.0254,0.0371,0.9529,2.6892,3977.0,9211,10000.0
8467463,Mikael Samuelsson,DET,20102025,0.1134,0.0714,0.042,0.0655,0.0462,1.1519,2.6573,1791.2,3748,10000.0
8480015,Owen Tippett,PHI,20102025,0.1129,0.1599,-0.0469,0.1654,-0.0479,1.6463,2.9865,3305.8,7047,10000.0
8482110,Dawson Mercer,NJD,20102025,0.1129,0.1887,-0.0758,0.1476,-0.057,1.5581,3.0183,3378.0,7540,10000.0
8467330,David Legwand,BUF,20102025,0.1127,0.0109,0.1018,0.0144,0.1079,0.8985,2.4413,4471.1,10107,10000.0
8470778,Drew Miller,DET,20102025,0.1127,0.019,0.0937,0.0054,0.0947,0.8537,2.4876,3790.0,8465,10000.0
8474095,Dana Tyrell,CBJ,20102025,0.1124,-0.0408,0.1532,-0.0408,0.1514,0.6252,2.2894,1090.6,2430,10000.0
8473564,Michael Frolik,MTL,20102025,0.1121,0.0425,0.0696,0.0468,0.0616,1.0591,2.6034,7514.9,15578,10000.0
8474094,Matt Halischuk,WPG,20102025,0.1116,0.0353,0.0763,0.0336,0.0791,0.9939,2.5422,2178.4,4383,10000.0
8476438,Brandon Saad,VGK,20102025,0.1107,0.1876,-0.0769,0.1242,-0.0662,1.4424,3.0506,10855.3,22806,10000.0
8478020,Michael Amadio,OTT,20102025,0.1103,0.0434,0.0669,0.0459,0.0239,1.0546,2.7354,4028.6,7729,10000.0
8466139,Patrick Marleau,SJS,20102025,0.1098,0.1544,-0.0446,0.1325,-0.0192,1.4836,2.8862,9950.5,22264,10000.0
8469466,Ales Hemsky,MTL,20102025,0.1097,0.1074,0.0023,0.0779,0.0113,1.2131,2.7796,4140.6,8918,10000.0
8475758,Devante Smith-Pelly,WSH,20102025,0.1097,0.0336,0.0761,0.0259,0.0632,0.9556,2.598,3932.1,7713,10000.0
8469500,Michael Cammalleri,EDM,20102025,0.1097,0.1068,0.0029,0.1148,0.0151,1.3958,2.766,5442.0,10886,10000.0
8473646,Ryan Carter,MIN,20102025,0.1096,-0.0259,0.1355,-0.0125,0.1416,0.7654,2.3235,2818.1,5990,10000.0
8474068,Kyle Turris,EDM,20102025,0.1092,0.0668,0.0424,0.0817,0.0433,1.2321,2.6673,8065.2,16705,10000.0
8469779,Keith Aucoin,STL,20102025,0.1091,0.0091,0.0999,0.0051,0.0987,0.8525,2.4735,750.9,1401,10000.0
8475619,Aaron Volpatti,WSH,20102025,0.109,-0.0494,0.1584,-0.0479,0.1584,0.5899,2.2648,705.3,1287,10000.0
8479974,Nolan Patrick,VGK,20102025,0.109,0.0864,0.0226,0.0705,0.0009,1.1767,2.8158,2145.7,4444,10000.0
8473558,Cory Emmerton,DET,20102025,0.1089,-0.0236,0.1325,-0.0206,0.1331,0.7254,2.3532,989.8,2106,10000.0
8478466,Daniel Sprong,NJD,20102025,0.1089,0.1857,-0.0769,0.1443,-0.063,1.542,3.0394,2969.1,5821,10000.0
8471390,Mike Santorelli,ANA,20102025,0.1088,0.0661,0.0427,0.0732,0.0551,1.1899,2.6263,3623.5,7097,10000.0
8474849,Antoine Roussel,ARI,20102025,0.1088,0.1013,0.0075,0.0303,0.0028,0.9772,2.8094,5576.0,12979,10000.0
8477290,Michael Raffl,DAL,20102025,0.1084,-0.004,0.1124,0.0175,0.0724,0.9137,2.5656,5958.8,12279,10000.0
8471299,Peter Regin,CHI,20102025,0.1083,0.0374,0.0708,0.0314,0.0734,0.9827,2.5621,1384.8,2723,10000.0
8474061,Anthony Peluso,CGY,20102025,0.1083,-0.0463,0.1546,-0.0362,0.153,0.648,2.2838,668.2,1286,10000.0
8481641,Joel Kiviranta,COL,20102025,0.108,0.0616,0.0464,0.0315,0.0366,0.9832,2.6911,2627.4,5983,10000.0
8465951,Matt Cooke,MIN,20102025,0.1079,-0.0001,0.1079,-0.0021,0.1222,0.8169,2.3914,3260.7,7014,10000.0
8475772,Riley Sheahan,BUF,20102025,0.1074,-0.0073,0.1147,0.0116,0.0671,0.8847,2.5842,5926.6,13403,10000.0
8481656,Aliaksei Protas,WSH,20102025,0.107,0.116,-0.009,0.0756,-0.0216,1.2016,2.8947,2389.4,4747,10000.0
8479337,Alex DeBrincat,DET,20102025,0.107,0.2183,-0.1113,0.2218,-0.11,1.9257,3.204,6577.0,12965,10000.0
8475761,Beau Bennett,STL,20102025,0.1063,0.0202,0.0861,0.0226,0.0863,0.9392,2.5171,1954.5,3813,10000.0
8476878,Zemgus Girgensons,TBL,20102025,0.1062,-0.002,0.1083,0.0232,0.0346,0.9421,2.6981,7212.7,14780,10000.0
8470666,Daniel Carcillo,CHI,20102025,0.106,-0.0036,0.1096,-0.0092,0.1106,0.7817,2.4318,1564.8,2953,10000.0
8467389,Brad Richards,DET,20102025,0.1057,0.1316,-0.0259,0.1178,-0.0022,1.4106,2.8268,5569.4,10976,10000.0
8470852,Matt Moulson,BUF,20102025,0.1056,0.1329,-0.0273,0.1446,-0.0134,1.5434,2.866,5855.4,10800,10000.0
8470603,Andrei Kostitsyn,NSH,20102025,0.1054,0.0843,0.0211,0.0801,0.0287,1.2241,2.7187,1780.5,3377,10000.0
8465978,Shawn Thornton,FLA,20102025,0.1054,-0.0279,0.1333,-0.0106,0.1378,0.7745,2.3369,3225.1,5748,10000.0
8474646,Brandon McMillan,VAN,20102025,0.1052,0.0249,0.0804,0.0202,0.0801,0.9272,2.5388,1459.0,3276,10000.0
8475844,Kenny Agostino,TOR,20102025,0.1051,0.0393,0.0658,0.0327,0.0654,0.9892,2.5902,746.3,1449,10000.0
8480014,Gabriel Vilardi,WPG,20102025,0.1048,0.1234,-0.0185,0.1677,-0.0514,1.6581,2.9988,2923.5,5594,10000.0
8478585,Derek Ryan,EDM,20102025,0.1047,0.0593,0.0454,0.0219,0.0347,0.9359,2.6975,5278.4,12141,10000.0
8471280,Nick Johnson,BOS,20102025,0.1046,0.0379,0.0667,0.0356,0.0698,1.0037,2.5746,1045.8,1843,10000.0
8476480,Vladislav Namestnikov,WPG,20102025,0.1046,0.0375,0.0671,0.06,0.0396,1.1246,2.6803,7992.8,16284,10000.0
8470299,Erik Christensen,MIN,20102025,0.1046,0.1616,-0.057,0.1632,-0.0509,1.6354,2.997,876.1,1861,10000.0
8469467,Chuck Kobasew,PIT,20102025,0.1043,0.0005,0.1038,0.0009,0.105,0.8316,2.4516,1535.5,3200,10000.0
8470609,Steve Bernier,NYI,20102025,0.1042,0.0452,0.059,0.045,0.0667,1.0502,2.5856,3133.1,6286,10000.0
8475727,Ryan Spooner,VAN,20102025,0.1042,0.0557,0.0485,0.0637,0.0354,1.1429,2.6951,2894.3,5945,10000.0
8476907,Mackenzie MacEachern,STL,20102025,0.1041,0.0493,0.0548,0.03,0.0424,0.9758,2.6707,885.0,1740,10000.0
8477951,Nick Schmaltz,UTA,20102025,0.1037,0.1411,-0.0374,0.1273,-0.0657,1.4577,3.0488,6209.3,12796,10000.0
8470598,Thomas Vanek,DET,20102025,0.1036,0.1496,-0.046,0.1415,-0.0184,1.5279,2.8833,6834.0,13735,10000.0
8464989,Matt Cullen,PIT,20102025,0.1035,0.0302,0.0733,0.0473,0.0923,1.0616,2.4961,6357.5,14831,10000.0
8477498,Darnell Nurse,EDM,20102025,0.1034,0.082,0.0214,-0.0661,-0.0256,0.5,2.9085,11662.0,21109,10000.0
8464979,Marco Sturm,FLA,20102025,0.1025,0.0249,0.0776,0.0187,0.0806,0.9201,2.5369,887.2,1914,10000.0
8471678,Benoit Pouliot,BUF,20102025,0.1024,0.061,0.0414,0.0553,0.0437,1.1009,2.666,5256.9,11150,10000.0
8482092,Ridly Greig,OTT,20102025,0.1019,0.051,0.0509,0.0876,0.0095,1.2611,2.7858,1603.6,3898,10000.0
8474190,Wayne Simmonds,TOR,20102025,0.1018,0.117,-0.0151,0.1433,0.0003,1.5368,2.8179,8854.8,18319,10000.0
8464977,Dainius Zubrus,SJS,20102025,0.1013,-0.0292,0.1305,-0.0267,0.1362,0.6951,2.3424,4566.2,9499,10000.0
8464967,Marty Reasoner,NYI,20102025,0.1013,0.0331,0.0682,0.026,0.0679,0.9562,2.5813,1618.8,3332,10000.0
8480023,Robert Thomas,STL,20102025,0.1012,0.1389,-0.0377,0.0821,-0.0648,1.2339,3.0457,5185.3,10925,10000.0
8471362,Mikhail Grabovski,NYI,20102025,0.1008,0.1374,-0.0367,0.1063,-0.0272,1.3539,2.9142,4097.8,7855,10000.0
8471266,David Booth,DET,20102025,0.1006,0.0956,0.005,0.09,0.0203,1.2732,2.748,3116.4,5975,10000.0
8471698,T.J. Oshie,WSH,20102025,0.1004,0.0843,0.016,0.1615,0.0014,1.6269,2.8142,10714.4,22785,10000.0
8478434,Keegan Kolesar,VGK,20102025,0.1,0.0886,0.0114,0.0001,0.0088,0.8275,2.7882,3524.4,6781,10000.0
8467967,Chris Kelly,ANA,20102025,0.0984,-0.0314,0.1298,-0.0169,0.1167,0.7438,2.4106,4695.3,10006,10000.0
8479390,Taylor Raddysh,WSH,20102025,0.0983,0.1337,-0.0355,0.0732,-0.0788,1.1897,3.0947,2793.1,5467,10000.0
8476469,Joel Armia,MTL,20102025,0.0983,0.0939,0.0043,0.079,-0.0292,1.2183,2.9213,5530.1,12260,10000.0
8468501,Anton Volchenkov,NSH,20102025,0.0982,-0.1312,0.2294,-0.1268,0.2276,0.1992,2.0227,3199.4,6444,10000.0
8479553,Maxim Mamin,FLA,20102025,0.098,0.1277,-0.0296,0.0724,-0.0194,1.1859,2.8869,645.3,1180,10000.0
8483808,Andrei Kuzmenko,LAK,20102025,0.098,0.1601,-0.0621,0.1529,-0.0433,1.5848,2.9706,1989.5,4163,10000.0
8477446,Michael McCarron,NSH,20102025,0.0977,0.0881,0.0096,0.034,0.0046,0.9958,2.803,2314.6,5082,10000.0
8470920,David Clarkson,CBJ,20102025,0.0976,0.0911,0.0065,0.0928,0.026,1.2868,2.728,3782.1,7389,10000.0
8478028,Fredrik Olofsson,COL,20102025,0.0975,0.0112,0.0863,0.0074,0.0659,0.864,2.5883,567.8,1268,10000.0
8478831,Kevin Stenlund,UTA,20102025,0.0966,0.0019,0.0947,0.021,0.0475,0.9312,2.6529,2397.9,5859,10000.0
8483468,Jiri Kulich,BUF,20102025,0.0964,0.1744,-0.078,0.1743,-0.0906,1.6904,3.136,560.3,1224,10000.0
8474096,Nick Spaling,SJS,20102025,0.0963,-0.0224,0.1187,-0.02,0.1207,0.7281,2.3966,4541.6,10049,10000.0
8481581,Thomas Harley,DAL,20102025,0.0955,0.0421,0.0534,-0.0623,0.008,0.5188,2.7909,3272.9,6060,10000.0
8469469,R.J. Umberger,PHI,20102025,0.0953,0.0742,0.0211,0.0691,0.0284,1.1693,2.7195,3923.9,8632,10000.0
8476442,Matt Nieto,PIT,20102025,0.0948,0.0329,0.0618,0.0106,0.0215,0.8797,2.7439,6973.9,15341,10000.0
8475690,Chris Tanev,TOR,20102025,0.0948,-0.0686,0.1634,-0.1359,0.0457,0.1539,2.6591,11792.5,26183,10000.0
8478460,Zach Werenski,CBJ,20102025,0.0947,0.0477,0.047,-0.0178,-0.0705,0.7391,3.0655,8922.6,15794,10000.0
8471681,Jack Skille,VAN,20102025,0.0944,0.0487,0.0457,0.0537,0.0445,1.0935,2.6632,2792.4,5354,10000.0
8469707,PA Parenteau,NSH,20102025,0.0936,0.1066,-0.013,0.0914,-0.0044,1.2797,2.8345,5261.1,10241,10000.0
8475149,Marcus Johansson,MIN,20102025,0.0935,0.0506,0.0429,0.0414,0.0345,1.0321,2.6983,11318.4,21678,10000.0
8483464,Marco Kasper,DET,20102025,0.0935,0.1451,-0.0516,0.1087,-0.0633,1.3654,3.0406,727.8,1487,10000.0
8482737,Zachary Bolduc,STL,20102025,0.0932,0.0292,0.0639,0.0828,0.0334,1.2374,2.7023,831.6,1700,10000.0
8477922,Melker Karlsson,SJS,20102025,0.093,-0.0027,0.0957,0.0086,0.0797,0.87,2.5403,4020.9,9091,10000.0
8477930,Pierre-Edouard Bellemare,SEA,20102025,0.093,-0.0188,0.1118,-0.0097,0.0814,0.7794,2.5341,6011.6,13721,10000.0
8471276,David Krejci,BOS,20102025,0.0929,0.0353,0.0576,0.0477,0.0478,1.0633,2.6516,10708.1,20426,10000.0
8480036,Miro Heiskanen,DAL,20102025,0.0927,-0.0209,0.1135,-0.0571,0.0552,0.5446,2.6258,8431.4,15739,10000.0
8482157,Will Cuylle,NYR,20102025,0.0925,0.1161,-0.0235,0.118,-0.043,1.4116,2.9696,1542.7,3150,10000.0
8459596,Andrew Brunette,CHI,20102025,0.0923,0.0152,0.077,0.0115,0.0825,0.8844,2.5302,1635.6,3329,10000.0
8476195,Cory Conacher,TBL,20102025,0.0922,0.0266,0.0655,0.0271,0.0686,0.9616,2.579,1780.8,3532,10000.0
8474668,Dale Weise,MTL,20102025,0.0921,-0.0116,0.1037,0.0048,0.0918,0.8511,2.4977,4350.0,8866,10000.0
8476293,Scott Wilson,BUF,20102025,0.0921,0.0281,0.064,0.0268,0.0725,0.9599,2.5654,1798.2,3534,10000.0
8482145,Mavrik Bourque,DAL,20102025,0.092,0.0597,0.0323,0.0846,0.0198,1.2461,2.7498,623.5,1249,10000.0
8477936,Michael Dal Colle,NYI,20102025,0.0918,0.0084,0.0833,0.0018,0.0598,0.836,2.6096,1058.7,1847,10000.0
8466378,Martin St. Louis,NYR,20102025,0.0918,0.0962,-0.0044,0.1082,0.0063,1.3632,2.797,5250.0,10337,10000.0
8479336,Carl Grundstrom,SJS,20102025,0.0915,0.1526,-0.0611,0.0858,-0.0617,1.2524,3.0349,2438.9,4612,10000.0
8471842,Tim Kennedy,PHX,20102025,0.0915,-0.0129,0.1045,-0.0137,0.1026,0.7595,2.4601,748.5,1375,10000.0
8475151,Kyle Palmieri,NYI,20102025,0.0912,0.1857,-0.0946,0.2033,-0.0971,1.8342,3.1587,9734.2,20055,10000.0
8476440,Markus Granlund,EDM,20102025,0.0911,0.0631,0.028,0.0656,0.0168,1.1522,2.7604,3025.7,7127,10000.0
8470144,Frans Nielsen,DET,20102025,0.0911,0.0932,-0.0021,0.0898,-0.0288,1.272,2.9196,7609.9,18210,10000.0
8467493,Chris Neil,OTT,20102025,0.091,0.0094,0.0816,0.0073,0.0791,0.8636,2.5423,3894.3,7539,10000.0
8471218,Blake Wheeler,NYR,20102025,0.0909,0.1462,-0.0553,0.1134,-0.0361,1.3888,2.9455,12040.4,24587,10000.0
8470713,Paul Bissonnette,PHX,20102025,0.0903,-0.0345,0.1248,-0.0369,0.1233,0.6442,2.3875,611.2,1176,10000.0
8471804,Nathan Gerbe,CBJ,20102025,0.0903,0.049,0.0413,0.0652,0.0408,1.15,2.6763,4199.6,8358,10000.0
8479981,Jonah Gadjovich,FLA,20102025,0.0903,0.0927,-0.0024,0.0673,-0.0006,1.1605,2.8211,1034.4,2152,10000.0
8469812,Chad LaRose,CAR,20102025,0.0902,0.1607,-0.0705,0.1494,-0.0662,1.5672,3.0506,1890.2,4053,10000.0
8473422,Nick Foligno,CHI,20102025,0.0897,0.0376,0.0521,0.0605,-0.0013,1.1268,2.8236,11571.5,23130,10000.0
8467831,Jeff Halpern,PHX,20102025,0.0885,-0.0354,0.1238,-0.0353,0.1247,0.6522,2.3827,2018.2,4808,10000.0
8480064,Joshua Norris,BUF,20102025,0.0885,0.0787,0.0098,0.151,-0.0547,1.5752,3.0105,2410.4,5866,10000.0
8474727,Ben Smith,TOR,20102025,0.0882,0.0399,0.0483,0.0332,0.0577,0.9915,2.6171,2205.8,5085,10000.0
8474715,Cam Atkinson,TBL,20102025,0.088,0.1475,-0.0595,0.1837,-0.0333,1.7373,2.9355,8749.8,19045,10000.0
8473504,Cal Clutterbuck,NYI,20102025,0.0879,0.0374,0.0505,0.0147,0.0036,0.9002,2.8063,8484.2,20110,10000.0
8471450,Brandon Yip,PHX,20102025,0.0876,0.0166,0.071,0.0185,0.0726,0.919,2.5648,1298.2,2466,10000.0
8477497,Sean Monahan,CBJ,20102025,0.0876,0.1464,-0.0588,0.1924,-0.0521,1.7801,3.0011,9035.0,19519,10000.0
8473453,Trevor Lewis,LAK,20102025,0.0876,0.0071,0.0805,0.0292,0.0662,0.9716,2.5872,9572.6,20797,10000.0
8469473,Marcel Goc,STL,20102025,0.0874,0.0116,0.0758,0.0116,0.0842,0.8849,2.5245,3107.2,7015,10000.0
8477444,Andre Burakovsky,SEA,20102025,0.087,0.0577,0.0293,0.0478,0.0067,1.0641,2.7955,7397.7,13778,10000.0
8470105,Scottie Upshall,STL,20102025,0.0869,0.0166,0.0703,0.0265,0.0797,0.9586,2.5402,4338.1,9719,10000.0
8471476,Daniel Winnik,MIN,20102025,0.0868,-0.0499,0.1367,-0.0249,0.1311,0.7037,2.3605,6349.6,13312,10000.0
8475150,Jordan Caron,STL,20102025,0.0864,-0.0167,0.1031,-0.0206,0.1037,0.7253,2.4562,1290.6,2411,10000.0
8476855,Nail Yakupov,COL,20102025,0.0863,0.0687,0.0176,0.0773,0.0246,1.21,2.7328,3175.1,6459,10000.0
8474052,Chris Terry,MTL,20102025,0.0861,0.0472,0.0388,0.0482,0.0427,1.0658,2.6695,1301.0,2534,10000.0
8475878,Freddie Hamilton,ARI,20102025,0.0861,-0.0078,0.0939,0.0021,0.0903,0.8378,2.5029,529.5,1050,10000.0
8475765,Vladimir Tarasenko,DET,20102025,0.0861,0.2239,-0.1378,0.1571,-0.0772,1.6056,3.0892,10039.4,21769,10000.0
8460496,Ryan Smyth,EDM,20102025,0.0859,0.0875,-0.0016,0.0884,0.0077,1.2653,2.7921,2972.7,6622,10000.0
8475218,Mattias Ekholm,EDM,20102025,0.0858,-0.02,0.1058,-0.0698,0.0389,0.4815,2.6829,13897.2,26692,10000.0
8474098,Colton Sceviour,EDM,20102025,0.0857,0.0448,0.0409,0.0518,0.0376,1.0836,2.6873,4496.1,9983,10000.0
8475907,Micheal Ferland,VAN,20102025,0.0847,0.099,-0.0144,0.1029,-0.0035,1.3367,2.8312,3261.6,6669,10000.0
8468518,Tomas Kopecky,FLA,20102025,0.0845,0.0385,0.0461,0.0399,0.0555,1.0247,2.6247,3113.1,7182,10000.0
8480901,Karson Kuhlman,WPG,20102025,0.0845,0.0519,0.0326,0.0338,0.0137,0.9946,2.7711,1374.0,2656,10000.0
8482079,Marco Rossi,MIN,20102025,0.0844,0.0982,-0.0138,0.1103,0.0035,1.3738,2.8067,1958.1,3357,10000.0
8482097,Jack Quinn,BUF,20102025,0.0842,0.1976,-0.1135,0.1399,-0.1122,1.5204,3.2114,1528.7,3302,10000.0
8478413,Jordan Greenway,BUF,20102025,0.0841,-0.0074,0.0916,0.0234,0.0666,0.943,2.5858,4510.6,8564,10000.0
8478873,Troy Terry,ANA,20102025,0.0841,0.1915,-0.1074,0.1596,-0.1561,1.6176,3.3651,4585.6,8837,10000.0
8474149,Evgenii Dadonov,DAL,20102025,0.0841,0.108,-0.0239,0.1112,-0.0353,1.3783,2.9426,6659.9,13048,10000.0
8473536,James Sheppard,NYR,20102025,0.084,0.0179,0.0661,0.0062,0.0688,0.8577,2.5782,1805.0,3553,10000.0
8474716,Jared Spurgeon,MIN,20102025,0.0839,-0.0637,0.1476,-0.0745,0.1169,0.458,2.41,13376.3,26818,10000.0
8477955,Jared McCann,SEA,20102025,0.0838,0.0658,0.018,0.1262,-0.0063,1.4521,2.8411,6334.7,14082,10000.0
8470604,Jeff Carter,PIT,20102025,0.0838,0.1426,-0.0588,0.1482,-0.031,1.5614,2.9274,10411.7,23746,10000.0
8476925,Colton Sissons,NSH,20102025,0.0835,0.0576,0.0259,0.0339,0.0075,0.995,2.7929,6885.6,15770,10000.0
8484958,Maxim Tsyplakov,NYI,20102025,0.0831,0.1267,-0.0437,0.0969,-0.0659,1.3073,3.0496,708.3,1357,10000.0
8478508,Yakov Trenin,MIN,20102025,0.083,0.092,-0.009,0.0543,-0.0119,1.0962,2.8606,3500.8,6931,10000.0
8469457,Stephen Weiss,DET,20102025,0.0828,0.0469,0.0359,0.0565,0.0435,1.107,2.6667,2748.0,6019,10000.0
8477963,Jayce Hawryluk,VAN,20102025,0.0823,0.003,0.0793,-0.0058,0.0623,0.7987,2.6011,754.0,1445,10000.0
8475119,Zach Sill,WSH,20102025,0.0821,-0.059,0.1412,-0.0517,0.1401,0.5712,2.3287,581.9,1173,10000.0
8474627,Jori Lehtera,PHI,20102025,0.0815,-0.04,0.1214,-0.0263,0.1099,0.6967,2.4343,3179.6,7329,10000.0
8476975,Cedric Paquette,MTL,20102025,0.0815,-0.0363,0.1179,0.0079,0.1085,0.8663,2.4393,4392.2,9045,10000.0
8473512,Claude Giroux,OTT,20102025,0.0812,0.105,-0.0237,0.0925,-0.0251,1.2854,2.9069,13449.6,31157,10000.0
8473473,Milan Lucic,BOS,20102025,0.081,0.0824,-0.0014,0.0407,0.0001,1.0288,2.8188,11306.2,21097,10000.0
8478211,Dryden Hunt,CGY,20102025,0.0809,0.0048,0.0761,0.0115,0.0198,0.884,2.7497,1953.3,3568,10000.0
8471767,Blair Jones,PHI,20102025,0.0809,0.0337,0.0473,0.0344,0.0498,0.9978,2.6447,727.0,1448,10000.0
8473604,Jonathan Toews,CHI,20102025,0.0807,0.1645,-0.0838,0.1375,-0.0606,1.5081,3.0309,10710.2,23937,10000.0
8450725,Mark Recchi,BOS,20102025,0.0805,0.0493,0.0312,0.0515,0.0346,1.0824,2.6978,1066.9,2187,10000.0
8473574,Shawn Matthias,WPG,20102025,0.08,0.0669,0.0131,0.0513,0.0229,1.0812,2.739,4383.8,9292,10000.0
8475325,Jordan Nolan,STL,20102025,0.08,-0.0631,0.1431,-0.0402,0.1414,0.6279,2.3242,2907.2,5355,10000.0
8473526,Peter Mueller,FLA,20102025,0.0796,0.1353,-0.0557,0.1336,-0.0541,1.4889,3.0082,777.1,1558,10000.0
8471245,Dave Bolland,FLA,20102025,0.0796,0.0315,0.0482,0.0309,0.0513,0.9803,2.6396,2936.5,7257,10000.0
8474131,Mario Kempe,ARI,20102025,0.0795,-0.0421,0.1216,-0.0342,0.1119,0.6579,2.4273,565.1,1235,10000.0
8475188,Brayden McNabb,VGK,20102025,0.0791,0.0015,0.0776,-0.1188,0.0392,0.2387,2.6818,11807.5,22297,10000.0
8473914,Mark Letestu,WPG,20102025,0.0789,0.0478,0.031,0.0676,0.042,1.1622,2.672,4958.6,11893,10000.0
8467371,Mike Ribeiro,NSH,20102025,0.0788,-0.0163,0.0951,-0.0163,0.1,0.7464,2.4692,5792.9,11302,10000.0
8477500,Bo Horvat,NYI,20102025,0.0787,0.2302,-0.1515,0.1933,-0.1171,1.7848,3.2287,9098.1,20567,10000.0
8475278,Byron Froese,VGK,20102025,0.0786,-0.0101,0.0887,-0.0022,0.0851,0.8165,2.5212,1046.1,2422,10000.0
8470697,Philippe Dupuis,TOR,20102025,0.0781,0.0418,0.0364,0.0436,0.0372,1.0431,2.689,614.1,1485,10000.0
8474038,Paul Byron,MTL,20102025,0.0781,0.0407,0.0373,0.0507,0.0324,1.0784,2.7056,5163.4,11851,10000.0
8470201,Jiri Hudler,DAL,20102025,0.078,0.0477,0.0303,0.0551,0.0359,1.1,2.6934,5004.1,10573,10000.0
8478512,Austin Czarnik,DET,20102025,0.078,0.0022,0.0758,0.0027,0.0586,0.8405,2.6138,1541.2,3216,10000.0
8474674,James Wright,WPG,20102025,0.0778,-0.0295,0.1073,-0.0276,0.1092,0.6907,2.437,645.2,1413,10000.0
8471514,Rich Peverley,DAL,20102025,0.0777,0.1112,-0.0335,0.099,-0.0197,1.3175,2.888,2941.1,6657,10000.0
8482109,Alexis LafreniÃ¨re,NYR,20102025,0.0772,0.1331,-0.056,0.1,-0.0744,1.3225,3.0793,4256.2,7998,10000.0
8476948,Charles Hudon,COL,20102025,0.0772,0.0594,0.0178,0.069,0.0266,1.1691,2.7261,1169.5,2261,10000.0
8470152,Joakim Lindstrom,TOR,20102025,0.0769,0.0052,0.0717,0.0051,0.0754,0.8524,2.555,576.1,1118,10000.0
8479977,Kailer Yamamoto,UTA,20102025,0.0765,0.1532,-0.0767,0.0886,-0.0667,1.266,3.0523,3533.1,6526,10000.0
8480208,Drake Batherson,OTT,20102025,0.0764,0.1462,-0.0697,0.1799,-0.0989,1.7184,3.1649,4051.1,8853,10000.0
8467407,Brian Gionta,BOS,20102025,0.0762,0.0639,0.0123,0.0751,0.0313,1.1992,2.7093,5616.5,11790,10000.0
8469474,Colby Armstrong,MTL,20102025,0.0759,0.003,0.0729,0.0039,0.0722,0.8466,2.5664,1021.2,2082,10000.0
8481528,Dylan Cozens,OTT,20102025,0.0758,0.1927,-0.1169,0.1662,-0.1187,1.6506,3.2342,3478.3,7799,10000.0
8471331,Kevin Porter,PIT,20102025,0.0757,-0.0288,0.1045,-0.023,0.1031,0.7131,2.4583,1633.3,3253,10000.0
8477979,Nicolas Aube-Kubel,NYR,20102025,0.075,0.0128,0.0622,0.0155,0.0322,0.9041,2.7064,2616.4,5067,10000.0
8482074,Connor Zary,CGY,20102025,0.075,0.078,-0.003,0.1046,-0.0265,1.3454,2.9116,1107.8,2258,10000.0
8481043,Cole Koepke,BOS,20102025,0.0747,0.0381,0.0366,0.0562,0.0401,1.1057,2.6786,695.6,1461,10000.0
8471685,Anze Kopitar,LAK,20102025,0.0746,0.0632,0.0114,0.0725,0.0222,1.1863,2.7412,14529.8,30571,10000.0
8478099,Kevin Labanc,CBJ,20102025,0.0743,0.0772,-0.003,0.0644,-0.0534,1.1464,3.0058,5022.2,10067,10000.0
8471352,Jake Dowell,MIN,20102025,0.0741,-0.0186,0.0927,-0.0218,0.0963,0.7192,2.4821,951.8,2016,10000.0
8470877,David Jones,MIN,20102025,0.0741,0.0682,0.0059,0.0645,0.0215,1.1466,2.7436,4003.3,8453,10000.0
8482078,Lucas Raymond,DET,20102025,0.0737,0.1149,-0.0412,0.1324,-0.0838,1.483,3.1122,3362.8,6776,10000.0
8475175,Magnus Paajarvi,OTT,20102025,0.0737,0.0009,0.0728,0.0132,0.0625,0.8927,2.6002,4421.1,8676,10000.0
8474557,Anssi Salmela,NJD,20102025,0.0729,-0.1143,0.1872,-0.1118,0.1875,0.2734,2.163,607.2,1106,10000.0
8480448,Parker Kelly,COL,20102025,0.0728,-0.0159,0.0887,0.0344,0.0466,0.9974,2.656,1810.0,4639,10000.0
8477482,Zachary Sanford,CHI,20102025,0.0726,0.0671,0.0055,0.0556,-0.0187,1.1026,2.8845,3202.9,6342,10000.0
8482055,Drew O'Connor,VAN,20102025,0.0726,0.1651,-0.0925,0.131,-0.0745,1.4762,3.0796,2046.6,4358,10000.0
8478472,Mathieu Joseph,STL,20102025,0.0725,0.0212,0.0513,0.0397,0.0275,1.0237,2.7228,3688.0,8004,10000.0
8476894,Brendan Leipsic,WSH,20102025,0.0724,0.0209,0.0515,0.0131,0.0513,0.8922,2.6396,1604.6,2945,10000.0
8478027,Lucas Wallmark,FLA,20102025,0.0723,0.0336,0.0387,0.0066,0.0336,0.8598,2.7013,1783.7,3927,10000.0
8468635,Travis Moen,DAL,20102025,0.0721,-0.0262,0.0983,-0.0243,0.1008,0.707,2.4662,2581.8,5750,10000.0
8474062,Riley Nash,NYR,20102025,0.0716,-0.0504,0.1219,-0.0027,0.0684,0.8139,2.5796,5850.2,12309,10000.0
8480336,Sean Walker,CAR,20102025,0.0716,0.0747,-0.0031,-0.0668,0.0044,0.4964,2.8035,4826.0,9110,10000.0
8474679,Gustav Nyquist,MIN,20102025,0.0715,0.1155,-0.044,0.077,-0.0688,1.2084,3.0596,9849.7,20338,10000.0
8478891,Mason Appleton,WPG,20102025,0.0714,0.07,0.0014,0.0079,0.0159,0.8663,2.7635,4167.0,8132,10000.0
8468485,Raffi Torres,SJS,20102025,0.0713,0.031,0.0403,0.0218,0.0432,0.9353,2.6678,2124.8,4236,10000.0
8470169,Gregory Campbell,CBJ,20102025,0.0708,-0.0101,0.0809,-0.0139,0.0975,0.7586,2.4777,3932.5,8458,10000.0
8475254,Gabriel Dumont,MIN,20102025,0.0706,-0.0147,0.0853,-0.0034,0.0836,0.8106,2.5267,657.1,1310,10000.0
8475792,Brett Connolly,CHI,20102025,0.0702,0.0223,0.048,0.025,0.0363,0.9511,2.6919,5141.2,9259,10000.0
8476454,Ryan Nugent-Hopkins,EDM,20102025,0.07,0.1133,-0.0433,0.1635,-0.0199,1.6372,2.8887,11623.3,24456,10000.0
8480944,Par Lindholm,BOS,20102025,0.0692,-0.0249,0.0941,-0.0178,0.0801,0.7389,2.5387,856.5,1937,10000.0
8464957,J-P Dumont,NSH,20102025,0.0691,0.0019,0.0672,0.002,0.0699,0.837,2.5743,542.0,1065,10000.0
8474168,Joakim Andersson,DET,20102025,0.0689,-0.0351,0.104,-0.0304,0.1074,0.6765,2.4432,1749.5,4048,10000.0
8480007,Jonas Rondbjerg,VGK,20102025,0.0689,-0.0452,0.1141,-0.0068,0.1028,0.7935,2.4593,559.0,1133,10000.0
8468064,Martin Erat,ARI,20102025,0.0686,0.0012,0.0673,0.0066,0.0767,0.8597,2.5507,3836.8,8113,10000.0
8470180,Eric Nystrom,NSH,20102025,0.0684,-0.0547,0.1231,-0.0322,0.1298,0.6675,2.3647,3566.4,7306,10000.0
8479718,Alex BarrÃ©-Boulet,MTL,20102025,0.0684,0.0881,-0.0196,0.1008,-0.0185,1.3266,2.8839,553.1,1129,10000.0
8479941,Justin Danforth,CBJ,20102025,0.0684,0.1157,-0.0473,0.0877,-0.0809,1.2618,3.1019,1640.0,3276,10000.0
8471670,Guillaume Latendresse,OTT,20102025,0.0682,0.1234,-0.0551,0.1239,-0.0531,1.4408,3.0047,531.8,1075,10000.0
8477529,Colby Cave,EDM,20102025,0.0678,0.0073,0.0605,0.0084,0.0546,0.8689,2.628,556.9,1106,10000.0
8468001,Derek MacKenzie,FLA,20102025,0.0677,-0.0385,0.1061,-0.016,0.1041,0.7478,2.4547,4134.4,9835,10000.0
8471504,Rene Bourque,COL,20102025,0.0677,0.0603,0.0075,0.0716,0.0187,1.1817,2.7536,4255.5,8521,10000.0
8471664,Mason Raymond,ANA,20102025,0.0674,0.058,0.0094,0.0677,0.0197,1.1623,2.75,3739.6,8356,10000.0
8471338,Torrey Mitchell,LAK,20102025,0.0674,-0.0552,0.1226,-0.03,0.1223,0.6786,2.3912,4863.3,11042,10000.0
8471426,Troy Brouwer,STL,20102025,0.0673,0.0028,0.0646,0.0542,0.0679,1.0955,2.5816,7455.9,16818,10000.0
8474121,Colton Gillies,CBJ,20102025,0.0671,-0.0781,0.1451,-0.073,0.1452,0.4657,2.311,771.2,1495,10000.0
8462042,Jarome Iginla,LAK,20102025,0.0671,0.0874,-0.0202,0.1011,-0.0055,1.3279,2.8383,6365.9,11901,10000.0
8477846,Ryan Carpenter,SJS,20102025,0.0668,0.0369,0.0299,0.0147,-0.0231,0.9,2.8998,3333.7,7125,10000.0
8467423,Shawn Horcoff,ANA,20102025,0.0665,0.0387,0.0278,0.0253,0.0372,0.9527,2.6887,3562.6,8123,10000.0
8465025,Arron Asham,NYR,20102025,0.0664,-0.0489,0.1154,-0.0499,0.1207,0.5799,2.3967,1126.9,1876,10000.0
8475264,Roman Horak,EDM,20102025,0.0662,-0.0219,0.088,-0.0211,0.0902,0.7226,2.5035,691.5,1317,10000.0
8474564,Steven Stamkos,NSH,20102025,0.066,0.1433,-0.0773,0.1996,-0.0253,1.816,2.9077,12787.2,25280,10000.0
8477945,Julius Honka,DAL,20102025,0.0655,-0.1041,0.1696,-0.0984,0.1576,0.34,2.2675,859.2,1715,10000.0
8475231,Casey Cizikas,NYI,20102025,0.0652,0.0394,0.0258,0.0265,-0.0167,0.9586,2.8774,8463.2,19314,10000.0
8481813,Gaetan Haas,EDM,20102025,0.0649,-0.0236,0.0885,-0.0187,0.0779,0.7344,2.5465,690.5,1421,10000.0
8482699,Dylan Guenther,UTA,20102025,0.0649,0.1769,-0.112,0.2365,-0.0895,1.9985,3.132,1232.0,2872,10000.0
8467890,Barret Jackman,NSH,20102025,0.0645,-0.125,0.1895,-0.1277,0.1862,0.1948,2.1673,5444.0,11145,10000.0
8473994,Jamie Benn,DAL,20102025,0.0642,0.1917,-0.1275,0.1659,-0.0517,1.649,2.9998,12958.7,30063,10000.0
8478106,Dylan Sikura,COL,20102025,0.0635,-0.0204,0.084,-0.0142,0.0704,0.7567,2.5727,532.6,890,10000.0
8475098,Tyler Bozak,STL,20102025,0.0635,0.0437,0.0197,0.0656,0.0009,1.1524,2.8159,8691.9,19153,10000.0
8470834,Dustin Byfuglien,WPG,20102025,0.0626,-0.008,0.0706,-0.0104,0.0545,0.7758,2.6283,9324.6,16556,10000.0
8481582,Nicholas Robertson,TOR,20102025,0.0623,0.0784,-0.0161,0.0881,-0.05,1.2634,2.9938,1189.0,2552,10000.0
8471703,Steve Downie,ARI,20102025,0.0621,-0.0045,0.0666,-0.0059,0.0709,0.7981,2.5709,2986.6,5642,10000.0
8478439,Travis Konecny,PHI,20102025,0.0619,0.1424,-0.0804,0.1544,-0.0507,1.5921,2.9963,6939.4,14577,10000.0
8475209,Richard Panik,NYI,20102025,0.0618,0.0407,0.0211,0.0452,0.0292,1.051,2.7168,5001.8,9673,10000.0
8476958,Jaccob Slavin,CAR,20102025,0.0616,0.0211,0.0405,-0.0886,0.0468,0.3882,2.6553,11528.3,21696,10000.0
8467336,Mike Rupp,MIN,20102025,0.0616,-0.0487,0.1104,-0.0456,0.1127,0.6014,2.4245,1372.5,2544,10000.0
8475637,Bobby Butler,FLA,20102025,0.0615,0.0579,0.0036,0.0563,0.0056,1.1063,2.7994,1113.0,2187,10000.0
8476344,Tyler Graovac,VAN,20102025,0.0615,0.0435,0.018,0.0381,0.0231,1.016,2.7383,597.9,1137,10000.0
8474192,Matt Frattin,TOR,20102025,0.0612,0.0343,0.0269,0.0355,0.0306,1.0032,2.7118,1289.1,2386,10000.0
8477392,Hudson Fasching,NYI,20102025,0.061,0.1065,-0.0455,0.0346,-0.0481,0.9984,2.9875,1510.0,2946,10000.0
8476857,Pontus Aberg,TOR,20102025,0.061,0.0138,0.0472,0.0095,0.0417,0.8742,2.673,1438.8,2649,10000.0
8482201,Gage Goncalves,TBL,20102025,0.0602,0.0066,0.0536,0.0125,0.046,0.8889,2.658,574.0,1105,10000.0
8474642,Lance Bouma,CHI,20102025,0.0602,0.0071,0.0531,0.0157,0.0606,0.9048,2.6068,2895.1,6582,10000.0
8481592,Jakob Pelletier,PHI,20102025,0.0598,0.1186,-0.0588,0.0734,-0.0573,1.1906,3.0194,644.3,1385,10000.0
8470162,Matt Stajan,CGY,20102025,0.0598,-0.0209,0.0807,-0.0252,0.0931,0.7025,2.4933,4984.4,10674,10000.0
8479404,Henrik Borgstrom,WSH,20102025,0.0596,-0.0522,0.1117,-0.0278,0.0749,0.6895,2.557,893.1,1804,10000.0
8470595,Eric Staal,FLA,20102025,0.0595,0.1592,-0.0997,0.0975,-0.0311,1.3103,2.9277,10438.3,22040,10000.0
8477839,Conor Sheary,TBL,20102025,0.059,0.0701,-0.011,0.0648,-0.0033,1.1481,2.8307,6278.9,12365,10000.0
8471273,Brandon Dubinsky,CBJ,20102025,0.0589,0.0811,-0.0222,0.0492,-0.0049,1.0712,2.8362,6625.5,14342,10000.0
8467096,Dan Boyle,NYR,20102025,0.0588,0.0228,0.0359,-0.0191,0.0418,0.7328,2.6727,6505.1,12958,10000.0
8482116,Tim StÃ¼tzle,OTT,20102025,0.0587,0.1435,-0.0848,0.1686,-0.0877,1.6622,3.1258,3891.5,8628,10000.0
8477015,Connor Brown,EDM,20102025,0.0586,0.0875,-0.0289,0.0667,-0.0542,1.1577,3.0086,6277.6,14135,10000.0
8481013,Jonatan Berggren,DET,20102025,0.0582,0.0475,0.0107,0.0282,-0.0233,0.967,2.9006,1289.3,2487,10000.0
8468700,Paul Gaustad,NSH,20102025,0.0582,-0.0693,0.1275,-0.0443,0.1373,0.6079,2.3387,3708.9,8515,10000.0
8469759,Vernon Fiddler,NSH,20102025,0.0581,0.0062,0.052,0.0002,0.0616,0.8281,2.6034,4357.7,10420,10000.0
8468172,Ruslan Fedotenko,PHI,20102025,0.058,0.0487,0.0093,0.0364,0.0142,1.0076,2.7695,2001.3,3933,10000.0
8480039,Martin Necas,COL,20102025,0.058,0.1936,-0.1356,0.1389,-0.0377,1.5153,2.951,5081.4,10188,10000.0
8459492,Vinny Prospal,CBJ,20102025,0.058,0.0495,0.0085,0.0471,0.013,1.0605,2.7737,1771.0,3504,10000.0
8478455,Austin Wagner,CHI,20102025,0.0579,0.0698,-0.0118,0.0689,-0.0118,1.1685,2.8602,1463.4,2690,10000.0
8471768,Tom Pyatt,OTT,20102025,0.0578,-0.0281,0.0859,-0.0133,0.0621,0.7614,2.6018,3872.4,8124,10000.0
8478474,Lawson Crouse,UTA,20102025,0.0577,0.1077,-0.05,0.1038,-0.0693,1.3413,3.0614,5375.6,12376,10000.0
8473932,Darroll Powe,NYR,20102025,0.057,-0.0276,0.0846,-0.0243,0.0876,0.7068,2.5124,1648.2,3874,10000.0
8478401,Pavel Zacha,BOS,20102025,0.0568,0.0948,-0.0381,0.1186,-0.0408,1.4145,2.9617,6191.8,14000,10000.0
8474565,Alex Pietrangelo,VGK,20102025,0.0566,0.0142,0.0425,-0.0647,0.0155,0.5069,2.7647,17367.3,35972,10000.0
8471762,Chris VandeVelde,PHI,20102025,0.0562,-0.0414,0.0976,-0.03,0.0928,0.6789,2.4942,2153.2,4915,10000.0
8470018,Matt Ellis,BUF,20102025,0.0561,-0.0198,0.0759,-0.0164,0.0768,0.7459,2.5501,1159.3,2363,10000.0
8460577,Milan Hejduk,COL,20102025,0.0558,0.1006,-0.0448,0.0989,-0.0389,1.3173,2.9551,1948.5,3834,10000.0
8469547,Jordin Tootoo,CHI,20102025,0.0557,-0.001,0.0566,0.0059,0.0675,0.8563,2.5827,3131.7,5677,10000.0
8471217,Andrew Ladd,ARI,20102025,0.0554,0.0953,-0.0399,0.1012,-0.0384,1.3286,2.9535,7494.7,16255,10000.0
8478463,Anthony Beauvillier,WSH,20102025,0.0553,0.108,-0.0527,0.1391,-0.0897,1.5161,3.133,6862.0,13372,10000.0
8471498,Jannik Hansen,SJS,20102025,0.0552,0.0445,0.0108,0.0158,0.021,0.9057,2.7457,5534.5,12277,10000.0
8471859,Sergei Kostitsyn,NSH,20102025,0.0551,-0.0115,0.0666,-0.0156,0.0766,0.7497,2.5511,2362.4,5076,10000.0
8471262,Carl Soderberg,COL,20102025,0.055,0.0148,0.0402,0.0642,0.0276,1.1452,2.7225,6261.1,13114,10000.0
8471794,Darren Helm,COL,20102025,0.0549,0.0449,0.01,0.0403,0.0131,1.027,2.7733,7078.4,15870,10000.0
8477505,Alexander Wennberg,SJS,20102025,0.0547,-0.0076,0.0622,0.0015,-0.0014,0.8345,2.8238,8667.9,18703,10000.0
8481481,Blake Lizotte,PIT,20102025,0.0544,0.0076,0.0467,0.0128,0.0307,0.8907,2.7117,3319.3,7256,10000.0
8473962,Teddy Purcell,LAK,20102025,0.0541,0.0589,-0.0049,0.0513,0.0127,1.0811,2.7745,5009.6,10094,10000.0
8479293,Brandon Tanev,WPG,20102025,0.054,-0.0129,0.0669,0.0237,0.0415,0.9446,2.6739,5301.2,12179,10000.0
8470207,Joffrey Lupul,TOR,20102025,0.0537,0.1683,-0.1146,0.1797,-0.0969,1.7175,3.1581,3357.2,6646,10000.0
8474230,Micheal Haley,OTT,20102025,0.0534,-0.0274,0.0808,-0.0255,0.0652,0.7011,2.5909,1724.8,3396,10000.0
8480800,Quinn Hughes,VAN,20102025,0.0528,-0.0318,0.0846,-0.0642,-0.0009,0.5091,2.822,6271.1,11732,10000.0
8475739,Michael Bournival,TBL,20102025,0.0527,-0.011,0.0637,-0.0107,0.0713,0.7745,2.5696,938.4,1779,10000.0
8465192,Samuel Pahlsson,VAN,20102025,0.0524,-0.0412,0.0935,-0.0392,0.0955,0.6331,2.4848,1631.3,3641,10000.0
8475692,Mats Zuccarello,MIN,20102025,0.0523,0.0849,-0.0326,0.0862,-0.0005,1.2544,2.8208,10835.7,21126,10000.0
8477346,MacKenzie Weegar,CGY,20102025,0.052,0.0191,0.0329,-0.0705,0.0105,0.478,2.7824,7405.4,15778,10000.0
8480980,Connor Dewar,PIT,20102025,0.0518,0.0012,0.0507,0.0342,0.0235,0.9969,2.7369,1704.8,3844,10000.0
8476427,Ty Rattie,EDM,20102025,0.0518,0.0602,-0.0083,0.0797,-0.0031,1.2222,2.8298,839.1,1533,10000.0
8476917,Adam Pelech,NYI,20102025,0.0517,-0.0831,0.1348,-0.1035,-0.0065,0.3147,2.8419,8238.8,15992,10000.0
8470966,Mark Giordano,TOR,20102025,0.0512,-0.034,0.0852,-0.0792,0.0414,0.4349,2.6743,13033.8,28060,10000.0
8478373,Nikita Soshnikov,NYI,20102025,0.0511,0.0564,-0.0053,0.0584,-0.0064,1.1163,2.8413,681.1,1529,10000.0
8476882,Teuvo Teravainen,CHI,20102025,0.0509,0.0195,0.0314,0.0814,0.0158,1.2306,2.7639,8345.3,18151,10000.0
8475164,Jakob Silfverberg,ANA,20102025,0.0506,0.0537,-0.0031,0.0815,-0.0353,1.2308,2.9424,8938.9,20261,10000.0
8481546,Cam York,PHI,20102025,0.0505,-0.0503,0.1008,-0.0913,0.0333,0.3751,2.7024,2959.4,6318,10000.0
8477429,Andrew Copp,DET,20102025,0.0504,0.0954,-0.045,0.0543,-0.0461,1.0962,2.9803,6997.0,15096,10000.0
8468611,Matt Hendricks,WPG,20102025,0.0501,-0.0142,0.0643,-0.0082,0.0763,0.7867,2.5519,4530.1,9897,10000.0
8480848,Ty Dellandrea,SJS,20102025,0.0501,-0.0071,0.0572,0.0149,0.0186,0.901,2.7538,1967.2,4318,10000.0
8471699,Andrew Cogliano,COL,20102025,0.0499,0.0247,0.0252,-0.0027,0.0393,0.8136,2.6816,11160.2,25039,10000.0
8462038,Shane Doan,ARI,20102025,0.0499,0.0962,-0.0462,0.1035,-0.0324,1.3399,2.9324,5730.0,11472,10000.0
8475769,Quinton Howden,WPG,20102025,0.0498,-0.0252,0.075,-0.0164,0.0749,0.7459,2.5568,781.4,1419,10000.0
8475163,Alex Chiasson,DET,20102025,0.0496,0.0305,0.0192,0.0904,0.0088,1.2749,2.7881,5843.2,12456,10000.0
8470803,Kyle Brodziak,EDM,20102025,0.0494,-0.0301,0.0795,-0.0112,0.0958,0.7717,2.4836,6260.8,14565,10000.0
8468526,Jarret Stoll,MIN,20102025,0.0493,-0.0206,0.0699,-0.0132,0.0889,0.7618,2.508,4870.4,11574,10000.0
8473482,Jiri Tlusty,NJD,20102025,0.0492,0.054,-0.0048,0.0488,-0.0055,1.0689,2.8382,3598.2,7521,10000.0
8476952,Dominic Toninato,WPG,20102025,0.0491,-0.0176,0.0668,0.0102,0.0623,0.8778,2.6011,1218.6,2551,10000.0
8477960,Adrian Kempe,LAK,20102025,0.0479,0.1009,-0.053,0.1885,-0.011,1.7608,2.8575,6618.9,14451,10000.0
8477456,J.T. Compher,DET,20102025,0.0478,0.0182,0.0296,0.0756,0.0016,1.2019,2.8133,6014.5,14089,10000.0
8478444,Brock Boeser,VAN,20102025,0.0477,0.1159,-0.0682,0.1882,-0.0614,1.7596,3.034,6112.8,12938,10000.0
8470654,Maxim Lapierre,PIT,20102025,0.0475,-0.0013,0.0488,0.0037,0.0694,0.8457,2.5761,3153.5,7137,10000.0
8473546,Michael Grabner,ARI,20102025,0.0474,0.1181,-0.0707,0.1101,-0.057,1.3726,3.0186,5984.9,13692,10000.0
8477947,Sonny Milano,WSH,20102025,0.0473,0.0603,-0.013,0.0336,-0.0254,0.9938,2.908,2828.3,5340,10000.0
8479933,Gerry Mayhew,ANA,20102025,0.0472,0.0357,0.0115,0.0512,-0.0015,1.081,2.8241,512.1,990,10000.0
8479385,Jordan Kyrou,STL,20102025,0.0472,0.1119,-0.0647,0.1861,-0.0779,1.7492,3.0914,4413.1,8698,10000.0
8469470,Carlo Colaiacovo,BUF,20102025,0.0469,-0.0891,0.136,-0.0993,0.1356,0.3356,2.3444,2872.9,5878,10000.0
8475167,Victor Hedman,TBL,20102025,0.0468,0.0116,0.0352,-0.0328,0.0149,0.6649,2.7668,17087.5,33352,10000.0
8476983,Paul LaDue,NYI,20102025,0.0467,-0.1308,0.1775,-0.1206,0.1674,0.2296,2.2333,747.8,1368,10000.0
8475671,Matt Fraser,EDM,20102025,0.0465,-0.0115,0.058,-0.0054,0.0595,0.8003,2.6109,757.9,1366,10000.0
8474138,Dustin Jeffrey,ARI,20102025,0.0464,0.0015,0.0449,0.0016,0.0491,0.835,2.6473,936.4,1762,10000.0
8470063,Adam Burish,SJS,20102025,0.0464,-0.0238,0.0703,-0.0226,0.0754,0.7152,2.5553,1781.7,4037,10000.0
8476459,Mika Zibanejad,NYR,20102025,0.0464,0.1004,-0.054,0.1928,-0.0612,1.7824,3.0332,10186.2,23471,10000.0
8479661,Tanner Jeannot,LAK,20102025,0.0464,-0.01,0.0563,0.044,0.0257,1.0454,2.729,2684.3,5354,10000.0
8473986,Alex Killorn,ANA,20102025,0.0462,0.0679,-0.0217,0.0955,-0.028,1.3004,2.9168,11237.0,23849,10000.0
8476462,Dougie Hamilton,NJD,20102025,0.0461,0.0742,-0.0281,-0.0072,-0.0046,0.7918,2.8352,11774.0,23198,10000.0
8471676,Bobby Ryan,DET,20102025,0.0459,0.0622,-0.0163,0.0885,-0.0169,1.2656,2.8782,8085.1,16023,10000.0
8480049,Dylan Samberg,WPG,20102025,0.0458,-0.0104,0.0562,-0.1223,0.0526,0.2215,2.635,2549.4,5329,10000.0
8477479,Tyler Bertuzzi,CHI,20102025,0.0453,0.1887,-0.1434,0.1475,-0.1431,1.5579,3.3196,5380.8,9983,10000.0
8476062,Mark Arcobello,TOR,20102025,0.0452,0.0298,0.0154,0.0323,0.0194,0.9872,2.7512,1347.8,2925,10000.0
8479987,Morgan Geekie,BOS,20102025,0.045,0.0912,-0.0462,0.0771,-0.0334,1.2093,2.9357,3167.5,6390,10000.0
8480840,Oskar BÃ¤ck,DAL,20102025,0.0447,-0.0492,0.0938,-0.0192,0.079,0.7321,2.5424,597.4,1308,10000.0
8475199,Eric Gelinas,COL,20102025,0.0441,-0.0945,0.1386,-0.0825,0.134,0.4187,2.3503,1934.7,3804,10000.0
8475775,Tye McGinn,TBL,20102025,0.0429,0.0059,0.037,0.0025,0.0393,0.8395,2.6814,707.5,1318,10000.0
8481093,Rafael Harvey-Pinard,MTL,20102025,0.0428,0.0811,-0.0383,0.0832,-0.0813,1.2395,3.1033,729.8,1512,10000.0
8457063,Nicklas Lidstrom,DET,20102025,0.0427,-0.0503,0.093,-0.0647,0.0988,0.5069,2.4734,2259.9,4587,10000.0
8477213,Tim Schaller,LAK,20102025,0.0424,0.0315,0.0109,0.0228,0.0093,0.9403,2.7863,2321.3,5101,10000.0
8476495,Seth Griffith,EDM,20102025,0.042,-0.0237,0.0657,-0.0092,0.0643,0.7819,2.5941,673.3,1316,10000.0
8473573,Artem Anisimov,OTT,20102025,0.042,0.0793,-0.0373,0.0998,-0.0339,1.3217,2.9377,7362.6,15525,10000.0
8471260,Blake Comeau,DAL,20102025,0.0419,-0.0089,0.0508,-0.0035,0.0571,0.8098,2.6191,7986.9,16695,10000.0
8474000,Steven Kampfer,BOS,20102025,0.0417,-0.1003,0.142,-0.1078,0.1222,0.2933,2.3916,2588.7,4860,10000.0
8479420,Tage Thompson,BUF,20102025,0.0417,0.2205,-0.1788,0.2221,-0.1507,1.9272,3.3464,4428.2,9093,10000.0
8468535,Antoine Vermette,ANA,20102025,0.0417,0.023,0.0186,0.0359,0.0246,1.0052,2.7329,6589.0,15367,10000.0
8469765,Marc-Andre Bergeron,CAR,20102025,0.0415,-0.0722,0.1136,-0.0738,0.1134,0.4614,2.4222,1045.5,2243,10000.0
8474660,David Warsofsky,COL,20102025,0.0413,-0.1125,0.1538,-0.1049,0.1517,0.3075,2.2881,618.4,1230,10000.0
8482476,Emil Heineman,MTL,20102025,0.0413,0.0096,0.0317,0.0405,0.007,1.028,2.7947,540.6,1050,10000.0
8474709,Matt Martin,NYI,20102025,0.0405,-0.026,0.0666,-0.0067,-0.0027,0.7939,2.8284,8411.5,16521,10000.0
8474040,Sam Gagner,EDM,20102025,0.0402,0.0796,-0.0393,0.0726,-0.0308,1.1869,2.9267,8074.6,16467,10000.0
8475168,Matt Duchene,DAL,20102025,0.0401,0.1697,-0.1296,0.1498,-0.0796,1.5694,3.0975,12372.8,24331,10000.0
8477461,Remi Elie,TBL,20102025,0.0398,-0.0233,0.063,-0.0144,0.0661,0.756,2.5876,893.9,1776,10000.0
8471214,Alex Ovechkin,WSH,20102025,0.0396,0.2161,-0.1765,0.2568,-0.0952,2.099,3.152,14362.4,26374,10000.0
8469462,Tuomo Ruutu,NJD,20102025,0.0396,0.0516,-0.012,0.0412,-0.003,1.0313,2.8295,3463.4,7041,10000.0
8474024,Jim O'Brien,OTT,20102025,0.0396,-0.027,0.0666,-0.0244,0.0653,0.7062,2.5905,594.3,1356,10000.0
8459442,Saku Koivu,ANA,20102025,0.0395,0.0164,0.0232,0.0126,0.0332,0.8894,2.703,3194.2,7045,10000.0
8477447,Shea Theodore,VGK,20102025,0.0393,0.0362,0.0031,-0.039,0.0102,0.6341,2.7831,9343.8,17230,10000.0
8475155,Simon Despres,ANA,20102025,0.039,-0.1034,0.1424,-0.1134,0.1396,0.2653,2.3306,2627.4,4991,10000.0
8471733,Rich Clune,TOR,20102025,0.0383,-0.0829,0.1213,-0.08,0.1231,0.4311,2.3883,854.8,1680,10000.0
8467351,Scott Gomez,OTT,20102025,0.0382,0.0077,0.0305,-0.0107,0.0418,0.7741,2.6728,3022.5,6238,10000.0
8478566,Sergey Kalinin,NJD,20102025,0.0378,-0.017,0.0548,-0.0141,0.0554,0.7576,2.625,1101.5,2174,10000.0
8478440,Dylan Strome,WSH,20102025,0.0377,0.1705,-0.1328,0.1378,-0.1246,1.5097,3.2549,5369.2,10531,10000.0
8479343,Clayton Keller,UTA,20102025,0.0375,0.0447,-0.0072,0.1462,-0.0572,1.5514,3.0191,6592.3,13864,10000.0
8468695,Matthew Lombardi,ANA,20102025,0.0371,0.0337,0.0033,0.0328,0.0052,0.9896,2.8007,842.2,1670,10000.0
8480762,Eric Robinson,CAR,20102025,0.037,0.1457,-0.1086,0.0714,-0.0913,1.1811,3.1383,3519.1,6819,10000.0
8470121,Matt Greene,LAK,20102025,0.0368,-0.1295,0.1663,-0.1352,0.1625,0.1574,2.2505,3804.6,8309,10000.0
8470156,Joey Crabb,FLA,20102025,0.0366,-0.0224,0.0589,-0.0238,0.0598,0.7094,2.6097,1295.8,2603,10000.0
8475752,Tyler Pitlick,NYR,20102025,0.036,0.0035,0.0325,0.0103,0.0153,0.8783,2.7653,3727.4,7961,10000.0
8481540,Cole Caufield,MTL,20102025,0.0359,0.2706,-0.2346,0.2743,-0.1826,2.186,3.4579,3224.5,6289,10000.0
8481556,John Beecher,BOS,20102025,0.0359,-0.0566,0.0924,-0.0252,0.0504,0.7025,2.6428,952.2,2427,10000.0
8474102,David Perron,OTT,20102025,0.0358,0.022,0.0138,0.1082,-0.0094,1.3632,2.8517,11221.7,23624,10000.0
8478528,Tanner Kero,DAL,20102025,0.0355,-0.0524,0.0879,-0.0327,0.0788,0.6652,2.5433,1114.8,2384,10000.0
8475200,Dmitry Orlov,CAR,20102025,0.0353,-0.0438,0.0791,-0.0868,0.0634,0.3973,2.5972,13366.6,22930,10000.0
8470642,Shea Weber,MTL,20102025,0.0352,-0.0574,0.0926,-0.0686,0.0867,0.4876,2.5156,11833.6,23102,10000.0
8471697,Niclas Bergfors,NSH,20102025,0.0348,0.0582,-0.0233,0.055,-0.0217,1.0996,2.8948,810.1,1511,10000.0
8479398,Samuel Girard,COL,20102025,0.034,0.0415,-0.0075,-0.1096,0.0042,0.2841,2.8042,8242.4,15740,10000.0
8474570,Cody Hodgson,NSH,20102025,0.0337,0.0819,-0.0481,0.0861,-0.0291,1.2538,2.9207,3193.0,6349,10000.0
8478970,Jalen Chatfield,CAR,20102025,0.033,-0.055,0.0881,-0.1003,0.1053,0.3306,2.4505,3330.2,6237,10000.0
8477919,Frederick Gaudreau,MIN,20102025,0.0329,-0.0272,0.0601,0.0348,0.0533,0.9997,2.6326,3739.2,7838,10000.0
8482062,Cole Smith,NSH,20102025,0.0329,0.0907,-0.0578,0.0285,-0.0235,0.9682,2.9014,1864.5,4275,10000.0
8479996,Cody Glass,NJD,20102025,0.0328,0.0574,-0.0247,0.0908,-0.052,1.2769,3.001,2215.6,4639,10000.0
8479536,Axel Jonsson-Fjallby,WPG,20102025,0.0327,-0.0016,0.0343,0.0087,0.0351,0.8705,2.6963,685.1,1504,10000.0
8478075,Anders Bjork,CHI,20102025,0.0327,-0.0433,0.076,-0.0141,0.0392,0.7573,2.682,2076.6,3871,10000.0
8475780,Chris Wagner,COL,20102025,0.0324,-0.0026,0.035,0.0387,0.032,1.019,2.7072,3578.2,7500,10000.0
8459427,Rob Niedermayer,BUF,20102025,0.0317,-0.041,0.0728,-0.0438,0.0741,0.6105,2.5596,731.6,1379,10000.0
8477987,Ryan Donato,CHI,20102025,0.0317,0.1345,-0.1028,0.1366,-0.1078,1.504,3.1963,4291.1,8149,10000.0
8477353,Tyler Motte,DET,20102025,0.0317,0.0435,-0.0118,0.0511,-0.0309,1.0802,2.927,3888.4,8953,10000.0
8474089,Brad Malone,EDM,20102025,0.0315,-0.019,0.0505,-0.011,0.0452,0.7726,2.6608,1458.8,3048,10000.0
8477958,Nikolay Goldobin,VAN,20102025,0.0314,0.0703,-0.0389,0.0782,-0.0366,1.2144,2.9469,1101.9,2312,10000.0
8473658,Victor Bartley,MTL,20102025,0.031,-0.1321,0.1631,-0.1288,0.1656,0.1893,2.2396,1402.8,2497,10000.0
8474162,Jake Muzzin,TOR,20102025,0.031,-0.0527,0.0837,-0.0894,0.0515,0.3846,2.6387,10119.5,20983,10000.0
8471856,Joe Vitale,ARI,20102025,0.0306,-0.036,0.0666,-0.0362,0.0752,0.6479,2.556,1968.0,3781,10000.0
8474576,Zach Boychuk,CAR,20102025,0.0303,0.0051,0.0252,0.0069,0.0255,0.8612,2.7296,747.2,1472,10000.0
8474551,Ville Leino,BUF,20102025,0.0301,-0.0196,0.0497,-0.017,0.0519,0.743,2.6375,2483.4,4391,10000.0
8479370,Tyson Jost,CAR,20102025,0.0299,0.03,-0.0,0.0473,0.0004,1.0616,2.8177,4398.5,8988,10000.0
8475715,Oscar Lindberg,OTT,20102025,0.0295,0.0309,-0.0014,0.032,0.0001,0.9858,2.8188,2288.5,4427,10000.0
8477426,Nick Paul,TBL,20102025,0.0294,0.0266,0.0028,0.0904,0.0101,1.2749,2.7836,5104.9,10766,10000.0
8472410,Stephen Gionta,NYI,20102025,0.0293,-0.0134,0.0426,-0.0017,0.052,0.8189,2.6371,2602.6,5811,10000.0
8477591,Josh Jooris,PIT,20102025,0.0293,-0.0152,0.0444,-0.001,0.0439,0.8224,2.6655,1836.9,4212,10000.0
8481580,Connor McMichael,WSH,20102025,0.029,0.1939,-0.1648,0.1583,-0.1241,1.6111,3.2532,2343.4,4811,10000.0
8481618,Alex Newhook,MTL,20102025,0.0289,0.1506,-0.1217,0.1008,-0.1026,1.3263,3.178,2918.2,5788,10000.0
8479346,Dillon Dube,CGY,20102025,0.0287,0.0953,-0.0666,0.1097,-0.0515,1.3705,2.9994,2881.3,6424,10000.0
8474059,Linus Omark,BUF,20102025,0.0287,0.043,-0.0143,0.0412,-0.011,1.0314,2.8574,739.6,1417,10000.0
8473563,Nicklas Backstrom,WSH,20102025,0.0286,-0.0105,0.039,0.0644,0.023,1.1461,2.7384,11217.0,22126,10000.0
8471226,Drew Stafford,NJD,20102025,0.0285,0.0546,-0.0261,0.0803,-0.0125,1.2249,2.8629,6263.5,12303,10000.0
8460504,Ethan Moreau,LAK,20102025,0.028,-0.0323,0.0603,-0.0319,0.063,0.6691,2.5986,527.4,1081,10000.0
8476934,Brock McGinn,ANA,20102025,0.028,0.031,-0.0029,0.0493,-0.0194,1.0712,2.8868,5228.2,11271,10000.0
8470273,Ian White,DET,20102025,0.0272,-0.0663,0.0935,-0.0746,0.0964,0.4576,2.4817,2694.8,5188,10000.0
8474577,Joe Colborne,COL,20102025,0.0271,-0.0263,0.0534,0.0048,0.0568,0.8511,2.6202,2833.1,6125,10000.0
8473463,Leo Komarov,NYI,20102025,0.0268,-0.0092,0.0359,-0.0005,0.0096,0.8248,2.7855,5184.6,11779,10000.0
8474594,Slava Voynov,LAK,20102025,0.0266,-0.0671,0.0937,-0.0775,0.1041,0.4433,2.4548,3399.2,7000,10000.0
8479410,Mikhail Sergachev,UTA,20102025,0.0265,0.0009,0.0256,-0.0835,0.0082,0.4137,2.7902,8308.4,16291,10000.0
8476326,Josh Archibald,PIT,20102025,0.0263,-0.0065,0.0328,0.0144,0.0169,0.8988,2.76,2591.6,5801,10000.0
8476432,Boone Jenner,CBJ,20102025,0.0261,0.1756,-0.1496,0.1666,-0.1211,1.6523,3.2427,8685.6,17071,10000.0
8476967,Brett Kulak,EDM,20102025,0.026,-0.0686,0.0946,-0.1123,0.0163,0.2708,2.7618,7991.6,14071,10000.0
8477941,Nick Ritchie,CGY,20102025,0.0258,0.1052,-0.0794,0.1037,-0.0572,1.3408,3.0193,4888.9,9486,10000.0
8475177,Calvin de Haan,NYR,20102025,0.0258,-0.0794,0.1052,-0.114,0.0319,0.2627,2.7075,8906.2,16450,10000.0
8476244,Raphael Diaz,NYR,20102025,0.0256,-0.1099,0.1355,-0.1048,0.1315,0.308,2.3589,2218.8,4848,10000.0
8481711,Matias Maccelli,UTA,20102025,0.0255,0.1127,-0.0872,0.0297,-0.1106,0.9742,3.206,2082.9,4408,10000.0
8483515,Juraj SlafkovskÃ½,MTL,20102025,0.025,0.2005,-0.1756,0.1271,-0.1719,1.4567,3.4203,2047.7,3716,10000.0
8479335,Rasmus Asplund,FLA,20102025,0.025,0.0279,-0.0028,0.0201,-0.0371,0.9268,2.9488,1588.5,3225,10000.0
8475310,Curtis McKenzie,DAL,20102025,0.0248,0.0524,-0.0276,0.0435,-0.0172,1.0426,2.8793,786.2,1614,10000.0
8480028,Morgan Frost,CGY,20102025,0.0248,0.0853,-0.0605,0.1119,-0.0722,1.3813,3.0716,2821.1,6287,10000.0
8476312,Josh Manson,COL,20102025,0.0242,-0.0566,0.0808,-0.0947,0.038,0.3581,2.6859,9018.9,17008,10000.0
8478495,Denis Gurianov,PHI,20102025,0.024,0.0703,-0.0463,0.088,-0.0555,1.2631,3.0131,2893.2,6199,10000.0
8475268,Gabriel Bourque,WPG,20102025,0.0234,-0.0411,0.0644,-0.0134,0.0725,0.7608,2.5652,3620.6,7481,10000.0
8482105,Jake Sanderson,OTT,20102025,0.0233,-0.0333,0.0566,-0.068,-0.0062,0.4905,2.8407,2851.6,6805,10000.0
8459514,Jamal Mayers,CHI,20102025,0.023,-0.0134,0.0365,-0.0135,0.0429,0.7603,2.6689,1153.4,2695,10000.0
8475807,Joakim Nordstrom,CGY,20102025,0.023,-0.039,0.0621,0.0015,0.0546,0.8348,2.6279,4116.7,9115,10000.0
8470647,B.J. Crombeen,ARI,20102025,0.0228,-0.0368,0.0596,-0.0315,0.0662,0.6712,2.5874,2071.2,4312,10000.0
8474164,Jonathon Blum,MIN,20102025,0.0227,-0.1107,0.1334,-0.11,0.1361,0.2825,2.3429,1317.8,2566,10000.0
8460561,Sheldon Souray,ANA,20102025,0.0227,-0.0824,0.1051,-0.0839,0.1071,0.4117,2.4444,1439.9,2968,10000.0
8475728,Johan Larsson,WSH,20102025,0.0225,-0.0779,0.1004,-0.029,0.0751,0.6835,2.5563,4897.1,9610,10000.0
8468085,Radim Vrbata,FLA,20102025,0.0223,0.1138,-0.0915,0.1386,-0.064,1.5138,3.043,5814.1,12248,10000.0
8476808,Brian Flynn,MTL,20102025,0.0221,-0.0422,0.0643,-0.0168,0.076,0.744,2.553,2538.9,5577,10000.0
8476915,Jujhar Khaira,MIN,20102025,0.0218,-0.012,0.0337,0.0061,0.0057,0.8574,2.799,2899.0,5867,10000.0
8477450,Jason Dickinson,CHI,20102025,0.0218,-0.051,0.0728,0.011,-0.0107,0.8816,2.8565,5120.2,11157,10000.0
8474034,Patrick Maroon,CHI,20102025,0.0215,0.0635,-0.042,0.0578,-0.0082,1.1135,2.8477,8929.7,16794,10000.0
8474688,Greg Pateryn,ANA,20102025,0.0208,-0.152,0.1728,-0.1176,0.1396,0.2447,2.3305,3462.9,6388,10000.0
8479483,Yohann Auvitu,EDM,20102025,0.0201,-0.0713,0.0913,-0.0703,0.0834,0.4791,2.5271,605.4,1128,10000.0
8471862,Colin Greening,TOR,20102025,0.02,0.0529,-0.0329,0.0459,-0.0152,1.0547,2.8721,2977.5,6080,10000.0
8476466,Sven Baertschi,VGK,20102025,0.0196,0.0469,-0.0273,0.07,-0.0352,1.1738,2.9423,2760.2,5796,10000.0
8475060,Matt Taormina,TBL,20102025,0.0195,-0.1081,0.1277,-0.1067,0.127,0.2988,2.3748,718.4,1275,10000.0
8479315,Joey Anderson,CHI,20102025,0.0193,-0.0163,0.0356,-0.0183,-0.009,0.7368,2.8504,1473.3,2887,10000.0
8476437,Victor Rask,SEA,20102025,0.0192,-0.0111,0.0303,0.0076,0.0294,0.8648,2.7162,5025.6,10134,10000.0
8476422,Mike Reilly,NYI,20102025,0.0188,-0.0411,0.0598,-0.0878,0.0194,0.3925,2.7511,5052.9,9976,10000.0
8471680,Gilbert Brule,PHX,20102025,0.0183,0.0748,-0.0565,0.0759,-0.0537,1.2032,3.0068,752.9,1393,10000.0
8481606,Jordan Spence,LAK,20102025,0.0181,-0.0565,0.0747,-0.1005,0.067,0.3297,2.5847,1953.7,3613,10000.0
8475323,Marcus Kruger,CHI,20102025,0.018,-0.0063,0.0243,-0.0285,0.0312,0.686,2.7098,5157.6,12922,10000.0
8473544,Derick Brassard,OTT,20102025,0.0172,0.081,-0.0638,0.0674,-0.05,1.1612,2.9938,9983.3,21305,10000.0
8475176,Ryan Ellis,PHI,20102025,0.0167,-0.1203,0.137,-0.067,0.0981,0.4954,2.4757,8517.6,16620,10000.0
8480990,Declan Chisholm,MIN,20102025,0.0166,-0.0933,0.11,-0.1201,0.1021,0.2326,2.4616,1079.5,1888,10000.0
8473465,Jamie McGinn,FLA,20102025,0.0164,0.0379,-0.0214,0.0528,-0.0072,1.0886,2.8442,5249.6,10326,10000.0
8476924,Martin Frk,LAK,20102025,0.0163,0.0978,-0.0816,0.0951,-0.0754,1.2984,3.0829,856.0,1813,10000.0
8477508,Curtis Lazar,NJD,20102025,0.016,-0.0105,0.0265,0.0061,-0.0122,0.8573,2.8618,4898.4,10439,10000.0
8470986,Darryl Boyce,CBJ,20102025,0.0157,-0.0612,0.077,-0.0616,0.0758,0.522,2.5538,638.0,1350,10000.0
8466371,John Madden,FLA,20102025,0.0157,-0.0217,0.0374,-0.0147,0.0428,0.7546,2.6693,1045.2,2344,10000.0
8477507,Nikita Zadorov,BOS,20102025,0.0156,-0.0716,0.0872,-0.1063,0.0254,0.3005,2.7302,9373.4,18757,10000.0
8470886,Clayton Stoner,ANA,20102025,0.0155,-0.1388,0.1543,-0.1336,0.1543,0.1656,2.2792,4326.4,8796,10000.0
8471233,Travis Zajac,NYI,20102025,0.0154,-0.0113,0.0267,0.0274,0.0221,0.963,2.7417,8409.5,18336,10000.0
8470613,Brent Burns,CAR,20102025,0.0154,0.0368,-0.0214,-0.0407,0.0102,0.6256,2.7833,17008.8,34568,10000.0
8478396,Noah Hanifin,VGK,20102025,0.0152,0.06,-0.0448,-0.0747,-0.0215,0.4571,2.8944,10448.5,21250,10000.0
8475841,Tim Heed,SJS,20102025,0.0149,-0.0864,0.1012,-0.0882,0.0934,0.3905,2.4923,1037.1,1969,10000.0
8470750,John Mitchell,COL,20102025,0.0149,-0.0089,0.0239,0.0052,0.0237,0.8529,2.7362,4011.6,7958,10000.0
8480003,Jesper Boqvist,FLA,20102025,0.0146,-0.008,0.0227,0.0133,0.0077,0.8933,2.7919,2757.9,5881,10000.0
8473485,Chris Stewart,PHI,20102025,0.0137,0.0157,-0.002,0.04,0.0367,1.0251,2.6904,5389.9,10548,10000.0
8481527,Kaedan Korczak,VGK,20102025,0.0135,-0.065,0.0785,-0.1251,0.0619,0.2078,2.6025,867.4,1523,10000.0
8478870,Rudolfs Balcers,TBL,20102025,0.0134,0.0548,-0.0414,0.068,-0.0599,1.1642,3.0287,1583.7,3221,10000.0
8470678,Alexandre Picard,PIT,20102025,0.0134,-0.1016,0.1149,-0.1045,0.1156,0.3097,2.4145,667.5,1223,10000.0
8465059,Matt Bradley,FLA,20102025,0.0127,-0.0565,0.0693,-0.0555,0.0707,0.5524,2.5716,932.7,1642,10000.0
8471976,David Desharnais,NYR,20102025,0.0123,-0.0079,0.0202,0.0033,0.0325,0.8435,2.7052,5761.0,11978,10000.0
8466035,Sergei Samsonov,FLA,20102025,0.0118,0.0845,-0.0727,0.0841,-0.07,1.2438,3.0638,760.0,1538,10000.0
8471716,Justin Abdelkader,DET,20102025,0.0113,0.0257,-0.0144,0.0449,-0.0079,1.0495,2.8465,7124.0,15000,10000.0
8471402,Lennart Petrell,EDM,20102025,0.0111,-0.0684,0.0794,-0.0663,0.0784,0.4986,2.5446,643.0,1410,10000.0
8476419,Jean-Gabriel Pageau,NYI,20102025,0.0106,0.0657,-0.0551,0.079,-0.0716,1.2185,3.0697,8794.4,20614,10000.0
8476428,Rocco Grimaldi,NSH,20102025,0.0106,0.0461,-0.0356,0.0428,-0.0222,1.0392,2.8967,1893.5,3357,10000.0
8479351,Sam Steel,DAL,20102025,0.0105,0.0169,-0.0064,0.0061,0.006,0.8576,2.7981,4153.8,8303,10000.0
8473722,John Scott,MTL,20102025,0.0099,-0.1003,0.1102,-0.0984,0.1097,0.3396,2.4352,1107.2,2156,10000.0
8483457,Lane Hutson,MTL,20102025,0.0098,0.0381,-0.0283,-0.0824,-0.0711,0.4192,3.0679,1186.0,2007,10000.0
8470755,Brad Richardson,VAN,20102025,0.0095,0.0141,-0.0046,0.013,0.0086,0.8916,2.789,6088.1,13169,10000.0
8473432,Derek Dorsett,VAN,20102025,0.0093,0.021,-0.0117,0.0186,-0.0029,0.9194,2.8293,3978.2,8314,10000.0
8473908,Kevin Westgarth,CGY,20102025,0.0089,-0.0315,0.0405,-0.0271,0.0463,0.6931,2.6568,749.8,1487,10000.0
8476423,Reid Boucher,VAN,20102025,0.0089,0.1023,-0.0934,0.1016,-0.0804,1.3306,3.1003,1133.1,2219,10000.0
8475754,Brock Nelson,COL,20102025,0.0086,0.1262,-0.1176,0.183,-0.1121,1.7338,3.2114,10150.6,21844,10000.0
8472394,Peter Harrold,NJD,20102025,0.0082,-0.1148,0.123,-0.1107,0.1292,0.2791,2.3669,1570.3,3156,10000.0
8478541,Markus Hannikainen,CBJ,20102025,0.0077,0.0274,-0.0197,0.0111,-0.0087,0.8823,2.8493,631.8,1203,10000.0
8478569,Noel Acciari,PIT,20102025,0.0076,0.0027,0.0049,0.0343,-0.0163,0.9969,2.8759,5053.1,10690,10000.0
8477932,Aaron Ekblad,FLA,20102025,0.0076,0.0038,0.0038,-0.0418,0.007,0.6201,2.7945,11015.4,22437,10000.0
8473449,Kyle Okposo,FLA,20102025,0.0074,0.058,-0.0506,0.0888,-0.0451,1.2668,2.9766,9934.2,18884,10000.0
8476336,Iiro Pakarinen,EDM,20102025,0.0072,0.0296,-0.0225,0.0318,-0.0186,0.9847,2.8842,962.6,2145,10000.0
8482245,Artem Zub,OTT,20102025,0.0067,-0.1402,0.1469,-0.1275,0.0251,0.1959,2.7313,4006.6,7845,10000.0
8471956,Andrew Desjardins,CHI,20102025,0.0066,-0.014,0.0206,-0.0117,0.0402,0.7692,2.6785,3412.9,7539,10000.0
8470329,Chris Campoli,MTL,20102025,0.0065,-0.1097,0.1161,-0.1154,0.1189,0.2556,2.4031,1511.5,2972,10000.0
8473673,David Schlemko,MTL,20102025,0.0065,-0.0889,0.0953,-0.0958,0.0913,0.3526,2.4994,4718.4,9810,10000.0
8465005,Colin White,SJS,20102025,0.0061,-0.1434,0.1495,-0.1433,0.1532,0.1176,2.283,1460.0,3045,10000.0
8475730,Stephen Johns,DAL,20102025,0.0059,-0.1129,0.1188,-0.1029,0.1082,0.3177,2.4406,2145.1,4355,10000.0
8467428,Krys Barch,FLA,20102025,0.0059,-0.0736,0.0795,-0.0722,0.0796,0.4694,2.5404,825.9,1632,10000.0
8471663,Mike Blunden,OTT,20102025,0.0056,-0.054,0.0595,-0.0488,0.0617,0.5853,2.603,567.8,1028,10000.0
8474589,Tyler Ennis,OTT,20102025,0.0051,0.0728,-0.0678,0.0978,-0.0394,1.3115,2.9568,7034.3,12931,10000.0
8475650,Brandon Bollig,CGY,20102025,0.0047,-0.0612,0.0659,-0.0439,0.0717,0.6098,2.5681,1824.4,3890,10000.0
8477401,John Hayden,SEA,20102025,0.0047,0.0101,-0.0055,0.0181,-0.0278,0.917,2.9164,1956.7,3824,10000.0
8479968,Vinni Lettieri,BOS,20102025,0.0047,0.0841,-0.0794,0.072,-0.0677,1.184,3.0559,1171.1,2216,10000.0
8477962,Brendan Lemieux,CAR,20102025,0.0044,0.0213,-0.0169,0.0272,-0.0004,0.9622,2.8203,2291.5,4491,10000.0
8475834,Marcus Sorensen,SJS,20102025,0.0042,0.0347,-0.0305,0.0242,-0.0119,0.9473,2.8606,2247.8,4713,10000.0
8479439,Jacob MacDonald,SJS,20102025,0.0041,0.0135,-0.0094,-0.011,-0.0468,0.7728,2.9829,1151.9,2294,10000.0
8477494,Jonathan Drouin,COL,20102025,0.004,0.054,-0.0499,0.0586,-0.0265,1.1177,2.9118,6632.8,12973,10000.0
8469591,Cody McCormick,BUF,20102025,0.0038,-0.0502,0.054,-0.0411,0.0586,0.6234,2.6139,1653.2,3203,10000.0
8474137,Drayson Bowman,MTL,20102025,0.0036,0.0442,-0.0406,0.0406,-0.0406,1.0283,2.9612,1367.8,2827,10000.0
8480326,Sheldon Dries,VAN,20102025,0.0031,0.1088,-0.1057,0.1077,-0.1101,1.3605,3.2043,821.4,1884,10000.0
8470626,Loui Eriksson,ARI,20102025,0.003,0.005,-0.0021,0.0466,-0.0148,1.058,2.8709,8062.4,17252,10000.0
8476158,Harry Zolnierczyk,NSH,20102025,0.0027,-0.0461,0.0488,-0.0343,0.0527,0.6575,2.6346,635.2,1188,10000.0
8474661,Michal Jordan,CAR,20102025,0.0019,-0.1192,0.121,-0.1179,0.1186,0.2435,2.4039,885.9,1671,10000.0
8480995,Pontus Holmberg,TOR,20102025,0.0016,-0.0088,0.0104,0.023,0.001,0.9411,2.8156,1336.7,2815,10000.0
8470905,Randy Jones,WPG,20102025,0.0014,-0.1264,0.1278,-0.1298,0.128,0.1841,2.3712,1100.5,2278,10000.0
8475832,Tom Kuhnhackl,NYI,20102025,0.0014,-0.0363,0.0377,-0.0215,0.0381,0.7208,2.6857,2181.7,4919,10000.0
8482730,Brandt Clarke,LAK,20102025,0.0012,-0.0341,0.0353,-0.0594,0.047,0.5332,2.6546,1061.3,2045,10000.0
8482259,Bobby McMann,TOR,20102025,0.0008,0.0679,-0.0671,0.1096,-0.0823,1.3701,3.1069,1257.7,2539,10000.0
8467478,Kent Huskins,PHI,20102025,0.0005,-0.1343,0.1347,-0.1363,0.1365,0.1522,2.3414,1145.2,2230,10000.0
8474641,Adam Henrique,EDM,20102025,0.0005,0.0713,-0.0707,0.1107,-0.0722,1.3756,3.0715,10859.8,24229,10000.0
8476872,Scott Laughton,TOR,20102025,0.0002,0.0372,-0.037,0.0527,-0.0433,1.0885,2.9704,6453.7,14365,10000.0
8476166,Taylor Fedun,PIT,20102025,0.0001,-0.1007,0.1008,-0.105,0.0879,0.3072,2.5114,1415.6,2947,10000.0
8474130,Corey Tropp,ANA,20102025,-0.0005,-0.0575,0.057,-0.0531,0.0615,0.5643,2.6036,1091.6,2081,10000.0
8480855,Jack McBain,UTA,20102025,-0.0007,0.1242,-0.1249,0.0432,-0.1172,1.0414,3.229,1968.7,4823,10000.0
8473682,Andrew Ebbett,PIT,20102025,-0.0007,-0.0351,0.0344,-0.0315,0.0392,0.6714,2.6819,831.5,1743,10000.0
8480205,Emil Bemstrom,PIT,20102025,-0.0009,0.064,-0.0649,0.0705,-0.1172,1.1763,3.229,1905.8,3676,10000.0
8474600,Roman Josi,NSH,20102025,-0.0009,0.0426,-0.0434,-0.0046,-0.0112,0.8042,2.8581,15594.7,29717,10000.0
8469555,Christian Ehrhoff,CHI,20102025,-0.0017,-0.0727,0.071,-0.078,0.0779,0.4409,2.5465,5233.6,10280,10000.0
8477320,Anton Blidh,NYR,20102025,-0.0017,-0.0366,0.0349,-0.025,0.0289,0.7034,2.7179,593.6,1195,10000.0
8476981,Josh Anderson,MTL,20102025,-0.0024,0.1285,-0.1309,0.1357,-0.114,1.4996,3.2179,6829.8,13305,10000.0
8475180,Peter Holland,NYR,20102025,-0.0026,0.0529,-0.0555,0.0672,-0.0461,1.1599,2.9804,2308.8,4718,10000.0
8474578,Erik Karlsson,PIT,20102025,-0.0029,0.0906,-0.0935,-0.0539,-0.0632,0.56,3.04,16439.0,29729,10000.0
8476288,Ryan Dzingel,SJS,20102025,-0.003,0.0033,-0.0063,0.0439,-0.0362,1.0447,2.9456,4255.5,8182,10000.0
8473514,Jesse Joensuu,EDM,20102025,-0.0033,0.0251,-0.0284,0.0223,-0.0255,0.9377,2.9081,896.1,1651,10000.0
8479373,Jonathan Dahlen,SJS,20102025,-0.0036,0.1055,-0.109,0.1025,-0.1151,1.3352,3.2219,567.4,1217,10000.0
8470171,Max Talbot,BOS,20102025,-0.0036,-0.0122,0.0086,-0.0095,0.0222,0.7801,2.7413,3984.8,8453,10000.0
8479576,Vincent Desharnais,SJS,20102025,-0.0036,-0.056,0.0524,-0.1416,0.0287,0.1259,2.7185,1883.8,3907,10000.0
8480009,Eeli Tolvanen,SEA,20102025,-0.0038,0.0026,-0.0064,0.0799,-0.0162,1.2232,2.8758,3396.1,6738,10000.0
8474151,Ryan McDonagh,TBL,20102025,-0.0043,-0.0178,0.0135,-0.1028,0.0055,0.3182,2.7999,16838.5,33214,10000.0
8469760,Zbynek Michalek,ARI,20102025,-0.0047,-0.1408,0.1362,-0.1271,0.1275,0.1975,2.3727,4991.4,10131,10000.0
8474008,Paul Carey,BOS,20102025,-0.0049,-0.0461,0.0412,-0.0389,0.0426,0.6346,2.6701,736.5,1399,10000.0
8477959,Joshua Ho-Sang,NYI,20102025,-0.0049,-0.0373,0.0324,-0.044,0.0302,0.6094,2.7133,518.6,947,10000.0
8479465,Drake Caggiula,EDM,20102025,-0.0052,0.0327,-0.0379,0.0432,-0.0343,1.0413,2.9389,2821.1,5504,10000.0
8467876,Henrik Sedin,VAN,20102025,-0.0053,-0.0363,0.0309,-0.0225,0.0546,0.716,2.6279,7208.6,15367,10000.0
8478109,Victor Olofsson,VGK,20102025,-0.0054,0.0796,-0.085,0.0892,-0.0895,1.2689,3.132,3656.3,7131,10000.0
8476923,Damon Severson,CBJ,20102025,-0.006,0.0299,-0.0359,-0.0783,-0.0571,0.4396,3.0188,10671.3,20129,10000.0
8476400,Logan Shaw,OTT,20102025,-0.0063,-0.0152,0.0088,0.0094,0.0206,0.8737,2.7471,1757.3,3791,10000.0
8474518,Davis Drewiske,MTL,20102025,-0.0065,-0.122,0.1155,-0.1216,0.1177,0.225,2.4072,738.9,1545,10000.0
8474009,Nick Bonino,NYR,20102025,-0.0067,-0.0085,0.0018,0.0432,-0.0051,1.0414,2.8368,8947.9,21185,10000.0
8482665,Matty Beniers,SEA,20102025,-0.0068,0.0167,-0.0235,0.0839,-0.026,1.2426,2.9099,2755.1,5533,10000.0
8478067,Oskar Lindblom,SJS,20102025,-0.0069,0.0467,-0.0536,0.03,-0.0539,0.9758,3.0076,3066.6,6667,10000.0
8469623,Marek Zidlicky,NYI,20102025,-0.0069,-0.0639,0.057,-0.0806,0.0751,0.4278,2.5564,5295.8,10686,10000.0
8478906,Markus Nutivaara,FLA,20102025,-0.0069,-0.0827,0.0758,-0.1015,0.0452,0.3247,2.6609,3560.4,6076,10000.0
8468575,Dominic Moore,TOR,20102025,-0.0074,0.0157,-0.0231,0.0085,-0.0037,0.8695,2.8321,5255.6,11981,10000.0
8476994,Vincent Hinostroza,MIN,20102025,-0.0074,0.0699,-0.0773,0.033,-0.0779,0.9906,3.0915,3922.2,7366,10000.0
8467338,Alex Tanguay,ARI,20102025,-0.0079,0.0182,-0.0261,0.0252,-0.0156,0.9518,2.8736,3793.4,8038,10000.0
8471811,Cal O'Reilly,MIN,20102025,-0.008,-0.0296,0.0216,-0.0213,0.0252,0.7218,2.7308,904.7,1743,10000.0
8470618,Anthony Stewart,CAR,20102025,-0.0086,0.0368,-0.0454,0.0384,-0.0418,1.0174,2.9653,1296.9,2632,10000.0
8480018,Nick Suzuki,MTL,20102025,-0.0096,0.0359,-0.0454,0.1239,-0.116,1.4408,3.2248,5293.7,10861,10000.0
8471490,Adam Cracknell,ANA,20102025,-0.0097,0.0058,-0.0155,0.0049,0.0013,0.8516,2.8144,1656.2,3347,10000.0
8473579,Nikolay Kulemin,NYI,20102025,-0.0098,0.0403,-0.0501,0.0244,-0.0437,0.9483,2.972,5511.6,11837,10000.0
8480833,Vitali Kravtsov,VAN,20102025,-0.0098,0.0504,-0.0603,0.0308,-0.0665,0.9799,3.0516,532.7,969,10000.0
8471769,Niklas Hjalmarsson,ARI,20102025,-0.0101,-0.1432,0.133,-0.1337,0.0802,0.1648,2.5386,10988.5,22528,10000.0
8482667,William Eklund,SJS,20102025,-0.0103,0.1112,-0.1215,0.1196,-0.1893,1.4199,3.4815,1819.6,3616,10000.0
8481553,Bobby Brink,PHI,20102025,-0.0103,0.0373,-0.0476,0.0921,-0.048,1.2832,2.9869,1228.5,2720,10000.0
8471388,Patrick Kaleta,BUF,20102025,-0.0109,-0.0585,0.0476,-0.0505,0.0531,0.5772,2.6333,1518.6,3118,10000.0
8476300,Nikita Nesterov,CGY,20102025,-0.011,-0.1278,0.1168,-0.1021,0.1134,0.3215,2.4224,2130.2,3805,10000.0
8481716,Dmitri Voronkov,CBJ,20102025,-0.011,0.2383,-0.2492,0.1859,-0.2165,1.7482,3.5765,1421.4,2746,10000.0
8478366,Frank Vatrano,ANA,20102025,-0.0113,0.1707,-0.182,0.1465,-0.1883,1.5527,3.4779,6540.1,13235,10000.0
8476460,Mark Scheifele,WPG,20102025,-0.0116,0.1436,-0.1552,0.1451,-0.0877,1.5459,3.1257,11266.5,21069,10000.0
8479421,Jacob Moverare,LAK,20102025,-0.0116,-0.104,0.0924,-0.1355,0.079,0.1561,2.5427,815.0,1473,10000.0
8478398,Kyle Connor,WPG,20102025,-0.0117,0.1465,-0.1582,0.2021,-0.1006,1.8283,3.1711,7832.2,14730,10000.0
8474250,Zack Smith,CHI,20102025,-0.0118,-0.0336,0.0218,0.0022,0.0065,0.8383,2.7962,6692.1,14120,10000.0
8483505,Matthew Poitras,BOS,20102025,-0.012,0.0354,-0.0474,0.0094,-0.0271,0.8737,2.9137,555.7,1175,10000.0
8475736,Connor Brickley,NYR,20102025,-0.0122,0.0105,-0.0227,0.0034,-0.0229,0.8439,2.8991,638.1,1200,10000.0
8479414,Nathan Bastian,NJD,20102025,-0.0126,0.0255,-0.0381,0.0894,-0.0584,1.2702,3.0232,2153.8,4885,10000.0
8471348,Nikita Nikitin,EDM,20102025,-0.0127,-0.1136,0.1009,-0.1055,0.0986,0.3048,2.4739,3225.1,6268,10000.0
8468598,Lubomir Visnovsky,NYI,20102025,-0.0128,-0.0363,0.0235,-0.0667,0.0263,0.4968,2.7271,3840.7,6652,10000.0
8475640,Erik Gustafsson,PHI,20102025,-0.0129,-0.1159,0.103,-0.1209,0.1015,0.2283,2.4639,1239.1,2327,10000.0
8475902,Zach Trotman,PIT,20102025,-0.013,-0.1241,0.1111,-0.1117,0.1135,0.2739,2.4218,1067.0,2092,10000.0
8477929,Dennis Rasmussen,ANA,20102025,-0.013,-0.0186,0.0056,-0.0126,0.0202,0.7648,2.7483,1036.1,2283,10000.0
8468577,Niclas Wallin,SJS,20102025,-0.0138,-0.1058,0.092,-0.1102,0.0942,0.2812,2.4893,1028.3,2139,10000.0
8471283,Brandon Prust,VAN,20102025,-0.0143,-0.0208,0.0066,-0.031,0.0233,0.6736,2.7376,3720.8,7569,10000.0
8474772,Stu Bickel,MIN,20102025,-0.0147,-0.1189,0.1042,-0.1206,0.1045,0.2297,2.4535,591.6,1005,10000.0
8477341,Andreas Johnsson,SJS,20102025,-0.0154,0.0804,-0.0958,0.069,-0.0899,1.1691,3.1336,2592.7,5326,10000.0
8476285,Matthew Peca,STL,20102025,-0.0156,-0.0424,0.0268,-0.0395,0.0348,0.6314,2.6973,643.5,1291,10000.0
8471702,Matt Niskanen,PHI,20102025,-0.0157,-0.0932,0.0776,-0.1009,0.0584,0.3273,2.6148,11450.4,21258,10000.0
8475462,Radko Gudas,ANA,20102025,-0.0157,-0.052,0.0364,-0.1168,-0.0381,0.2485,2.9522,10616.4,20826,10000.0
8474736,Zac Rinaldo,CGY,20102025,-0.0157,-0.0776,0.0619,-0.047,0.0616,0.5942,2.6034,2493.3,4818,10000.0
8476356,Tobias Rieder,BUF,20102025,-0.0158,-0.0067,-0.0091,0.0487,-0.0101,1.0684,2.8542,4722.9,10174,10000.0
8481577,Philip Tomasino,PIT,20102025,-0.0159,0.0679,-0.0838,0.093,-0.0817,1.2877,3.1049,1717.7,3383,10000.0
8478507,John Marino,UTA,20102025,-0.0166,-0.1061,0.0895,-0.1168,0.017,0.2489,2.7594,4968.4,10159,10000.0
8470302,Patrick Dwyer,CAR,20102025,-0.0168,0.0249,-0.0418,0.0129,-0.0337,0.8911,2.937,3173.0,7121,10000.0
8471314,Mike Lundin,OTT,20102025,-0.0172,-0.1324,0.1152,-0.1376,0.1163,0.1455,2.412,1437.1,3048,10000.0
8475165,Anton Lander,EDM,20102025,-0.0177,-0.0123,-0.0054,-0.0073,0.0015,0.7909,2.8136,1613.8,3798,10000.0
8479982,Conor Timmins,PIT,20102025,-0.018,-0.0258,0.0078,-0.1115,-0.0239,0.2751,2.9026,1664.3,3635,10000.0
8473568,Andreas Nodl,CAR,20102025,-0.0182,0.0151,-0.0334,0.0116,-0.0309,0.8845,2.927,1268.3,2411,10000.0
8466251,Jason Chimera,ANA,20102025,-0.0187,0.0356,-0.0543,0.0202,-0.0258,0.9272,2.9094,6272.3,12403,10000.0
8471326,Patrick Bordeleau,COL,20102025,-0.0188,-0.0831,0.0643,-0.0798,0.0619,0.4321,2.6025,697.4,1358,10000.0
8470187,Johnny Boychuk,NYI,20102025,-0.0189,-0.0589,0.04,-0.0889,0.0045,0.3868,2.8033,10187.7,19362,10000.0
8470839,Shane O'Brien,FLA,20102025,-0.0189,-0.1127,0.0938,-0.1245,0.1021,0.2105,2.4617,2831.1,5533,10000.0
8465185,Willie Mitchell,FLA,20102025,-0.019,-0.1161,0.0971,-0.122,0.1062,0.2229,2.4474,4934.4,9727,10000.0
8474520,Jason Garrison,EDM,20102025,-0.0195,-0.1219,0.1024,-0.1021,0.1058,0.3215,2.449,7233.2,14610,10000.0
8480158,Andreas Borgman,TBL,20102025,-0.0196,-0.1163,0.0966,-0.1131,0.091,0.2673,2.5006,566.1,1069,10000.0
8470159,Boyd Gordon,PHI,20102025,-0.0198,-0.0327,0.0129,-0.0293,0.0195,0.6822,2.7508,3773.0,9176,10000.0
8468162,Jerred Smithson,TOR,20102025,-0.0199,-0.0694,0.0495,-0.0646,0.0549,0.5072,2.6268,1893.9,4621,10000.0
8465202,Sami Salo,TBL,20102025,-0.02,-0.0976,0.0776,-0.0982,0.0817,0.341,2.533,2789.3,6622,10000.0
8476302,Frank Corrado,PIT,20102025,-0.0203,-0.1022,0.0819,-0.0935,0.0812,0.364,2.5349,796.8,1624,10000.0
8470047,Valtteri Filppula,DET,20102025,-0.0213,-0.0422,0.0209,-0.0132,0.0337,0.762,2.701,9214.5,19123,10000.0
8478874,Adam Gaudette,OTT,20102025,-0.0219,0.0202,-0.0421,0.0977,-0.049,1.3114,2.9905,2240.2,5185,10000.0
8466285,Brian Campbell,CHI,20102025,-0.0223,-0.097,0.0747,-0.107,0.0825,0.2972,2.5304,7910.4,14710,10000.0
8477455,Jacob de la Rose,STL,20102025,-0.0226,-0.0786,0.056,-0.0377,0.052,0.6403,2.637,2093.7,4386,10000.0
8471231,Kyle Chipchura,ARI,20102025,-0.0227,-0.0351,0.0125,-0.0441,0.0146,0.6089,2.7681,2828.6,5535,10000.0
8470289,Jim Slater,WPG,20102025,-0.0228,0.0032,-0.0259,0.0037,-0.0167,0.8456,2.8773,1859.9,4414,10000.0
8480946,Dominik Kahun,EDM,20102025,-0.0229,0.0098,-0.0327,0.0148,-0.0464,0.9007,2.9813,1862.2,3389,10000.0
8470644,Colin McDonald,PHI,20102025,-0.0229,0.0589,-0.0819,0.0399,-0.0777,1.0248,3.0908,1369.5,2539,10000.0
8473466,Ryan White,MIN,20102025,-0.0236,-0.0426,0.019,-0.0285,0.0279,0.686,2.7213,2360.8,4910,10000.0
8484801,Macklin Celebrini,SJS,20102025,-0.0236,0.2016,-0.2252,0.2354,-0.217,1.9931,3.5784,740.7,1341,10000.0
8476525,Colin Miller,WPG,20102025,-0.0236,-0.0701,0.0465,-0.1001,0.0331,0.3316,2.7032,7128.2,13669,10000.0
8482125,Alexander Holtz,VGK,20102025,-0.0243,0.0558,-0.0801,0.0707,-0.0618,1.1775,3.0352,1192.2,2488,10000.0
8466145,Nick Boynton,PHI,20102025,-0.0252,-0.1247,0.0995,-0.1265,0.0997,0.2008,2.4702,530.5,975,10000.0
8459670,Kimmo Timonen,CHI,20102025,-0.0253,-0.0765,0.0512,-0.0838,0.0547,0.412,2.6277,3736.7,9279,10000.0
8480748,Kiefer Sherwood,VAN,20102025,-0.0255,0.0614,-0.0869,0.054,-0.0436,1.0945,2.9715,2300.5,4672,10000.0
8476463,Jonas Brodin,MIN,20102025,-0.0256,-0.1826,0.157,-0.1159,0.1091,0.253,2.4371,13177.8,24344,10000.0
8465058,Michal Rozsival,CHI,20102025,-0.0258,-0.1033,0.0775,-0.1277,0.0796,0.1948,2.5406,4876.9,9458,10000.0
8478911,Matt Roy,WSH,20102025,-0.0258,-0.0254,-0.0003,-0.0945,-0.0148,0.359,2.8706,6011.5,10645,10000.0
8471816,Mark Fayne,EDM,20102025,-0.0262,-0.1382,0.112,-0.1245,0.1104,0.2105,2.4326,5184.6,10534,10000.0
8467496,Andrei Markov,MTL,20102025,-0.0262,-0.1112,0.085,-0.0964,0.094,0.3499,2.49,5639.9,11704,10000.0
8474145,Robert Bortuzzo,UTA,20102025,-0.0262,-0.1079,0.0817,-0.1087,0.0293,0.2887,2.7166,5990.2,13472,10000.0
8480281,Alexey Toropchenko,STL,20102025,-0.0265,0.0329,-0.0594,0.0283,-0.0587,0.9672,3.0245,2247.0,4524,10000.0
8482177,Marat Khusnutdinov,BOS,20102025,-0.0271,-0.0904,0.0633,-0.0587,0.0434,0.5362,2.667,675.5,1320,10000.0
8471323,Ryan Jones,EDM,20102025,-0.0271,0.0253,-0.0524,0.0292,-0.0452,0.972,2.9772,2047.4,4599,10000.0
8470867,Troy Bodie,TOR,20102025,-0.0274,-0.0397,0.0122,-0.0391,0.0111,0.6336,2.78,638.5,1230,10000.0
8478431,Evgeny Svechnikov,SJS,20102025,-0.0274,0.0453,-0.0727,0.0206,-0.0805,0.9291,3.1007,1371.2,2578,10000.0
8468505,Steve Ott,MTL,20102025,-0.0275,-0.0401,0.0126,-0.0208,0.0359,0.7244,2.6935,4409.4,9954,10000.0
8470280,Ben Eager,EDM,20102025,-0.0276,-0.0006,-0.027,-0.0049,-0.0237,0.8028,2.9019,1177.1,2182,10000.0
8469472,Shaone Morrisonn,BUF,20102025,-0.0286,-0.1292,0.1006,-0.1298,0.102,0.1841,2.4621,705.0,1456,10000.0
8467881,Taylor Pyatt,PIT,20102025,-0.0286,0.0198,-0.0484,0.0138,-0.0375,0.8957,2.9501,2776.9,5025,10000.0
8476851,Alex Galchenyuk,COL,20102025,-0.0287,0.0566,-0.0853,0.0958,-0.0365,1.3016,2.9469,6555.7,13590,10000.0
8481032,Paul Cotter,NJD,20102025,-0.0288,0.0314,-0.0602,0.066,-0.0408,1.1542,2.9616,1994.0,3600,10000.0
8477330,Dominik Kubalik,OTT,20102025,-0.0288,0.0893,-0.1181,0.1299,-0.1178,1.4706,3.2313,3280.1,6598,10000.0
8477573,Nathan Walker,STL,20102025,-0.029,-0.0357,0.0067,-0.0085,-0.0188,0.7852,2.8848,1880.3,3670,10000.0
8476386,Shane Prince,NYI,20102025,-0.0292,0.0329,-0.0621,0.0352,-0.0601,1.0014,3.0294,1207.0,2233,10000.0
8477902,Dennis Everberg,COL,20102025,-0.0293,-0.0263,-0.0031,-0.0228,-0.0028,0.7144,2.8288,572.5,1154,10000.0
8466158,Scott Hannan,SJS,20102025,-0.0293,-0.1125,0.0832,-0.124,0.0953,0.213,2.4857,4193.9,7993,10000.0
8480789,Oliver Wahlstrom,BOS,20102025,-0.0294,0.0813,-0.1106,0.1158,-0.0869,1.4009,3.1229,1864.7,3918,10000.0
8479999,Casey Mittelstadt,BOS,20102025,-0.0294,0.0178,-0.0472,0.0394,-0.058,1.0226,3.0218,4337.8,8716,10000.0
8482660,Kent Johnson,CBJ,20102025,-0.0297,0.1069,-0.1366,0.079,-0.1756,1.2185,3.4335,1820.0,3526,10000.0
8480945,Juuso Riikola,PIT,20102025,-0.0301,-0.1006,0.0706,-0.0942,0.0716,0.3608,2.5685,847.4,1711,10000.0
8479619,Michael Carcone,UTA,20102025,-0.0302,0.1427,-0.1729,0.0754,-0.1278,1.2007,3.2662,1241.8,2524,10000.0
8476989,Petteri Lindbohm,FLA,20102025,-0.0305,-0.1097,0.0792,-0.1115,0.0747,0.2748,2.5578,540.5,1007,10000.0
8475788,Alexander Burmistrov,VAN,20102025,-0.0305,-0.0176,-0.0129,-0.0081,0.0044,0.7869,2.8036,3358.1,6694,10000.0
8462041,Radek Dvorak,CAR,20102025,-0.0307,-0.0247,-0.006,-0.0222,-0.001,0.7173,2.8226,1938.2,3926,10000.0
8467365,John Erskine,WSH,20102025,-0.0308,-0.13,0.0992,-0.1311,0.0981,0.1777,2.4756,2058.8,3634,10000.0
8483431,Logan Cooley,UTA,20102025,-0.031,0.066,-0.0971,0.1337,-0.0699,1.4893,3.0636,1436.5,3168,10000.0
8477406,Mattias Janmark,EDM,20102025,-0.0311,-0.0109,-0.0202,0.0157,-0.0102,0.905,2.8548,6827.8,14687,10000.0
8477220,Nate Schmidt,FLA,20102025,-0.0312,-0.0432,0.0121,-0.0935,0.0118,0.3642,2.7778,10308.5,19965,10000.0
8475613,Nate Prosser,PHI,20102025,-0.0314,-0.1854,0.154,-0.1378,0.1509,0.1446,2.2909,3530.4,7290,10000.0
8473734,Tim Wallace,CAR,20102025,-0.0315,-0.0736,0.0421,-0.0728,0.0423,0.4668,2.671,576.3,1107,10000.0
8467353,Nik Antropov,WPG,20102025,-0.0319,0.0349,-0.0668,0.0319,-0.0584,0.9852,3.0232,1880.1,3709,10000.0
8459628,Hal Gill,PHI,20102025,-0.032,-0.141,0.109,-0.142,0.1118,0.1237,2.4277,2264.6,4769,10000.0
8479755,Victor Antipin,BUF,20102025,-0.0321,-0.1498,0.1177,-0.1355,0.1184,0.1558,2.4048,514.3,965,10000.0
8475808,Michael Chaput,ARI,20102025,-0.0322,-0.0507,0.0185,-0.036,0.0242,0.6487,2.7345,1363.6,2842,10000.0
8479066,Ryan Lomberg,CGY,20102025,-0.0323,0.0324,-0.0646,0.0331,-0.0463,0.991,2.9812,2566.2,5261,10000.0
8475208,Brian Dumoulin,NJD,20102025,-0.0323,-0.1141,0.0818,-0.1158,0.0024,0.2538,2.8106,10626.3,21012,10000.0
8474161,Jakub Voracek,CBJ,20102025,-0.0325,0.0389,-0.0714,0.074,-0.0578,1.1937,3.0214,10277.2,21270,10000.0
8477452,Ian McCoshen,FLA,20102025,-0.0328,-0.1343,0.1015,-0.1268,0.0954,0.199,2.4852,645.0,1166,10000.0
8470151,Jay Bouwmeester,STL,20102025,-0.0328,-0.1296,0.0968,-0.1172,0.088,0.247,2.5111,11142.5,22508,10000.0
8478146,Matthew Highmore,OTT,20102025,-0.0329,0.0147,-0.0476,-0.0059,-0.0599,0.7982,3.0286,1491.5,3228,10000.0
8480029,Alex Formenton,OTT,20102025,-0.0332,0.1039,-0.1372,0.1292,-0.1286,1.4672,3.2689,975.6,2143,10000.0
8480727,Zach Whitecloud,VGK,20102025,-0.0334,-0.0948,0.0614,-0.1149,0.0095,0.2581,2.7859,4702.6,8689,10000.0
8480797,Joel Farabee,CGY,20102025,-0.0334,0.0903,-0.1237,0.094,-0.0901,1.2927,3.1342,4052.2,9009,10000.0
8471232,Lauri Korpikoski,CBJ,20102025,-0.0339,0.0344,-0.0683,0.0319,-0.0479,0.9854,2.9865,4648.7,10376,10000.0
8475793,Ryan Johansen,COL,20102025,-0.0339,0.0336,-0.0675,0.0612,-0.0195,1.1303,2.8873,10098.9,21572,10000.0
8468927,Steve Montador,CHI,20102025,-0.0341,-0.0869,0.0528,-0.0929,0.0597,0.3671,2.61,1529.7,3023,10000.0
8460626,Bryce Salvador,NJD,20102025,-0.0342,-0.1492,0.115,-0.1406,0.124,0.1308,2.3853,2662.5,5036,10000.0
8465122,Brett Clark,MIN,20102025,-0.0345,-0.1131,0.0786,-0.1108,0.0797,0.2783,2.5403,2166.8,5006,10000.0
8480355,Mark Kastelic,BOS,20102025,-0.0348,0.0168,-0.0516,0.0217,-0.0379,0.9346,2.9514,1303.0,3019,10000.0
8467915,Mike Commodore,TBL,20102025,-0.0357,-0.0993,0.0636,-0.0979,0.0639,0.3423,2.5954,507.9,1075,10000.0
8468778,Colton Orr,TOR,20102025,-0.0357,-0.0998,0.0641,-0.0948,0.0647,0.3578,2.5927,685.8,1340,10000.0
8479250,Nick Lappin,NJD,20102025,-0.0367,-0.0157,-0.021,-0.0051,-0.0171,0.8022,2.879,533.6,972,10000.0
8475223,Linden Vey,CGY,20102025,-0.0367,-0.0137,-0.023,-0.0103,-0.015,0.7762,2.8713,1195.8,2498,10000.0
8466182,Henrik Tallinder,BUF,20102025,-0.0368,-0.1267,0.0898,-0.1272,0.0983,0.1972,2.475,2983.4,5543,10000.0
8478458,Jack Roslovic,CAR,20102025,-0.037,0.0669,-0.1039,0.0632,-0.1117,1.1403,3.2097,5192.5,10179,10000.0
8473933,Ben Lovejoy,DAL,20102025,-0.0371,-0.1053,0.0682,-0.1146,0.0593,0.2598,2.6115,7333.9,14749,10000.0
8465210,Pavel Kubina,PHI,20102025,-0.0377,-0.1119,0.0742,-0.1147,0.0784,0.2591,2.5448,1982.6,4013,10000.0
8471238,Rob Schremp,ATL,20102025,-0.038,0.0481,-0.0861,0.0475,-0.0857,1.0623,3.1189,592.6,1049,10000.0
8459462,Bryan McCabe,NYR,20102025,-0.0382,-0.0692,0.031,-0.0699,0.0329,0.4811,2.7037,826.4,1627,10000.0
8469992,Sheldon Brookbank,CHI,20102025,-0.0383,-0.1219,0.0836,-0.1216,0.0854,0.2248,2.5202,2116.4,3824,10000.0
8476323,Max McCormick,SEA,20102025,-0.0386,-0.031,-0.0076,-0.0157,-0.0044,0.7494,2.8344,616.5,1134,10000.0
8468639,John-Michael Liles,BOS,20102025,-0.0389,-0.0959,0.057,-0.0925,0.0512,0.3691,2.6398,5064.5,10326,10000.0
8471724,Kris Letang,PIT,20102025,-0.0394,-0.0076,-0.0318,-0.0527,-0.0157,0.5662,2.8738,15024.5,29102,10000.0
8465050,Eric Belanger,EDM,20102025,-0.0401,0.0378,-0.0779,0.0329,-0.0689,0.9902,3.0601,1815.0,4301,10000.0
8470265,Anton Babchuk,CGY,20102025,-0.0401,-0.085,0.0449,-0.0871,0.0482,0.3959,2.6505,1207.9,2394,10000.0
8470054,Keith Ballard,MIN,20102025,-0.0404,-0.1142,0.0738,-0.113,0.0833,0.2674,2.5276,2251.3,4816,10000.0
8473942,Trevor Smith,NSH,20102025,-0.0406,-0.0401,-0.0005,-0.0372,0.0029,0.643,2.809,764.9,1462,10000.0
8473953,Derek Smith,CGY,20102025,-0.0407,-0.1072,0.0665,-0.1065,0.069,0.2998,2.5774,933.8,1741,10000.0
8477504,Josh Morrissey,WPG,20102025,-0.0411,-0.0226,-0.0185,-0.0653,-0.0106,0.5039,2.856,10295.0,18725,10000.0
8470828,Toby Enstrom,WPG,20102025,-0.0415,-0.1165,0.075,-0.125,0.0667,0.2079,2.5857,6852.6,13055,10000.0
8479644,Matt Luff,DET,20102025,-0.0418,-0.0205,-0.0213,0.0277,-0.0235,0.9645,2.9013,826.2,1540,10000.0
8460503,Mattias Ohlund,TBL,20102025,-0.042,-0.1464,0.1044,-0.1487,0.1051,0.0909,2.4512,1128.9,2461,10000.0
8478563,Evgeny Medvedev,PHI,20102025,-0.0423,-0.0713,0.029,-0.0757,0.0306,0.4524,2.7121,555.2,1112,10000.0
8476289,Alexey Marchenko,TOR,20102025,-0.0425,-0.1268,0.0843,-0.1254,0.0755,0.2061,2.5548,1460.2,3057,10000.0
8467917,Jordan Leopold,MIN,20102025,-0.0425,-0.1126,0.0701,-0.1088,0.0805,0.2885,2.5375,3611.8,7073,10000.0
8470601,Braydon Coburn,OTT,20102025,-0.0425,-0.1407,0.0982,-0.1122,0.0856,0.2712,2.5194,9798.4,19274,10000.0
8469665,Johnny Oduya,PHI,20102025,-0.0427,-0.123,0.0803,-0.1255,0.0698,0.2055,2.5749,8518.7,17398,10000.0
8480873,Rasmus Sandin,WSH,20102025,-0.0427,0.0399,-0.0826,-0.1099,-0.075,0.2827,3.0813,3944.4,7184,10000.0
8469492,Fedor Tyutin,COL,20102025,-0.0434,-0.1303,0.0868,-0.1196,0.0814,0.2348,2.5341,6080.0,12139,10000.0
8476931,Jake McCabe,TOR,20102025,-0.0437,-0.1105,0.0668,-0.1168,-0.0167,0.2487,2.8774,8836.0,17589,10000.0
8470222,James Wisniewski,CAR,20102025,-0.044,-0.0591,0.0151,-0.0654,0.0274,0.5034,2.7233,4054.6,7855,10000.0
8469501,Chris Thorburn,STL,20102025,-0.0441,-0.0482,0.0041,-0.0331,0.0199,0.6635,2.7495,3674.1,7601,10000.0
8476966,Gemel Smith,DET,20102025,-0.0442,-0.0647,0.0205,-0.0558,0.0256,0.551,2.7296,672.2,1336,10000.0
8477944,Jakub Vrana,NSH,20102025,-0.0445,0.1084,-0.1529,0.1206,-0.1164,1.4245,3.2264,4095.8,7359,10000.0
8475759,Brandon Gormley,COL,20102025,-0.0445,-0.1344,0.0899,-0.1257,0.0897,0.2046,2.505,570.4,1175,10000.0
8476207,Brian Gibbons,CAR,20102025,-0.0451,-0.057,0.0119,-0.0313,0.0099,0.6721,2.7845,1806.6,3771,10000.0
8467344,Robyn Regehr,LAK,20102025,-0.0453,-0.1305,0.0853,-0.1378,0.094,0.1448,2.4901,4795.7,9989,10000.0
8481554,Kaapo Kakko,SEA,20102025,-0.0455,0.0406,-0.0861,0.0519,-0.0803,1.0844,3.1001,4021.4,7637,10000.0
8474705,Mark Olver,COL,20102025,-0.0456,-0.0217,-0.024,-0.0217,-0.0218,0.7198,2.8954,605.4,1119,10000.0
8471873,Anton Stralman,BOS,20102025,-0.0458,-0.0963,0.0505,-0.1067,0.0334,0.2986,2.7023,11770.3,22317,10000.0
8477512,Frederik Gauthier,NJD,20102025,-0.046,-0.0571,0.0112,-0.0352,0.0125,0.6527,2.7751,1176.0,2621,10000.0
8477488,Brett Pesce,NJD,20102025,-0.0461,-0.0529,0.0068,-0.0954,0.026,0.3547,2.7279,10519.4,19431,10000.0
8480845,Rasmus Kupari,WPG,20102025,-0.0463,-0.0589,0.0126,-0.0065,0.0185,0.7948,2.7543,1617.5,3450,10000.0
8469465,Dan Hamhuis,NSH,20102025,-0.0465,-0.1406,0.0941,-0.12,0.0848,0.2329,2.5223,9035.9,18775,10000.0
8469508,Jay McClement,CAR,20102025,-0.0465,-0.0231,-0.0234,-0.0135,-0.0026,0.7603,2.8281,4449.3,10294,10000.0
8473507,Jeff Petry,DET,20102025,-0.0469,-0.0579,0.011,-0.0951,-0.0034,0.3563,2.8309,13683.5,27166,10000.0
8476888,Mikhail Grigorenko,CBJ,20102025,-0.0469,-0.0345,-0.0124,-0.0103,-0.0145,0.7764,2.8698,2249.6,4303,10000.0
8473542,Tom Sestito,PIT,20102025,-0.0471,-0.0691,0.0219,-0.0648,0.0244,0.5064,2.7335,758.5,1526,10000.0
8478415,Jakub Zboril,BOS,20102025,-0.0474,-0.1077,0.0603,-0.1149,0.0613,0.258,2.6046,816.3,1681,10000.0
8471743,Vladimir Sobotka,BUF,20102025,-0.0475,-0.0647,0.0172,-0.0205,0.0305,0.7259,2.7122,4500.8,10136,10000.0
8474091,Brandon Sutter,VAN,20102025,-0.0478,0.0259,-0.0737,0.0486,-0.0481,1.0682,2.9874,6942.3,16571,10000.0
8479985,Cale Fleury,SEA,20102025,-0.048,-0.089,0.041,-0.1139,0.0441,0.263,2.6648,780.3,1381,10000.0
8481237,Kyle MacLean,NYI,20102025,-0.0481,-0.0734,0.0253,-0.0192,0.0099,0.7322,2.7842,799.9,1625,10000.0
8468542,Paul Martin,SJS,20102025,-0.0481,-0.0949,0.0469,-0.1284,0.066,0.1911,2.588,7607.5,14555,10000.0
8481477,Nico Sturm,FLA,20102025,-0.0483,0.0609,-0.1092,0.0214,-0.1269,0.9333,3.2629,2793.8,6378,10000.0
8470640,Matt Carle,NSH,20102025,-0.0487,-0.1146,0.0659,-0.1119,0.0777,0.273,2.547,6609.3,12870,10000.0
8476897,Oskar Sundqvist,STL,20102025,-0.049,-0.0277,-0.0213,0.0331,-0.0355,0.9913,2.9432,4451.5,9746,10000.0
8475118,Matt Gilroy,FLA,20102025,-0.0494,-0.0806,0.0312,-0.0846,0.0358,0.4083,2.6937,1756.9,3320,10000.0
8464981,Cory Sarich,COL,20102025,-0.0497,-0.14,0.0903,-0.1364,0.0932,0.1517,2.4928,2623.5,5162,10000.0
8480008,Adam Ruzicka,ARI,20102025,-0.05,0.0114,-0.0614,0.0387,-0.0371,1.0188,2.9489,780.3,1816,10000.0
8481028,Martin Pospisil,CGY,20102025,-0.0502,-0.0317,-0.0184,0.0486,-0.0439,1.068,2.9724,1324.4,2683,10000.0
8468498,Brooks Orpik,WSH,20102025,-0.0502,-0.1617,0.1115,-0.1392,0.0848,0.1378,2.5224,9072.1,16409,10000.0
8474218,Jason Demers,EDM,20102025,-0.051,-0.1106,0.0595,-0.1026,0.0372,0.3191,2.6887,8583.8,17792,10000.0
8470775,Nate Thompson,PHI,20102025,-0.0513,-0.0919,0.0406,-0.0415,0.0522,0.6219,2.6365,6924.1,15931,10000.0
8479992,Michael Rasmussen,DET,20102025,-0.0513,0.0304,-0.0818,0.0794,-0.0757,1.2203,3.0837,3546.8,7486,10000.0
8474563,Drew Doughty,LAK,20102025,-0.0513,-0.0523,0.001,-0.085,0.0446,0.4063,2.6631,17795.5,33743,10000.0
8468309,Mark Streit,MTL,20102025,-0.0513,-0.0626,0.0113,-0.0804,0.021,0.429,2.7456,5907.9,11736,10000.0
8474074,Paul Postma,BOS,20102025,-0.0514,-0.0914,0.04,-0.1003,0.0498,0.3306,2.6447,1934.5,3517,10000.0
8471657,Cody McLeod,NSH,20102025,-0.0517,-0.0628,0.0111,-0.0218,0.011,0.7194,2.7804,3959.0,8077,10000.0
8476919,Chris Tierney,NJD,20102025,-0.0517,-0.0221,-0.0296,-0.0153,-0.0369,0.7513,2.948,6272.4,13923,10000.0
8479423,Alexander Nylander,TOR,20102025,-0.0519,0.1161,-0.168,0.0848,-0.1594,1.2475,3.3767,1177.5,2089,10000.0
8464962,Ruslan Salei,DET,20102025,-0.0522,-0.112,0.0598,-0.1162,0.0631,0.2519,2.5981,1049.2,1945,10000.0
8465914,Francis Bouillon,MTL,20102025,-0.0525,-0.1373,0.0848,-0.1281,0.0905,0.1926,2.5022,2925.5,5371,10000.0
8477503,Max Domi,TOR,20102025,-0.0525,0.1093,-0.1617,0.0558,-0.1187,1.1038,3.2344,7815.9,15993,10000.0
8474571,Mikkel Boedker,OTT,20102025,-0.0532,0.0372,-0.0904,0.0495,-0.0556,1.0722,3.0135,6442.7,13180,10000.0
8476191,Kevan Miller,BOS,20102025,-0.0534,-0.1463,0.0929,-0.1325,0.0865,0.1711,2.5165,4879.9,9563,10000.0
8470760,Marc Methot,DAL,20102025,-0.054,-0.1612,0.1072,-0.1311,0.0828,0.1779,2.5294,6993.3,13640,10000.0
8476278,Colin Blackwell,DAL,20102025,-0.0546,-0.0494,-0.0053,0.0218,-0.0232,0.9353,2.9003,2532.4,5338,10000.0
8469480,Jeff Woywitka,NYR,20102025,-0.055,-0.1292,0.0742,-0.1278,0.0763,0.1941,2.5519,1042.8,1844,10000.0
8478055,Gustav Forsling,FLA,20102025,-0.0553,-0.0092,-0.0461,-0.0794,-0.0141,0.4341,2.8683,7235.0,15295,10000.0
8476871,Tanner Pearson,VGK,20102025,-0.0558,0.0831,-0.1389,0.0864,-0.0837,1.2553,3.1117,7501.5,15994,10000.0
8477948,Travis Sanheim,PHI,20102025,-0.0559,-0.0728,0.0169,-0.0704,-0.0125,0.4783,2.8628,8116.2,16350,10000.0
8476443,Xavier Ouellet,MTL,20102025,-0.0562,-0.1013,0.0451,-0.1043,0.042,0.3104,2.672,2075.6,3871,10000.0
8476870,Stefan Matteau,COL,20102025,-0.0564,-0.028,-0.0284,-0.0179,-0.0303,0.7384,2.9251,724.8,1359,10000.0
8482175,John-Jason Peterka,BUF,20102025,-0.0567,0.1418,-0.1985,0.1401,-0.1687,1.5214,3.4094,2288.8,4579,10000.0
8477244,Chad Ruhwedel,NYR,20102025,-0.0577,-0.1269,0.0692,-0.1224,0.0271,0.221,2.724,4045.2,8214,10000.0
8474717,Mark Barberio,COL,20102025,-0.058,-0.1323,0.0743,-0.1058,0.0711,0.3031,2.5701,3253.0,5896,10000.0
8471817,Ryan Reaves,TOR,20102025,-0.0584,-0.0781,0.0198,-0.0232,0.0299,0.7124,2.7144,6783.3,12778,10000.0
8474590,John Carlson,WSH,20102025,-0.0589,0.0213,-0.0802,-0.0302,-0.0414,0.6777,2.9639,16405.6,32248,10000.0
8478882,Vladislav Gavrikov,LAK,20102025,-0.0592,-0.0577,-0.0015,-0.1039,-0.0279,0.3128,2.9166,6266.7,11251,10000.0
8477969,Marcus Pettersson,VAN,20102025,-0.0597,-0.0461,-0.0136,-0.1133,-0.0088,0.2662,2.8497,6872.2,12965,10000.0
8477009,Jake Dotchin,ANA,20102025,-0.06,-0.1504,0.0904,-0.1255,0.0874,0.2055,2.5132,1276.4,2092,10000.0
8474774,Dalton Prout,SJS,20102025,-0.0606,-0.1236,0.063,-0.1362,0.0646,0.1527,2.5929,3166.8,5589,10000.0
8467452,Rob Scuderi,LAK,20102025,-0.0607,-0.15,0.0894,-0.1479,0.1038,0.0947,2.4557,6251.1,12285,10000.0
8476331,Dylan DeMelo,WPG,20102025,-0.061,-0.102,0.0411,-0.1245,0.0225,0.2105,2.7404,8400.8,16305,10000.0
8468095,George Parros,MTL,20102025,-0.061,-0.091,0.03,-0.0885,0.0351,0.3891,2.6961,953.9,1721,10000.0
8479976,Juuso Välimäki,UTA,20102025,-0.0617,-0.1002,0.0384,-0.0944,-0.0172,0.3598,2.8792,3061.4,6286,10000.0
8479356,Kieffer Bellows,NSH,20102025,-0.0618,0.0491,-0.111,0.0554,-0.0914,1.1017,3.1388,886.8,1651,10000.0
8477850,Christian Folin,MTL,20102025,-0.0619,-0.1501,0.0882,-0.1356,0.091,0.1556,2.5005,2801.1,5203,10000.0
8471279,Sami Lepisto,CHI,20102025,-0.062,-0.1136,0.0516,-0.1141,0.0526,0.262,2.6348,1033.9,2007,10000.0
8476477,Matt Puempel,DET,20102025,-0.0625,0.0328,-0.0954,0.0362,-0.0846,1.0065,3.115,638.9,1284,10000.0
8476779,Brad Hunt,COL,20102025,-0.0627,-0.0957,0.033,-0.0872,0.0268,0.3952,2.7252,2850.1,5479,10000.0
8477845,Trevor van Riemsdyk,WSH,20102025,-0.0634,-0.091,0.0276,-0.1172,0.0149,0.2469,2.7669,8648.3,16383,10000.0
8475213,Drew Shore,CAR,20102025,-0.0635,-0.0171,-0.0464,-0.0113,-0.0417,0.7713,2.965,894.6,1808,10000.0
8475455,Brenden Dillon,NJD,20102025,-0.0636,-0.0721,0.0084,-0.1266,0.0025,0.1999,2.8104,13319.5,25327,10000.0
8471521,Brad Staubitz,ANA,20102025,-0.0636,-0.0809,0.0173,-0.0758,0.0216,0.4516,2.7435,738.1,1355,10000.0
8476858,Phillip Di Giuseppe,VAN,20102025,-0.0636,-0.0248,-0.0388,0.0124,-0.0382,0.8886,2.9526,2670.7,5326,10000.0
8479543,Michael Pezzetta,MTL,20102025,-0.0639,-0.0202,-0.0437,0.0174,-0.0709,0.9136,3.0671,1160.3,2245,10000.0
8477240,Carter Rowney,DET,20102025,-0.0642,-0.0797,0.0155,-0.0411,0.0007,0.6238,2.8166,2130.1,4715,10000.0
8476892,Colton Parayko,STL,20102025,-0.0646,-0.1766,0.112,-0.0815,-0.0058,0.4235,2.8393,11627.6,23412,10000.0
8479639,Dylan Coghlan,WPG,20102025,-0.0649,-0.0105,-0.0544,-0.0718,-0.0359,0.4715,2.9445,1085.1,2015,10000.0
8475869,Brandon Davidson,BUF,20102025,-0.0649,-0.1241,0.0592,-0.1157,0.0503,0.2539,2.6431,2124.6,4129,10000.0
8477415,Anton Slepyshev,EDM,20102025,-0.0652,0.0277,-0.0929,0.0227,-0.0787,0.9394,3.0945,1013.5,1775,10000.0
8471274,Alex Goligoski,MIN,20102025,-0.0653,-0.0489,-0.0164,-0.106,-0.0012,0.302,2.8233,13249.7,26252,10000.0
8479359,Beck Malenstyn,BUF,20102025,-0.0654,-0.0257,-0.0397,0.0042,-0.0205,0.8482,2.8906,1369.0,3090,10000.0
8473989,Luke Gazdic,NJD,20102025,-0.066,-0.0593,-0.0067,-0.0531,-0.0026,0.5643,2.828,740.2,1427,10000.0
8473484,Kaspars Daugavins,BOS,20102025,-0.0662,0.0127,-0.0789,0.0112,-0.0764,0.8829,3.0864,694.6,1638,10000.0
8480880,Jakub Lauko,BOS,20102025,-0.0665,-0.0844,0.0179,-0.0113,0.026,0.7713,2.7282,994.1,2043,10000.0
8476162,Steve Oleksy,PIT,20102025,-0.0667,-0.1194,0.0527,-0.1195,0.0566,0.2355,2.6208,893.8,1541,10000.0
8479994,Jaret Anderson-Dolan,WPG,20102025,-0.0668,-0.0221,-0.0447,-0.0056,-0.0428,0.7994,2.9688,1112.1,2164,10000.0
8477937,Jake Virtanen,VAN,20102025,-0.0673,0.0708,-0.1381,0.0712,-0.1118,1.1797,3.2101,2981.8,6459,10000.0
8471742,Cody Franson,CHI,20102025,-0.0678,-0.1097,0.042,-0.0998,0.0559,0.3328,2.6233,5866.4,12458,10000.0
8479268,Casey Nelson,BUF,20102025,-0.0682,-0.1415,0.0733,-0.1242,0.0701,0.2122,2.5737,1124.0,2034,10000.0
8473991,Karl Alzner,MTL,20102025,-0.0685,-0.1589,0.0904,-0.1307,0.0893,0.18,2.5066,9607.8,18181,10000.0
8471241,Mark Fistric,ANA,20102025,-0.0686,-0.148,0.0794,-0.1428,0.084,0.1197,2.5251,2042.0,4053,10000.0
8467331,Brad Stuart,COL,20102025,-0.0688,-0.1017,0.0329,-0.1199,0.0471,0.2334,2.6544,4791.8,9451,10000.0
8475182,David Rundblad,CHI,20102025,-0.0694,-0.087,0.0176,-0.0904,0.0246,0.3795,2.7331,1105.9,2123,10000.0
8475236,Cody Eakin,BUF,20102025,-0.07,-0.0561,-0.0139,-0.0029,0.0036,0.8131,2.8064,7338.0,15597,10000.0
8479511,Janne Kuokkanen,NJD,20102025,-0.0703,-0.0204,-0.0499,-0.0022,-0.0555,0.8166,3.0131,1147.5,2320,10000.0
8471766,Jared Boll,ANA,20102025,-0.0705,-0.1048,0.0343,-0.0857,0.0414,0.4028,2.674,2125.4,4091,10000.0
8474031,Kevin Shattenkirk,BOS,20102025,-0.0708,-0.0856,0.0148,-0.0676,-0.0155,0.4925,2.8731,12912.4,26407,10000.0
8483493,Frank Nazar,CHI,20102025,-0.0712,0.1261,-0.1973,0.1628,-0.1935,1.6337,3.496,504.6,994,10000.0
8478104,Sammy Blais,STL,20102025,-0.0715,-0.0403,-0.0312,0.008,-0.0487,0.8671,2.9893,2262.8,4150,10000.0
8476906,Shayne Gostisbehere,CAR,20102025,-0.0715,-0.0168,-0.0548,-0.0491,-0.0322,0.5843,2.9316,8810.0,17356,10000.0
8473548,Phil Kessel,VGK,20102025,-0.0717,0.0947,-0.1664,0.1142,-0.0899,1.3931,3.1336,11704.8,23598,10000.0
8478469,Thomas Chabot,OTT,20102025,-0.0719,-0.0244,-0.0475,-0.0616,-0.0638,0.5223,3.0422,7572.6,13679,10000.0
8477407,Anthony Duclair,NYI,20102025,-0.0728,0.1302,-0.203,0.112,-0.1539,1.3819,3.3574,6155.9,12733,10000.0
8470724,Kyle Quincey,MIN,20102025,-0.0732,-0.1207,0.0475,-0.1117,0.0614,0.2738,2.604,5854.0,12396,10000.0
8479291,Kevin Rooney,CGY,20102025,-0.0738,-0.0713,-0.0025,0.0096,-0.0294,0.8746,2.9218,2443.7,5752,10000.0
8478407,Vince Dunn,SEA,20102025,-0.074,-0.0235,-0.0505,-0.0717,-0.0249,0.4721,2.9061,7420.3,13956,10000.0
8474184,Keaton Ellerby,WPG,20102025,-0.0742,-0.1297,0.0554,-0.1325,0.0606,0.1708,2.6071,2139.9,3937,10000.0
8475763,Kevin Hayes,PIT,20102025,-0.075,0.0938,-0.1688,0.0967,-0.1088,1.306,3.1997,8014.3,17564,10000.0
8458938,Roman Hamrlik,NYR,20102025,-0.0751,-0.1138,0.0387,-0.117,0.0437,0.2478,2.6662,2466.9,4543,10000.0
8475625,Matt Irwin,WSH,20102025,-0.0751,-0.1553,0.0802,-0.1053,0.062,0.3056,2.6021,5514.3,10310,10000.0
8478043,Sam Lafferty,BUF,20102025,-0.0754,-0.0439,-0.0315,0.0176,-0.0332,0.9145,2.935,2829.8,6160,10000.0
8478851,Alexandre Carrier,MTL,20102025,-0.0755,-0.0823,0.0067,-0.1026,-0.0367,0.3189,2.9475,3922.0,8003,10000.0
8478133,Jake Evans,MTL,20102025,-0.0758,0.0292,-0.105,0.0156,-0.1011,0.9044,3.1726,3207.4,7202,10000.0
8474870,Tyler Johnson,BOS,20102025,-0.076,0.0057,-0.0817,0.09,-0.0658,1.2729,3.0492,8702.6,18011,10000.0
8482089,Jake Neighbours,STL,20102025,-0.0768,0.0457,-0.1226,0.1278,-0.0977,1.4601,3.1609,1985.1,4079,10000.0
8468114,Douglas Murray,MTL,20102025,-0.0769,-0.1271,0.0501,-0.1247,0.0594,0.2093,2.6111,3220.8,6486,10000.0
8469534,Aaron Johnson,BOS,20102025,-0.0781,-0.1053,0.0272,-0.1047,0.0271,0.3088,2.7242,724.4,1401,10000.0
8475413,Justin Dowling,NJD,20102025,-0.0783,-0.0875,0.0091,-0.0458,0.0034,0.6006,2.8069,1259.6,2711,10000.0
8478452,Caleb Jones,LAK,20102025,-0.0785,-0.0807,0.0022,-0.1104,-0.0591,0.2804,3.0257,2828.1,5058,10000.0
8471242,Mike Green,EDM,20102025,-0.0788,-0.0985,0.0196,-0.0683,0.0103,0.4889,2.7829,8580.4,15548,10000.0
8481523,Kirby Dach,MTL,20102025,-0.079,0.0433,-0.1223,0.086,-0.1313,1.2531,3.2785,2780.2,5282,10000.0
8470310,Aaron Rome,DAL,20102025,-0.0791,-0.1161,0.037,-0.1202,0.0441,0.232,2.6647,1758.5,3567,10000.0
8470283,Tim Brent,CAR,20102025,-0.0795,-0.0356,-0.0439,-0.0292,-0.0417,0.6826,2.965,1242.7,2991,10000.0
8471714,Michael Sauer,NYR,20102025,-0.0795,-0.0972,0.0177,-0.1077,0.0213,0.2937,2.7445,1226.3,2380,10000.0
8476409,Alan Quine,CGY,20102025,-0.0798,0.0015,-0.0813,-0.0023,-0.0699,0.8157,3.0637,1024.9,1989,10000.0
8479026,Philippe Myers,TOR,20102025,-0.0798,-0.1271,0.0473,-0.1039,0.0096,0.3127,2.7854,2420.3,4566,10000.0
8479998,Mikey Anderson,LAK,20102025,-0.0803,-0.1625,0.0822,-0.1141,0.0368,0.2622,2.6902,5211.5,8510,10000.0
8474497,Michael Kostka,OTT,20102025,-0.0804,-0.1001,0.0198,-0.0967,0.0223,0.3483,2.741,1071.2,2113,10000.0
8480865,Noah Dobson,NYI,20102025,-0.0804,-0.0297,-0.0507,-0.0622,-0.0833,0.5194,3.1106,5087.8,10153,10000.0
8476279,Jyrki Jokipakka,OTT,20102025,-0.0809,-0.1365,0.0555,-0.1325,0.0553,0.171,2.6254,1690.1,3287,10000.0
8471693,Jakub Kindl,FLA,20102025,-0.081,-0.1156,0.0347,-0.103,0.0461,0.3168,2.6578,3836.9,7387,10000.0
8466142,Eric Brewer,TOR,20102025,-0.0812,-0.1091,0.028,-0.1131,0.0405,0.267,2.6772,4796.7,9432,10000.0
8471240,Jeff Schultz,LAK,20102025,-0.0813,-0.1487,0.0675,-0.1486,0.0708,0.0914,2.5712,2307.8,4058,10000.0
8477467,Gustav Olofsson,SEA,20102025,-0.0813,-0.1393,0.058,-0.1241,0.0621,0.2124,2.6016,599.8,1035,10000.0
8471385,Adam Pardy,NSH,20102025,-0.0819,-0.1099,0.0279,-0.1194,0.0404,0.2356,2.6778,2434.5,4503,10000.0
8477435,Ryan Graves,PIT,20102025,-0.082,-0.018,-0.064,-0.103,-0.0589,0.3169,3.025,5444.8,10512,10000.0
8459587,Todd Marchant,ANA,20102025,-0.0821,-0.0622,-0.0199,-0.0607,-0.0166,0.5266,2.8772,665.9,1645,10000.0
8469598,Kevin Bieksa,ANA,20102025,-0.0827,-0.0972,0.0145,-0.0965,0.0359,0.3493,2.6933,7788.1,15012,10000.0
8474673,TJ Brodie,CHI,20102025,-0.0828,-0.1275,0.0447,-0.1221,-0.0072,0.2223,2.8441,14133.2,27879,10000.0
8470192,Steve Eminger,NYR,20102025,-0.0828,-0.1216,0.0389,-0.1313,0.0431,0.1769,2.6681,1577.7,2904,10000.0
8460720,Eric Boulton,NYI,20102025,-0.0829,-0.043,-0.04,-0.0399,-0.0353,0.6296,2.9424,1035.7,2043,10000.0
8476822,Luke Glendening,TBL,20102025,-0.0836,-0.0992,0.0155,0.0016,0.0187,0.8354,2.7537,7729.7,18692,10000.0
8476869,Brady Skjei,NSH,20102025,-0.0836,-0.0425,-0.0411,-0.0691,0.004,0.4848,2.8049,10176.2,19969,10000.0
8477964,Ivan Barbashev,VGK,20102025,-0.0837,0.0913,-0.175,0.0625,-0.0814,1.1368,3.1039,6411.8,12540,10000.0
8478424,Jansen Harkins,ANA,20102025,-0.0837,-0.0545,-0.0292,-0.0259,-0.039,0.6991,2.9554,1813.8,3499,10000.0
8479383,Boris Katchouk,OTT,20102025,-0.0842,0.0265,-0.1107,0.0178,-0.1228,0.9156,3.2487,1331.7,2697,10000.0
8468509,Niklas Kronwall,DET,20102025,-0.0847,-0.1108,0.0261,-0.1058,0.0229,0.3032,2.7389,8959.3,19719,10000.0
8467977,Brian McGrattan,CGY,20102025,-0.0852,-0.0463,-0.0389,-0.0401,-0.0314,0.6286,2.9289,675.7,1339,10000.0
8477454,Adam Erne,EDM,20102025,-0.0852,-0.0261,-0.0591,0.0,-0.0497,0.8274,2.9931,3330.1,6280,10000.0
8475235,Nicolas Deslauriers,PHI,20102025,-0.0853,-0.1089,0.0236,0.0033,0.0107,0.8435,2.7817,5050.5,9608,10000.0
8475222,Sami Vatanen,DAL,20102025,-0.0862,-0.0941,0.0079,-0.077,0.0183,0.4456,2.7551,6652.4,13407,10000.0
8465042,Toni Lydman,ANA,20102025,-0.0864,-0.1265,0.04,-0.1261,0.0491,0.2028,2.6471,2661.1,4819,10000.0
8479371,Dante Fabbro,CBJ,20102025,-0.0864,-0.0606,-0.0258,-0.1194,-0.0534,0.2358,3.0058,4977.9,8748,10000.0
8478450,Parker Wotherspoon,BOS,20102025,-0.0867,-0.092,0.0053,-0.1392,-0.0132,0.1378,2.865,1258.0,2609,10000.0
8467856,Brian Rafalski,DET,20102025,-0.0871,-0.093,0.0059,-0.0984,0.0097,0.3398,2.7852,940.9,1807,10000.0
8474743,Zach Redmond,BUF,20102025,-0.0875,-0.1075,0.0199,-0.0954,0.0298,0.3545,2.7148,1423.3,2624,10000.0
8473571,Jamie McBain,ARI,20102025,-0.0878,-0.0907,0.0029,-0.1005,0.0094,0.3296,2.7863,3881.4,7672,10000.0
8458951,Sergei Gonchar,MTL,20102025,-0.0884,-0.0969,0.0085,-0.1044,0.0238,0.3103,2.7358,4145.3,8208,10000.0
8473589,Chris Summers,NYR,20102025,-0.0888,-0.115,0.0262,-0.1144,0.0271,0.2604,2.7243,668.5,1397,10000.0
8477943,Brendan Perlini,EDM,20102025,-0.0889,0.0029,-0.0918,0.0629,-0.0826,1.1387,3.108,2305.8,4405,10000.0
8484153,Leo Carlsson,ANA,20102025,-0.089,0.0699,-0.1589,0.1062,-0.1803,1.3533,3.45,1292.2,2562,10000.0
8479353,Brett Howden,VGK,20102025,-0.0891,0.0411,-0.1302,0.0372,-0.0638,1.0116,3.0422,4163.1,8624,10000.0
8477989,Christian Dvorak,MTL,20102025,-0.0894,0.0492,-0.1385,0.0643,-0.1024,1.146,3.1775,5307.4,11665,10000.0
8480246,Nick Perbix,TBL,20102025,-0.0899,-0.0616,-0.0282,-0.11,-0.0014,0.2823,2.824,2548.1,4850,10000.0
8470104,Tom Gilbert,LAK,20102025,-0.0903,-0.1245,0.0342,-0.1166,0.0562,0.2495,2.6225,5357.5,11265,10000.0
8471482,Grant Clitsome,WPG,20102025,-0.0903,-0.0995,0.0092,-0.1027,0.0179,0.3183,2.7564,2308.7,4447,10000.0
8478013,Jake Walman,EDM,20102025,-0.0905,-0.0159,-0.0745,-0.0582,-0.1043,0.5388,3.1841,3350.5,7063,10000.0
8471718,Marc-Andre Cliche,COL,20102025,-0.0907,-0.0718,-0.0189,-0.0683,-0.0157,0.4887,2.8739,1041.4,2560,10000.0
8470110,Trevor Daley,DET,20102025,-0.0909,-0.0522,-0.0387,-0.0787,-0.0136,0.4375,2.8664,8730.1,18834,10000.0
8465170,Fernando Pisani,CHI,20102025,-0.0909,-0.0267,-0.0642,-0.0266,-0.0606,0.6954,3.0309,526.1,1192,10000.0
8481704,Juuso Parssinen,NYR,20102025,-0.091,0.0018,-0.0928,0.0152,-0.0617,0.9025,3.035,1160.4,2330,10000.0
8478399,Jonas Siegenthaler,NJD,20102025,-0.0912,-0.1744,0.0832,-0.1258,0.0223,0.2043,2.741,4702.1,8968,10000.0
8477380,Jonny Brodzinski,NYR,20102025,-0.0914,-0.0085,-0.0829,0.0486,-0.0731,1.068,3.0748,1589.8,3161,10000.0
8479322,Wade Allison,PHI,20102025,-0.0917,0.1222,-0.2139,0.0789,-0.2024,1.2179,3.5272,689.6,1302,10000.0
8459424,Chris Pronger,PHI,20102025,-0.0919,-0.0704,-0.0214,-0.0733,-0.0198,0.4642,2.8881,766.7,1803,10000.0
8484304,Uvis Balinskis,FLA,20102025,-0.092,-0.175,0.083,-0.0948,0.0826,0.3575,2.5301,974.8,2080,10000.0
8478561,Andreas Martinsen,CHI,20102025,-0.0936,-0.0464,-0.0472,-0.024,-0.0407,0.7083,2.9615,1176.0,2261,10000.0
8479328,Julien Gauthier,NYI,20102025,-0.0941,0.0559,-0.15,0.0802,-0.12,1.2247,3.239,1234.9,2497,10000.0
8474605,Patrick Wiercioch,COL,20102025,-0.0942,-0.1164,0.0223,-0.1024,0.0293,0.3199,2.7166,3000.0,5988,10000.0
8480893,Kirill Marchenko,CBJ,20102025,-0.0943,0.1099,-0.2042,0.1418,-0.1936,1.5296,3.4966,2243.7,4199,10000.0
8476472,Oscar Klefbom,EDM,20102025,-0.0943,-0.0939,-0.0004,-0.0737,-0.0048,0.4622,2.8357,5569.9,10605,10000.0
8477046,Joakim Ryan,CAR,20102025,-0.0945,-0.1116,0.0171,-0.1221,0.0232,0.2222,2.7377,1923.0,3162,10000.0
8476885,Jacob Trouba,ANA,20102025,-0.0947,-0.0717,-0.023,-0.0786,-0.0591,0.4377,3.0257,12151.6,23784,10000.0
8476979,Erik Gustafsson,DET,20102025,-0.0948,-0.0505,-0.0444,-0.0875,-0.0625,0.3938,3.0377,6562.1,12269,10000.0
8480821,Filip Zadina,SJS,20102025,-0.0948,0.1067,-0.2015,0.0868,-0.1876,1.2571,3.4754,2514.6,4593,10000.0
8480935,Lawrence Pilut,BUF,20102025,-0.095,-0.1341,0.0391,-0.1331,0.0363,0.168,2.6921,741.6,1317,10000.0
8480823,Alexander Alexeyev,WSH,20102025,-0.0951,-0.1434,0.0483,-0.132,0.0263,0.1736,2.7271,934.7,1750,10000.0
8477996,Juho Lammikko,VAN,20102025,-0.0952,-0.0294,-0.0658,-0.0216,-0.0592,0.7204,3.0261,1237.7,2763,10000.0
8478881,Brett Seney,CHI,20102025,-0.0952,-0.0454,-0.0498,-0.0354,-0.0502,0.6517,2.9947,540.0,924,10000.0
8474056,P.K. Subban,NJD,20102025,-0.0952,-0.0789,-0.0163,-0.088,0.0077,0.3913,2.792,12876.1,25521,10000.0
8476465,Ryan Murphy,NJD,20102025,-0.0957,-0.1069,0.0112,-0.0983,0.0159,0.3405,2.7633,2066.1,3789,10000.0
8474573,Josh Bailey,NYI,20102025,-0.0958,0.0288,-0.1246,0.0342,-0.1065,0.9964,3.1916,10370.7,20879,10000.0
8467400,Francois Beauchemin,ANA,20102025,-0.0959,-0.1166,0.0208,-0.1061,0.0365,0.3019,2.6913,8783.2,16644,10000.0
8471761,Chris Butler,STL,20102025,-0.0963,-0.1296,0.0333,-0.1256,0.0508,0.2051,2.6413,3934.3,7759,10000.0
8474134,Yannick Weber,PIT,20102025,-0.0965,-0.1159,0.0194,-0.0974,0.0431,0.3446,2.6682,5136.2,10407,10000.0
8482762,Simon Edvinsson,DET,20102025,-0.0966,-0.0885,-0.0082,-0.113,-0.0405,0.2677,2.9606,1297.4,2456,10000.0
8470600,Ryan Suter,STL,20102025,-0.0967,-0.1617,0.0649,-0.1143,0.057,0.2611,2.6194,18948.5,34758,10000.0
8476404,Andy Andreoff,NYI,20102025,-0.0969,-0.0364,-0.0605,-0.0239,-0.0348,0.7087,2.9409,1359.8,2525,10000.0
8482496,Nils Aman,VAN,20102025,-0.097,-0.0519,-0.0451,-0.0269,-0.0456,0.6942,2.9787,992.2,2292,10000.0
8474125,Carl Gunnarsson,STL,20102025,-0.0971,-0.173,0.0759,-0.1262,0.0736,0.2023,2.5615,7715.5,16640,10000.0
8475206,Stefan Elliott,OTT,20102025,-0.0973,-0.0842,-0.0131,-0.0786,-0.0078,0.438,2.8464,942.0,1904,10000.0
8478408,Travis Dermott,MIN,20102025,-0.0974,-0.1181,0.0207,-0.1185,-0.0245,0.2402,2.9047,4031.7,7819,10000.0
8459454,Jay Pandolfo,BOS,20102025,-0.0976,-0.0711,-0.0264,-0.0712,-0.0249,0.4745,2.9062,564.8,1227,10000.0
8458943,Cory Stillman,CAR,20102025,-0.0979,0.0481,-0.146,0.0472,-0.142,1.0612,3.3157,690.1,1394,10000.0
8476913,Devin Shore,MIN,20102025,-0.0984,-0.0214,-0.0769,0.012,-0.0195,0.8866,2.8872,4058.6,8696,10000.0
8479415,Michael McLeod,NJD,20102025,-0.0985,0.0426,-0.1412,0.0227,-0.1021,0.9396,3.1763,2627.6,5959,10000.0
8476372,Nick Seeler,PHI,20102025,-0.099,-0.133,0.0339,-0.1199,-0.0186,0.2334,2.8841,3782.7,7856,10000.0
8473584,Andrew MacDonald,PHI,20102025,-0.0991,-0.1148,0.0158,-0.1171,0.008,0.247,2.7912,7638.6,14839,10000.0
8473468,Eric Gryba,NJD,20102025,-0.0994,-0.1239,0.0245,-0.1186,0.0297,0.2399,2.7152,3378.5,6870,10000.0
8481178,Egor Zamula,PHI,20102025,-0.0998,-0.196,0.0961,-0.1359,0.0266,0.1543,2.7259,1556.0,3212,10000.0
8475321,Phil Varone,PHI,20102025,-0.0998,-0.0426,-0.0571,-0.0374,-0.0516,0.6419,2.9995,729.0,1319,10000.0
8470854,Tanner Glass,CGY,20102025,-0.1002,-0.0665,-0.0337,-0.0563,-0.0156,0.5484,2.8737,3500.4,7557,10000.0
8480839,Rasmus Dahlin,BUF,20102025,-0.1004,-0.0666,-0.0339,-0.053,-0.0638,0.5646,3.0423,7197.9,13463,10000.0
8477043,Christian Djoos,DET,20102025,-0.1006,-0.0978,-0.0029,-0.1129,-0.0115,0.2681,2.8592,1912.1,3337,10000.0
8474135,Brett Bellemore,CAR,20102025,-0.1008,-0.1291,0.0283,-0.1328,0.0248,0.1696,2.7323,1445.2,2823,10000.0
8475764,Cam Fowler,STL,20102025,-0.1009,-0.0754,-0.0254,-0.0907,-0.0789,0.3778,3.095,15685.4,29760,10000.0
8478477,Mitchell Stephens,SEA,20102025,-0.1013,-0.0683,-0.033,-0.0451,-0.0425,0.6039,2.9677,870.6,1949,10000.0
8480144,David Kampf,TOR,20102025,-0.1014,-0.0252,-0.0762,-0.0043,-0.0559,0.8061,3.0144,4909.5,11061,10000.0
8468636,Greg Zanon,COL,20102025,-0.102,-0.143,0.0411,-0.1364,0.0526,0.1518,2.6348,2430.6,4977,10000.0
8475174,Jared Cowen,OTT,20102025,-0.1022,-0.1284,0.0262,-0.1283,0.0325,0.1916,2.7053,3204.1,6374,10000.0
8480943,Igor Ozhiganov,TOR,20102025,-0.1024,-0.124,0.0216,-0.1315,0.0226,0.1759,2.7398,585.3,1016,10000.0
8481601,Simon Holmstrom,NYI,20102025,-0.1026,-0.0303,-0.0723,0.0357,-0.0906,1.0041,3.136,1764.9,3889,10000.0
8474581,Jake Gardiner,CAR,20102025,-0.1033,-0.0735,-0.0298,-0.101,-0.0228,0.3268,2.8989,9021.9,17391,10000.0
8476902,Esa Lindell,DAL,20102025,-0.104,-0.0956,-0.0083,-0.1043,-0.0174,0.3105,2.8798,10653.6,20789,10000.0
8478400,Colin White,SJS,20102025,-0.1041,-0.0399,-0.0642,0.0296,-0.0637,0.9737,3.0418,3106.5,6208,10000.0
8478416,Erik Cernak,TBL,20102025,-0.1046,-0.1133,0.0087,-0.1149,0.0083,0.2581,2.7901,6358.4,12754,10000.0
8469820,Zenon Konopka,BUF,20102025,-0.1047,-0.0856,-0.0191,-0.0749,-0.0135,0.4561,2.8663,1438.2,3580,10000.0
8466215,Joe Corvo,OTT,20102025,-0.1053,-0.0595,-0.0458,-0.073,-0.0316,0.4657,2.9297,2852.2,5745,10000.0
8479671,Mathieu Olivier,CBJ,20102025,-0.1054,0.0205,-0.1259,0.0128,-0.1257,0.8906,3.2587,2173.9,4042,10000.0
8481607,Albert Johansson,DET,20102025,-0.1055,-0.1317,0.0262,-0.1281,0.0041,0.1927,2.8048,669.2,1226,10000.0
8484166,Adam Fantilli,CBJ,20102025,-0.1055,0.0687,-0.1741,0.13,-0.1852,1.4714,3.4668,1321.7,2444,10000.0
8483524,Shane Wright,SEA,20102025,-0.106,0.0557,-0.1617,0.1086,-0.1062,1.3652,3.1907,779.2,1588,10000.0
8478432,Christian Fischer,CBJ,20102025,-0.1064,-0.0178,-0.0886,0.0075,-0.0789,0.8643,3.0952,4507.9,9808,10000.0
8474141,Patrick Kane,DET,20102025,-0.1066,0.0535,-0.1602,0.1391,-0.1286,1.516,3.2688,14331.8,26735,10000.0
8467931,Matt Carkner,NYI,20102025,-0.1069,-0.1256,0.0186,-0.1315,0.0237,0.1757,2.736,1533.1,2900,10000.0
8476850,Ryan Murray,EDM,20102025,-0.1076,-0.1526,0.0449,-0.1179,0.0238,0.2432,2.7356,5866.0,11231,10000.0
8479366,Logan Brown,STL,20102025,-0.1076,-0.0035,-0.1041,-0.0076,-0.1077,0.7896,3.1959,689.2,1440,10000.0
8477070,Liam O'Brien,UTA,20102025,-0.1077,0.0004,-0.1081,0.0081,-0.0879,0.8675,3.1266,1551.7,3296,10000.0
8470281,Duncan Keith,EDM,20102025,-0.1083,-0.0766,-0.0317,-0.0931,-0.0362,0.3658,2.9455,14092.0,28051,10000.0
8475430,Brandon Manning,EDM,20102025,-0.1086,-0.1167,0.0081,-0.105,0.0058,0.3069,2.7988,3199.9,6232,10000.0
8475178,Zack Kassian,ARI,20102025,-0.1089,-0.0416,-0.0673,0.0023,-0.043,0.8384,2.9696,6397.4,11831,10000.0
8470630,Kevin Klein,NYR,20102025,-0.109,-0.099,-0.01,-0.1061,0.0099,0.3019,2.7845,6867.0,13655,10000.0
8474884,Mike Hoffman,SJS,20102025,-0.1091,-0.0518,-0.0573,0.0828,-0.0877,1.2374,3.126,7821.3,15493,10000.0
8475755,Alexander Petrovic,DAL,20102025,-0.1093,-0.1384,0.0291,-0.1169,0.0117,0.2481,2.778,3478.8,6097,10000.0
8478017,Mark Friedman,VAN,20102025,-0.1093,-0.0747,-0.0346,-0.0855,-0.02,0.4038,2.8889,910.5,1911,10000.0
8482070,Mitchell Chaffee,TBL,20102025,-0.1095,-0.006,-0.1034,0.041,-0.064,1.0301,3.0428,823.8,1645,10000.0
8476467,Jamie Oleksiak,SEA,20102025,-0.1098,-0.081,-0.0288,-0.1097,-0.0068,0.2837,2.8427,8785.6,16898,10000.0
8479376,Victor Mete,PHI,20102025,-0.1099,-0.1277,0.0178,-0.1103,0.0192,0.281,2.7517,2859.5,5456,10000.0
8471717,Adam McQuaid,CBJ,20102025,-0.1101,-0.1671,0.057,-0.1385,0.0506,0.1414,2.6419,6313.9,12402,10000.0
8476476,Joe Morrow,WPG,20102025,-0.1104,-0.1189,0.0085,-0.1133,0.0269,0.266,2.725,2040.5,3542,10000.0
8474683,Derek Grant,ANA,20102025,-0.1104,0.0343,-0.1446,0.0456,-0.1149,1.053,3.2211,3524.1,8260,10000.0
8470774,Bruno Gervais,PHI,20102025,-0.1115,-0.1044,-0.0071,-0.1052,-0.0015,0.306,2.8242,1556.4,2938,10000.0
8474604,Aaron Ness,ARI,20102025,-0.1116,-0.126,0.0144,-0.1269,0.0136,0.1985,2.7713,739.7,1399,10000.0
8465200,Tomas Kaberle,MTL,20102025,-0.1124,-0.0845,-0.0279,-0.0825,-0.0211,0.4187,2.8929,2162.9,4522,10000.0
8475598,Ryan Stanton,WSH,20102025,-0.1131,-0.111,-0.0021,-0.1204,0.0059,0.2307,2.7985,1325.2,2580,10000.0
8483445,Cutter Gauthier,ANA,20102025,-0.1134,0.1263,-0.2397,0.1334,-0.2375,1.4881,3.6499,744.2,1419,10000.0
8476431,Adam Clendening,CBJ,20102025,-0.1135,-0.111,-0.0025,-0.1175,-0.0,0.245,2.8192,998.8,1972,10000.0
8462225,Filip Kuba,FLA,20102025,-0.114,-0.1198,0.0058,-0.1199,0.0116,0.2331,2.7785,2513.9,5125,10000.0
8484258,Sam Malinski,COL,20102025,-0.1142,-0.1218,0.0075,-0.1001,0.0267,0.3315,2.7256,1080.1,2003,10000.0
8477205,Andrej Sustr,ANA,20102025,-0.1144,-0.1722,0.0578,-0.1276,0.0637,0.1953,2.596,4769.8,8461,10000.0
8470614,Mark Stuart,WPG,20102025,-0.1144,-0.1313,0.017,-0.1332,0.0321,0.1673,2.7067,4744.1,9585,10000.0
8474291,Jay Beagle,ARI,20102025,-0.1145,-0.0719,-0.0426,-0.0163,-0.0098,0.7466,2.8533,6060.6,13787,10000.0
8482671,Owen Power,BUF,20102025,-0.1148,-0.0321,-0.0828,-0.0699,-0.1123,0.4812,3.2121,3266.7,6643,10000.0
8478430,Oliver Kylington,ANA,20102025,-0.1148,-0.0391,-0.0758,-0.0947,-0.0583,0.3582,3.0229,2575.3,5137,10000.0
8475324,Nick Jensen,OTT,20102025,-0.1149,-0.1163,0.0014,-0.1142,-0.0131,0.2617,2.8647,8182.9,15801,10000.0
8468478,Mike Weaver,MTL,20102025,-0.1156,-0.1392,0.0237,-0.1391,0.0335,0.1384,2.7018,3950.3,7957,10000.0
8479339,Patrik Laine,MTL,20102025,-0.1157,0.0063,-0.122,0.1401,-0.1377,1.521,3.3007,5949.5,11238,10000.0
8476368,Fredrik Claesson,TBL,20102025,-0.1163,-0.1515,0.0351,-0.1252,0.015,0.207,2.7665,2017.0,3808,10000.0
8459053,Adrian Aucoin,CBJ,20102025,-0.1168,-0.1098,-0.007,-0.1166,-0.0016,0.2498,2.8246,2494.5,4885,10000.0
8471269,Nicklas Grossmann,CGY,20102025,-0.1169,-0.1425,0.0256,-0.1339,0.0353,0.164,2.6955,4672.2,9793,10000.0
8476891,Matt Grzelcyk,PIT,20102025,-0.1172,-0.0985,-0.0187,-0.1106,-0.0031,0.2792,2.8299,7245.8,14522,10000.0
8479482,Michal Kempny,WSH,20102025,-0.1177,-0.115,-0.0027,-0.1127,-0.0185,0.269,2.8838,3529.6,5773,10000.0
8480043,Timothy Liljegren,SJS,20102025,-0.1179,-0.0251,-0.0928,-0.0975,-0.0901,0.3441,3.1344,3143.5,6453,10000.0
8474707,Philip Larsen,VAN,20102025,-0.1181,-0.0897,-0.0284,-0.0856,-0.0165,0.4034,2.8766,1681.7,3261,10000.0
8484227,Will Smith,SJS,20102025,-0.1183,0.0972,-0.2155,0.118,-0.2108,1.4115,3.5567,668.6,1264,10000.0
8471296,Alexei Emelin,NSH,20102025,-0.1186,-0.1715,0.053,-0.1325,0.0723,0.1709,2.5662,6530.6,12302,10000.0
8480834,Ty Emberson,EDM,20102025,-0.1187,-0.124,0.0053,-0.1312,-0.0276,0.1773,2.9157,1115.2,2213,10000.0
8477355,Will Butcher,BUF,20102025,-0.1188,-0.1201,0.0013,-0.0977,-0.0097,0.3434,2.8529,3290.0,6177,10000.0
8470714,Corey Potter,NSH,20102025,-0.1193,-0.101,-0.0183,-0.1045,-0.0141,0.3097,2.8682,1428.8,2910,10000.0
8471710,Taylor Chorney,CBJ,20102025,-0.1194,-0.1336,0.0142,-0.1282,0.0258,0.1922,2.7288,1293.8,2553,10000.0
8473700,Ryan Wilson,COL,20102025,-0.1194,-0.1207,0.0013,-0.1225,0.0069,0.2203,2.795,2112.5,4224,10000.0
8481522,Peyton Krebs,BUF,20102025,-0.1194,-0.0514,-0.068,-0.0103,-0.0898,0.7764,3.1333,2569.9,5321,10000.0
8481006,Tyler Tucker,STL,20102025,-0.1202,-0.1184,-0.0018,-0.1289,-0.0191,0.1885,2.8859,877.8,1733,10000.0
8475857,Kevin Gravel,NSH,20102025,-0.1202,-0.1457,0.0255,-0.1215,0.0129,0.2254,2.774,1419.8,2773,10000.0
8474207,Nick Holden,OTT,20102025,-0.1205,-0.0797,-0.0408,-0.1053,-0.027,0.3056,2.9136,8830.9,17682,10000.0
8470324,Josh Gorges,BUF,20102025,-0.1205,-0.18,0.0595,-0.1424,0.0664,0.122,2.5867,6423.3,13360,10000.0
8478567,Dean Kukan,CBJ,20102025,-0.1206,-0.1206,-0.0,-0.1161,-0.0386,0.2524,2.9539,1902.8,3397,10000.0
8475170,Brayden Schenn,STL,20102025,-0.1207,0.0459,-0.1666,0.1235,-0.0919,1.4388,3.1404,11638.0,23911,10000.0
8480817,K'Andre Miller,NYR,20102025,-0.1209,-0.0853,-0.0357,-0.1044,-0.0729,0.3099,3.0741,5595.6,10682,10000.0
8482858,Ryker Evans,SEA,20102025,-0.1209,-0.222,0.1011,-0.1191,0.0431,0.2372,2.6681,1334.2,2250,10000.0
8477463,Steven Santini,TBL,20102025,-0.121,-0.1662,0.0452,-0.1157,0.0247,0.2539,2.7326,1516.7,2924,10000.0
8480073,Erik Brannstrom,VAN,20102025,-0.1212,-0.0346,-0.0866,-0.0981,-0.0905,0.3413,3.1356,3042.7,6597,10000.0
8483565,Nick Blankenburg,NSH,20102025,-0.1217,-0.0492,-0.0725,-0.0854,-0.0971,0.4044,3.1588,1333.4,2719,10000.0
8470607,Brent Seabrook,CHI,20102025,-0.1218,-0.0399,-0.0819,-0.0816,-0.044,0.423,2.973,10864.0,23701,10000.0
8479320,Max Lajoie,TOR,20102025,-0.1223,-0.1272,0.0048,-0.1041,-0.0077,0.3115,2.846,869.9,1756,10000.0
8458541,Steve Staios,NYI,20102025,-0.1225,-0.1186,-0.0039,-0.1199,-0.0017,0.2335,2.8251,1219.4,2213,10000.0
8462196,Stephane Robidas,TOR,20102025,-0.1226,-0.1215,-0.0011,-0.1187,0.0114,0.2392,2.7792,3849.9,8106,10000.0
8470699,Jan Hejda,COL,20102025,-0.1229,-0.1345,0.0116,-0.1285,0.0107,0.1908,2.7815,5043.6,10145,10000.0
8468484,Rostislav Klesla,PHX,20102025,-0.1233,-0.1017,-0.0216,-0.1066,-0.0122,0.2992,2.8616,2520.1,5261,10000.0
8474090,Brendan Smith,DAL,20102025,-0.1238,-0.0796,-0.0442,-0.0891,-0.0259,0.3861,2.9095,8498.9,17482,10000.0
8478859,Niko Mikkola,FLA,20102025,-0.1238,-0.1724,0.0486,-0.1139,0.0179,0.2632,2.7563,4643.0,10314,10000.0
8478073,Anton Lindholm,COL,20102025,-0.124,-0.1483,0.0243,-0.1361,0.0214,0.153,2.744,610.9,1237,10000.0
8470729,Tyson Strachan,MIN,20102025,-0.124,-0.1439,0.0199,-0.1315,0.0219,0.176,2.7424,1794.0,3244,10000.0
8482087,Kaiden Guhle,MTL,20102025,-0.1242,-0.1037,-0.0204,-0.1046,-0.1076,0.3093,3.1954,2291.9,4095,10000.0
8475798,Mikael Granlund,DAL,20102025,-0.1244,0.0785,-0.2028,0.0635,-0.1356,1.142,3.2934,10571.0,22024,10000.0
8469770,Dennis Wideman,CGY,20102025,-0.1244,-0.1045,-0.02,-0.0779,0.0071,0.4412,2.7942,6388.4,12941,10000.0
8471709,Marc-Edouard Vlasic,SJS,20102025,-0.1244,-0.1091,-0.0153,-0.1072,-0.0472,0.2963,2.9841,14428.2,28267,10000.0
8477425,Miles Wood,COL,20102025,-0.1248,0.1157,-0.2405,0.1084,-0.1263,1.3642,3.2608,4847.4,9563,10000.0
8481743,Marc Del Gaizo,NSH,20102025,-0.1249,-0.0927,-0.0323,-0.0856,-0.0452,0.4035,2.9772,571.9,1121,10000.0
8480192,Johnathan Kovacevic,NJD,20102025,-0.1249,-0.1273,0.0024,-0.1115,-0.0393,0.275,2.9566,2548.8,4719,10000.0
8475153,Dylan Olsen,FLA,20102025,-0.1253,-0.1214,-0.0039,-0.1206,-0.0006,0.23,2.8212,1308.5,2687,10000.0
8482222,Alexander Barabanov,SJS,20102025,-0.1254,0.0667,-0.1921,0.0689,-0.1811,1.1686,3.4526,2168.4,4193,10000.0
8480891,Michael Kesselring,UTA,20102025,-0.1254,-0.0624,-0.063,-0.0855,-0.0677,0.4038,3.0558,1723.1,3676,10000.0
8469626,Andrew Alberts,VAN,20102025,-0.1258,-0.1421,0.0164,-0.1397,0.0203,0.1354,2.7479,1310.2,2596,10000.0
8477997,Nikita Tryamkin,VAN,20102025,-0.1267,-0.1292,0.0025,-0.1152,-0.0002,0.2566,2.8197,939.7,1843,10000.0
8467519,Karlis Skrastins,DAL,20102025,-0.1272,-0.1389,0.0118,-0.1377,0.0164,0.1454,2.7618,843.9,1771,10000.0
8471236,Andrej Meszaros,BUF,20102025,-0.1278,-0.083,-0.0448,-0.0892,-0.0254,0.3855,2.9077,3544.4,7464,10000.0
8482929,Emil Lilleberg,TBL,20102025,-0.1302,-0.1813,0.0511,-0.1239,0.0336,0.2133,2.7014,1267.9,2487,10000.0
8471187,Brett Lebda,CBJ,20102025,-0.1306,-0.0962,-0.0343,-0.0933,-0.0311,0.3652,2.9279,702.4,1384,10000.0
8471436,Matt Hunwick,BUF,20102025,-0.1306,-0.0915,-0.039,-0.113,-0.0294,0.2675,2.9218,4929.5,10232,10000.0
8477953,Kasperi Kapanen,EDM,20102025,-0.1307,-0.0272,-0.1034,0.0309,-0.0762,0.9801,3.0856,5303.1,11026,10000.0
8474697,Mark Borowiecki,NSH,20102025,-0.1311,-0.1561,0.025,-0.1238,-0.0028,0.2143,2.8288,4779.7,10124,10000.0
8480853,Liam Foudy,NYI,20102025,-0.1315,0.0339,-0.1653,0.0347,-0.1625,0.9992,3.3875,936.1,1726,10000.0
8474584,Michael Del Zotto,OTT,20102025,-0.1316,-0.1165,-0.0151,-0.0961,-0.011,0.3514,2.8575,8866.8,17243,10000.0
8481077,John Leonard,ARI,20102025,-0.1324,-0.0273,-0.1051,-0.0065,-0.1138,0.7949,3.2171,544.8,1123,10000.0
8474749,Matt Bartkowski,MIN,20102025,-0.1324,-0.1372,0.0048,-0.1194,0.0195,0.2359,2.7507,3370.0,6430,10000.0
8479425,Filip Hronek,VAN,20102025,-0.1326,-0.0813,-0.0513,-0.0827,-0.0338,0.4178,2.9371,6204.7,12339,10000.0
8467332,Bryan Allen,MTL,20102025,-0.133,-0.1286,-0.0044,-0.1325,0.0075,0.1708,2.7927,3677.3,6999,10000.0
8471810,Derek Joslin,VAN,20102025,-0.1331,-0.1094,-0.0236,-0.1094,-0.0212,0.2854,2.893,688.7,1446,10000.0
8471216,Cam Barker,VAN,20102025,-0.1332,-0.1124,-0.0208,-0.1091,-0.0154,0.2867,2.8728,1002.2,2159,10000.0
8476886,Slater Koekkoek,EDM,20102025,-0.1337,-0.1052,-0.0285,-0.1117,-0.0254,0.2741,2.9077,2069.3,3814,10000.0
8482652,Walker Duehr,SJS,20102025,-0.1338,0.0413,-0.1751,0.0225,-0.1574,0.9388,3.3697,563.4,1219,10000.0
8482475,Yegor Chinakhov,CBJ,20102025,-0.1339,0.0287,-0.1627,0.0614,-0.1969,1.1314,3.508,1609.4,3170,10000.0
8481598,Philip Broberg,STL,20102025,-0.1345,-0.1187,-0.0159,-0.1008,-0.0325,0.3278,2.9327,1853.6,3606,10000.0
8477541,Dakota Mermis,TOR,20102025,-0.1346,-0.1424,0.0078,-0.1098,0.0028,0.2836,2.8091,764.8,1438,10000.0
8471705,Brendan Mikkelson,TBL,20102025,-0.1353,-0.1224,-0.0129,-0.1229,-0.0102,0.2184,2.8548,699.6,1351,10000.0
8470798,Dylan Reese,ARI,20102025,-0.136,-0.1109,-0.0252,-0.1135,-0.0237,0.265,2.902,669.5,1188,10000.0
8479772,Zack MacEwen,OTT,20102025,-0.1366,-0.0131,-0.1235,0.016,-0.1038,0.9063,3.1822,1617.5,3397,10000.0
8475179,Dmitry Kulikov,FLA,20102025,-0.137,-0.145,0.008,-0.1125,0.011,0.2698,2.7805,12828.1,24971,10000.0
8476374,Sean Kuraly,CBJ,20102025,-0.1373,0.0061,-0.1434,0.0159,-0.1274,0.9059,3.2649,5500.3,11297,10000.0
8481572,Ville Heinola,WPG,20102025,-0.1373,-0.109,-0.0282,-0.1143,-0.0303,0.2612,2.9249,548.0,1004,10000.0
8468493,Ron Hainsey,OTT,20102025,-0.1376,-0.1082,-0.0294,-0.1278,-0.0342,0.1944,2.9385,10621.9,20553,10000.0
8468513,Nick Schultz,PHI,20102025,-0.1377,-0.1395,0.0018,-0.1273,0.0166,0.1967,2.7611,5715.0,12403,10000.0
8476905,Chandler Stephenson,SEA,20102025,-0.1378,0.0043,-0.142,0.0016,-0.0709,0.835,3.0671,6634.1,13486,10000.0
8474631,Marc-Andre Bourdon,PHI,20102025,-0.1379,-0.1094,-0.0285,-0.11,-0.0249,0.2823,2.9061,555.4,989,10000.0
8474597,Cody Goloubef,DET,20102025,-0.1379,-0.1439,0.006,-0.1313,0.0092,0.1768,2.7869,1790.0,3211,10000.0
8470672,Ryan O'Byrne,TOR,20102025,-0.1381,-0.1405,0.0023,-0.1383,0.0072,0.1421,2.794,2413.4,4861,10000.0
8478036,Christoffer Ehn,DET,20102025,-0.1394,-0.0747,-0.0647,-0.0578,-0.0628,0.5408,3.0387,858.7,1632,10000.0
8479372,Josh Mahura,SEA,20102025,-0.1402,-0.0645,-0.0757,-0.1152,-0.0387,0.2564,2.9543,2744.3,5178,10000.0
8476867,Brendan Gaunce,MIN,20102025,-0.1403,0.0151,-0.1553,0.0184,-0.1374,0.9185,3.2999,1392.6,2872,10000.0
8480147,Oscar Fantenberg,VAN,20102025,-0.1404,-0.1559,0.0155,-0.116,0.0168,0.2527,2.7601,1593.5,3089,10000.0
8470318,Jonathan Ericsson,DET,20102025,-0.1412,-0.1167,-0.0245,-0.1292,-0.0045,0.1873,2.8349,8071.8,16653,10000.0
8470685,Alexander Sulzer,BUF,20102025,-0.142,-0.1131,-0.029,-0.1158,-0.0201,0.2536,2.8893,1349.0,2391,10000.0
8474602,Justin Schultz,SEA,20102025,-0.1427,-0.0846,-0.0581,-0.076,-0.0085,0.4507,2.8486,10302.0,20454,10000.0
8474659,Matt Donovan,NSH,20102025,-0.1428,-0.062,-0.0808,-0.0721,-0.0786,0.4701,3.094,816.9,1599,10000.0
8474722,Luke Witkowski,DET,20102025,-0.1436,-0.1089,-0.0347,-0.095,-0.0344,0.3568,2.9393,971.1,1794,10000.0
8480434,Sean Durzi,UTA,20102025,-0.1442,-0.0302,-0.114,-0.068,-0.087,0.4903,3.1235,2992.7,6045,10000.0
8478451,Ethan Bear,WSH,20102025,-0.1443,-0.0969,-0.0474,-0.0968,-0.034,0.3478,2.9378,3522.4,6496,10000.0
8468534,Andreas Lilja,PHI,20102025,-0.1444,-0.1333,-0.0111,-0.135,-0.0047,0.1585,2.8353,1229.4,2410,10000.0
8477357,Saku Maenalanen,WPG,20102025,-0.1445,-0.0528,-0.0917,-0.0024,-0.076,0.8155,3.0849,753.4,1710,10000.0
8476988,Matthew Benning,SJS,20102025,-0.145,-0.1051,-0.0399,-0.1198,-0.0679,0.234,3.0565,5429.9,10985,10000.0
8480950,Ilya Lyubushkin,DAL,20102025,-0.145,-0.1077,-0.0373,-0.1327,-0.0661,0.1698,3.0501,4982.9,9971,10000.0
8478443,Brandon Carlo,TOR,20102025,-0.1456,-0.1699,0.0243,-0.1165,0.0128,0.25,2.7741,8924.5,18464,10000.0
8480806,Isac Lundestrom,ANA,20102025,-0.1457,-0.071,-0.0747,-0.0104,-0.109,0.776,3.2003,3044.1,6704,10000.0
8474818,Jordie Benn,TOR,20102025,-0.1462,-0.1381,-0.0081,-0.1218,0.0088,0.2238,2.7881,7353.8,15237,10000.0
8476457,Adam Larsson,SEA,20102025,-0.1463,-0.1403,-0.006,-0.1073,-0.0072,0.2958,2.8441,13779.1,24645,10000.0
8479991,Jake Leschyshyn,NYR,20102025,-0.1468,-0.0085,-0.1382,-0.0081,-0.117,0.7871,3.2285,571.2,1135,10000.0
8465009,Zdeno Chara,NYI,20102025,-0.1477,-0.1766,0.0289,-0.1056,0.0397,0.304,2.68,13540.2,25963,10000.0
8475148,Tim Erixon,TOR,20102025,-0.148,-0.1266,-0.0213,-0.1258,-0.015,0.204,2.8715,956.9,1766,10000.0
8480796,Martin FehÃ©rvÃ¡ry,WSH,20102025,-0.1481,-0.1196,-0.0285,-0.1112,-0.0426,0.2765,2.9679,3958.0,7344,10000.0
8471748,Mark Fraser,NJD,20102025,-0.1487,-0.1537,0.005,-0.1465,0.0112,0.1018,2.7797,1696.4,3388,10000.0
8476853,Morgan Rielly,TOR,20102025,-0.1489,-0.044,-0.1049,-0.0679,-0.0716,0.491,3.0696,12702.9,26220,10000.0
8464956,Chris Phillips,OTT,20102025,-0.149,-0.1193,-0.0297,-0.1197,-0.01,0.2345,2.8539,4131.4,8642,10000.0
8473560,Korbinian Holzer,NSH,20102025,-0.149,-0.1374,-0.0116,-0.1278,-0.0054,0.1942,2.838,2295.2,4513,10000.0
8477126,Jayson Megna,BOS,20102025,-0.1492,-0.0432,-0.106,-0.0184,-0.0918,0.736,3.1401,1596.8,3078,10000.0
8471222,Ladislav Smid,CGY,20102025,-0.1494,-0.1391,-0.0102,-0.1378,0.0066,0.1446,2.7959,4128.4,8503,10000.0
8478868,Christian Jaros,NJD,20102025,-0.1497,-0.1542,0.0046,-0.1159,-0.0057,0.253,2.839,931.0,1828,10000.0
8471729,Kris Russell,EDM,20102025,-0.1498,-0.1615,0.0117,-0.1145,0.0082,0.26,2.7904,9933.8,19945,10000.0
8467334,Manny Malhotra,MTL,20102025,-0.15,-0.0654,-0.0846,-0.0463,-0.0643,0.5977,3.0438,2339.4,6216,10000.0
8477034,Jaycob Megna,FLA,20102025,-0.1515,-0.1001,-0.0514,-0.1326,-0.0805,0.1704,3.1007,2233.2,4405,10000.0
8475750,Jon Merrill,MIN,20102025,-0.152,-0.2353,0.0832,-0.1255,0.0499,0.2057,2.6443,8379.8,15159,10000.0
8479393,Noah Gregor,SJS,20102025,-0.1522,0.0535,-0.2057,0.0784,-0.1596,1.2157,3.3775,2447.0,5112,10000.0
8477018,Ben Hutton,VGK,20102025,-0.1529,-0.1126,-0.0403,-0.0978,-0.014,0.3428,2.8678,6378.6,12228,10000.0
8478502,Dennis Gilbert,OTT,20102025,-0.153,-0.1629,0.0099,-0.1356,-0.0177,0.1556,2.8809,928.7,1978,10000.0
8458637,Sean O'Donnell,CHI,20102025,-0.1535,-0.1386,-0.0149,-0.14,-0.0079,0.1338,2.8465,1509.5,2943,10000.0
8478468,Jeremy Lauzon,NSH,20102025,-0.1537,-0.1384,-0.0154,-0.111,-0.0249,0.2776,2.9063,3821.1,7853,10000.0
8471303,Alexander Edler,LAK,20102025,-0.154,-0.0866,-0.0674,-0.0975,-0.0427,0.3441,2.9686,11188.5,23069,10000.0
8476884,Derrick Pouliot,DAL,20102025,-0.1542,-0.103,-0.0512,-0.1097,-0.0378,0.2839,2.9512,2626.1,5047,10000.0
8477495,Seth Jones,FLA,20102025,-0.1543,-0.1572,0.0029,-0.0683,-0.0457,0.4891,2.979,13177.9,25417,10000.0
8474519,Jack Hillen,CAR,20102025,-0.1545,-0.1136,-0.0409,-0.1144,-0.0293,0.2607,2.9217,2329.1,4122,10000.0
8470317,Nate Guenin,COL,20102025,-0.1553,-0.1646,0.0093,-0.1451,0.0074,0.1086,2.7932,2128.4,4424,10000.0
8462176,Brent Sopel,MTL,20102025,-0.1555,-0.1345,-0.021,-0.1323,-0.0186,0.1719,2.884,798.1,1647,10000.0
8471683,Brian Lee,TBL,20102025,-0.1555,-0.1352,-0.0203,-0.1334,-0.0153,0.1666,2.8724,1417.8,2682,10000.0
8482705,Cole Sillinger,CBJ,20102025,-0.1556,0.1107,-0.2662,0.0868,-0.2328,1.2573,3.6337,2675.7,5523,10000.0
8470602,Dion Phaneuf,LAK,20102025,-0.1563,-0.1461,-0.0102,-0.091,-0.0093,0.3763,2.8516,8918.7,19561,10000.0
8477810,Joel Hanley,CGY,20102025,-0.1563,-0.214,0.0577,-0.134,0.0287,0.1634,2.7187,2688.4,5541,10000.0
8476960,Andreas Athanasiou,CHI,20102025,-0.1569,0.1141,-0.271,0.1137,-0.1977,1.3904,3.5107,4907.6,9670,10000.0
8479523,Lucas Carlsson,SJS,20102025,-0.1578,-0.0684,-0.0894,-0.0867,-0.078,0.3976,3.092,704.4,1338,10000.0
8476403,Klas Dahlbeck,CAR,20102025,-0.1586,-0.1339,-0.0247,-0.1187,-0.0121,0.2394,2.8612,1815.3,3803,10000.0
8470137,Joni Pitkanen,CAR,20102025,-0.1589,-0.0811,-0.0779,-0.0881,-0.0749,0.3908,3.0812,1697.5,3417,10000.0
8476792,Torey Krug,STL,20102025,-0.1592,-0.0232,-0.1361,-0.0516,-0.0746,0.5714,3.0802,10769.0,21796,10000.0
8478425,Brendan Guhle,ANA,20102025,-0.1594,-0.114,-0.0454,-0.0956,-0.049,0.3536,2.9903,811.0,1515,10000.0
8476874,Olli Maatta,UTA,20102025,-0.1596,-0.1494,-0.0102,-0.1138,-0.0332,0.2636,2.935,10420.0,20220,10000.0
8474628,Michael Stone,CGY,20102025,-0.1607,-0.0764,-0.0842,-0.0958,-0.0285,0.353,2.9188,6605.2,13993,10000.0
8477887,Patrick Brown,BOS,20102025,-0.1608,-0.0649,-0.0959,-0.0209,-0.0806,0.7238,3.101,1361.1,3064,10000.0
8474873,Brian Lashoff,DET,20102025,-0.1627,-0.1476,-0.0151,-0.1411,-0.0088,0.1281,2.8497,1462.5,3199,10000.0
8475171,Oliver Ekman-Larsson,TOR,20102025,-0.1636,-0.1514,-0.0122,-0.08,-0.0146,0.4311,2.87,14748.5,30845,10000.0
8478021,William Lagesson,DET,20102025,-0.1637,-0.1855,0.0218,-0.1326,-0.0051,0.1703,2.8367,1002.4,1978,10000.0
8477499,Rasmus Ristolainen,PHI,20102025,-0.1643,-0.175,0.0107,-0.0871,-0.0043,0.396,2.8342,10669.9,21096,10000.0
8467439,Jaroslav Spacek,CAR,20102025,-0.1644,-0.1097,-0.0546,-0.1135,-0.0476,0.265,2.9857,1270.8,2709,10000.0
8477462,Robert Hagg,VGK,20102025,-0.1664,-0.1235,-0.0429,-0.1158,-0.0343,0.2535,2.9389,4135.5,8026,10000.0
8474113,TJ Brennan,TOR,20102025,-0.1665,-0.0754,-0.0911,-0.0714,-0.0874,0.4735,3.125,567.0,1079,10000.0
8479980,Nicolas Hague,VGK,20102025,-0.167,-0.1145,-0.0525,-0.1065,-0.0192,0.2999,2.8861,4997.2,9050,10000.0
8480031,Maxime Comtois,CAR,20102025,-0.1671,0.014,-0.181,0.0568,-0.1763,1.1087,3.436,2042.0,3891,10000.0
8481609,Vladislav Kolyachonok,PIT,20102025,-0.1672,-0.0786,-0.0886,-0.1246,-0.0934,0.2102,3.1457,748.3,1457,10000.0
8464966,Derek Morris,PHX,20102025,-0.168,-0.1141,-0.0539,-0.1184,-0.0424,0.2406,2.9672,3337.2,7058,10000.0
8468674,Deryk Engelland,VGK,20102025,-0.1685,-0.1642,-0.0043,-0.1222,0.0292,0.2219,2.7168,8260.6,15305,10000.0
8475795,Dylan McIlrath,WSH,20102025,-0.1695,-0.1419,-0.0275,-0.1283,-0.0436,0.1916,2.9715,880.4,1739,10000.0
8468213,Jim Vandermeer,SJS,20102025,-0.1701,-0.1111,-0.0589,-0.1133,-0.0541,0.266,3.0083,925.2,1937,10000.0
8476473,Connor Murphy,CHI,20102025,-0.1709,-0.1816,0.0107,-0.1206,-0.0851,0.2301,3.1166,9770.6,18948,10000.0
8481593,Jayden Struble,MTL,20102025,-0.1713,-0.1185,-0.0529,-0.1276,-0.0843,0.1951,3.1138,1203.6,2006,10000.0
8482655,J.J. Moser,TBL,20102025,-0.1716,-0.0865,-0.085,-0.1058,-0.0837,0.303,3.1117,3085.7,6893,10000.0
8476624,Barclay Goodrow,SJS,20102025,-0.1721,-0.103,-0.0691,-0.0068,-0.0583,0.7935,3.023,6448.5,14134,10000.0
8477509,Mirco Mueller,NJD,20102025,-0.1723,-0.1553,-0.017,-0.1328,-0.0264,0.1697,2.9115,2217.7,4361,10000.0
8472382,Andy Greene,NYI,20102025,-0.1724,-0.1805,0.0081,-0.1195,-0.0148,0.2353,2.8708,12373.6,24829,10000.0
8467304,Andy Sutton,EDM,20102025,-0.1725,-0.122,-0.0506,-0.1257,-0.0465,0.2048,2.9815,1001.5,1973,10000.0
8481517,Brett Leason,ANA,20102025,-0.1727,-0.0474,-0.1253,0.0103,-0.141,0.8781,3.3125,1722.8,3566,10000.0
8479316,Luke Kunin,CBJ,20102025,-0.1732,0.0097,-0.1829,0.0695,-0.1511,1.1714,3.3476,4254.1,8729,10000.0
8482111,Justin Barron,NSH,20102025,-0.1737,-0.1073,-0.0664,-0.0881,-0.0994,0.3907,3.1668,1768.5,3235,10000.0
8473992,Justin Falk,OTT,20102025,-0.1739,-0.1611,-0.0129,-0.1329,0.0047,0.1691,2.8026,2884.0,5979,10000.0
8471958,Dan Girardi,TBL,20102025,-0.1743,-0.1134,-0.0609,-0.114,-0.0161,0.2624,2.8752,10611.4,21304,10000.0
8483425,Lian Bichsel,DAL,20102025,-0.1744,-0.1542,-0.0202,-0.1089,-0.0284,0.2877,2.9183,504.4,925,10000.0
8474574,Tyler Myers,VAN,20102025,-0.1747,-0.1219,-0.0528,-0.0951,-0.0306,0.3564,2.926,13610.8,27536,10000.0
8471284,Andrej Sekera,DAL,20102025,-0.1748,-0.1358,-0.039,-0.1069,-0.0134,0.2977,2.866,9109.4,18591,10000.0
8475796,Mark Pysyk,BUF,20102025,-0.175,-0.1714,-0.0036,-0.1048,-0.0179,0.3083,2.8818,6151.6,12045,10000.0
8475744,Evgeny Kuznetsov,CAR,20102025,-0.175,0.0124,-0.1873,0.1115,-0.0795,1.3794,3.0972,8926.1,17326,10000.0
8481059,Scott Perunovich,NYI,20102025,-0.1757,-0.155,-0.0207,-0.131,-0.0408,0.1785,2.9617,1096.6,2232,10000.0
8475868,Anthony Bitetto,NYR,20102025,-0.1766,-0.1368,-0.0398,-0.1192,-0.0213,0.237,2.8935,2040.8,3773,10000.0
8477473,Justin Bailey,SJS,20102025,-0.1766,-0.0385,-0.1381,-0.0289,-0.1459,0.6842,3.3297,1069.2,2105,10000.0
8476941,Connor Carrick,BOS,20102025,-0.177,-0.1339,-0.0431,-0.1049,-0.0244,0.3077,2.9045,2860.1,5214,10000.0
8469460,Mike Komisarek,CAR,20102025,-0.1773,-0.1372,-0.0402,-0.1331,-0.0359,0.1682,2.9446,1531.9,3304,10000.0
8482148,Hendrix Lapierre,WSH,20102025,-0.1783,-0.0355,-0.1428,0.0123,-0.1121,0.8883,3.2114,633.5,1239,10000.0
8476875,Mike Matheson,MTL,20102025,-0.1784,-0.1143,-0.0641,-0.0629,-0.0745,0.5155,3.0797,8836.2,16186,10000.0
8482122,Brock Faber,MIN,20102025,-0.1793,-0.1502,-0.0291,-0.0996,0.0152,0.3341,2.7657,2476.9,4605,10000.0
8473426,Mike Weber,WSH,20102025,-0.1796,-0.1516,-0.028,-0.1374,-0.0029,0.1465,2.8293,4109.1,7780,10000.0
8480188,Fabian Zetterlund,OTT,20102025,-0.1797,0.0607,-0.2404,0.1345,-0.2265,1.4933,3.6114,2504.7,4875,10000.0
8477527,Ross Johnston,ANA,20102025,-0.1802,-0.1215,-0.0587,-0.068,-0.0934,0.4907,3.146,1625.4,3084,10000.0
8471752,Marc-Andre Gragnani,NJD,20102025,-0.1809,-0.1237,-0.0572,-0.1225,-0.0512,0.2207,2.9982,822.7,1712,10000.0
8477460,Laurent Dauphin,ARI,20102025,-0.1818,0.028,-0.2099,0.0314,-0.1789,0.9826,3.4449,739.3,1542,10000.0
8475718,Justin Holl,DET,20102025,-0.1818,-0.1346,-0.0473,-0.1263,-0.0376,0.2015,2.9507,4918.6,9765,10000.0
8480011,Klim Kostin,SJS,20102025,-0.1822,-0.0247,-0.1575,0.0019,-0.1218,0.8364,3.2451,1471.7,2808,10000.0
8470378,Andre Benoit,STL,20102025,-0.1827,-0.125,-0.0577,-0.1132,-0.0434,0.2667,2.9707,2269.4,4866,10000.0
8475716,Martin Marincin,TOR,20102025,-0.1828,-0.1203,-0.0626,-0.1176,-0.0375,0.2449,2.9502,2714.0,5447,10000.0
8471392,Roman Polak,DAL,20102025,-0.1835,-0.1323,-0.0512,-0.1207,0.0003,0.2293,2.8178,8603.3,17173,10000.0
8475842,Sam Carrick,NYR,20102025,-0.184,-0.0437,-0.1403,0.0092,-0.1166,0.8728,3.2271,2448.8,5332,10000.0
8475274,Seth Helgeson,NJD,20102025,-0.1842,-0.1369,-0.0472,-0.1387,-0.0397,0.1401,2.9579,509.4,994,10000.0
8480074,Alexandre Texier,STL,20102025,-0.1842,0.0006,-0.1849,0.028,-0.1657,0.9659,3.3989,2409.2,4624,10000.0
8475766,Austin Watson,DET,20102025,-0.1848,-0.0903,-0.0945,-0.0077,-0.0489,0.789,2.9901,4368.2,9837,10000.0
8473415,Alex Biega,TOR,20102025,-0.1856,-0.1182,-0.0674,-0.0979,-0.046,0.3421,2.9801,2700.2,5265,10000.0
8476429,Scott Mayfield,NYI,20102025,-0.1857,-0.1819,-0.0038,-0.1107,-0.0509,0.2789,2.997,7309.3,14027,10000.0
8475186,John Moore,BOS,20102025,-0.1859,-0.1173,-0.0686,-0.0945,-0.0325,0.3589,2.9329,6921.6,14071,10000.0
8477289,Anton Belov,EDM,20102025,-0.1865,-0.1181,-0.0684,-0.1201,-0.0647,0.2323,3.0453,640.0,1178,10000.0
8477369,Carson Soucy,NYR,20102025,-0.1868,-0.1736,-0.0132,-0.1128,-0.0307,0.2687,2.9263,4379.6,9005,10000.0
8478051,Max Willman,NJD,20102025,-0.187,-0.0693,-0.1176,-0.0225,-0.1159,0.7159,3.2244,523.7,1051,10000.0
8473446,Erik Johnson,COL,20102025,-0.187,-0.1011,-0.0858,-0.0937,-0.0356,0.3631,2.9435,11782.5,24736,10000.0
8473565,Brian Strait,WPG,20102025,-0.1872,-0.0924,-0.0948,-0.1168,-0.0833,0.2486,3.1103,2388.8,4469,10000.0
8476458,Ryan Strome,ANA,20102025,-0.1885,0.1107,-0.2993,0.0729,-0.2193,1.1881,3.5862,8981.1,18432,10000.0
8480860,Kevin Bahl,CGY,20102025,-0.1886,-0.1737,-0.0149,-0.1273,-0.0242,0.1969,2.9036,2637.8,5571,10000.0
8466309,Mike Mottau,FLA,20102025,-0.1887,-0.1285,-0.0602,-0.1273,-0.0584,0.1967,3.0234,692.7,1325,10000.0
8479395,Dennis Cholowski,NJD,20102025,-0.1888,-0.1797,-0.0091,-0.1099,-0.0316,0.2829,2.9294,1727.6,3275,10000.0
8478397,Rasmus Andersson,CGY,20102025,-0.1888,-0.0622,-0.1266,-0.0675,-0.0661,0.4931,3.0502,7065.4,15977,10000.0
8479368,Max Jones,EDM,20102025,-0.189,0.0286,-0.2175,0.0771,-0.1687,1.2091,3.4092,2592.1,4950,10000.0
8477335,Kyle Burroughs,LAK,20102025,-0.1893,-0.0927,-0.0966,-0.1227,-0.1276,0.2196,3.2653,2065.2,3967,10000.0
8482624,Daniil Miromanov,CGY,20102025,-0.19,-0.1601,-0.0299,-0.0977,-0.0122,0.3431,2.8617,1115.5,2236,10000.0
8469619,Dennis Seidenberg,NYI,20102025,-0.1906,-0.1439,-0.0467,-0.122,-0.0092,0.2229,2.8513,7635.6,14262,10000.0
8481708,Zac Jones,NYR,20102025,-0.1913,-0.1,-0.0913,-0.0963,-0.0916,0.3502,3.1394,1190.0,2135,10000.0
8456283,Adam Foote,COL,20102025,-0.1919,-0.1423,-0.0496,-0.1443,-0.0475,0.1125,2.9853,549.5,1158,10000.0
8467580,Mark Eaton,PIT,20102025,-0.1938,-0.1307,-0.0631,-0.1278,-0.0611,0.1941,3.0327,1511.9,2851,10000.0
8478500,Ivan Provorov,CBJ,20102025,-0.194,-0.1504,-0.0436,-0.0936,-0.0848,0.3635,3.1156,10083.0,19997,10000.0
8477952,Robby Fabbri,ANA,20102025,-0.1942,0.0379,-0.2321,0.0909,-0.1821,1.2774,3.4561,4492.5,8844,10000.0
8481533,Trevor Zegras,ANA,20102025,-0.195,0.1234,-0.3184,0.1149,-0.2757,1.3965,3.7838,2809.6,5408,10000.0
8469531,Jay Harrison,WPG,20102025,-0.1956,-0.0979,-0.0978,-0.1034,-0.0804,0.3151,3.1003,3594.1,7275,10000.0
8481056,Spencer Stastney,NSH,20102025,-0.1963,-0.0366,-0.1596,-0.1157,-0.1287,0.2541,3.2694,560.0,1155,10000.0
8469684,Milan Jurcina,NYI,20102025,-0.1984,-0.0841,-0.1143,-0.0839,-0.108,0.4116,3.1968,1335.7,2614,10000.0
8475246,Kevin Connauton,PHI,20102025,-0.1997,-0.1139,-0.0858,-0.1048,-0.0536,0.308,3.0065,4022.8,7654,10000.0
8475825,Jani Hakanpää,TOR,20102025,-0.1999,-0.1603,-0.0397,-0.1265,-0.0121,0.2009,2.8615,3654.2,7326,10000.0
8460492,Ed Jovanovski,FLA,20102025,-0.2,-0.1119,-0.0882,-0.1135,-0.0766,0.2649,3.0871,1841.8,4377,10000.0
8481542,Moritz Seider,DET,20102025,-0.2012,-0.1235,-0.0777,-0.0854,-0.114,0.4044,3.218,4234.8,8745,10000.0
8480807,Mattias Samuelsson,BUF,20102025,-0.2025,-0.1349,-0.0676,-0.1251,-0.0832,0.2076,3.1101,2696.3,5372,10000.0
8468520,Kurtis Foster,PHI,20102025,-0.2032,-0.0504,-0.1528,-0.0486,-0.142,0.5867,3.3157,1474.8,3311,10000.0
8475906,John Klingberg,EDM,20102025,-0.2035,0.012,-0.2155,-0.0749,-0.1166,0.4563,3.2271,10194.7,18872,10000.0
8480216,Jacob Peterson,SJS,20102025,-0.2042,0.0464,-0.2505,0.063,-0.2057,1.139,3.5389,711.9,1445,10000.0
8476407,Andy Welinski,ANA,20102025,-0.205,-0.1156,-0.0894,-0.1077,-0.0881,0.294,3.1274,576.7,968,10000.0
8476856,Mathew Dumba,DAL,20102025,-0.2059,-0.1512,-0.0548,-0.0833,0.0001,0.4146,2.8187,9999.7,18270,10000.0
8478491,Jacob Larsson,OTT,20102025,-0.2063,-0.1419,-0.0643,-0.1295,-0.0519,0.186,3.0006,2091.5,3881,10000.0
8474567,Zach Bogosian,MIN,20102025,-0.2069,-0.1363,-0.0706,-0.1115,-0.0003,0.2748,2.82,10869.2,20198,10000.0
8483495,Simon Nemec,NJD,20102025,-0.2072,-0.0574,-0.1498,-0.0962,-0.1168,0.3506,3.2277,1018.3,2042,10000.0
8480878,Nils Lundkvist,DAL,20102025,-0.2072,-0.0515,-0.1557,-0.0988,-0.0848,0.3379,3.1156,1911.2,3772,10000.0
8480145,Neal Pionk,WPG,20102025,-0.2083,-0.1394,-0.0689,-0.0918,-0.0365,0.3727,2.9468,7655.0,15599,10000.0
8477365,Connor Clifton,BUF,20102025,-0.209,-0.1982,-0.0108,-0.104,-0.0237,0.3119,2.9019,4665.0,9327,10000.0
8482745,Mason McTavish,ANA,20102025,-0.2093,0.1628,-0.3721,0.1891,-0.3071,1.7637,3.8936,2203.6,4340,10000.0
8471735,Keith Yandle,PHI,20102025,-0.2095,-0.0963,-0.1132,-0.0789,-0.0686,0.4366,3.059,12476.4,24552,10000.0
8481167,Brayden Pachal,CGY,20102025,-0.2103,-0.1685,-0.0417,-0.1132,-0.0457,0.2665,2.9789,1312.7,2862,10000.0
8476329,Travis Boyd,MIN,20102025,-0.2106,0.0071,-0.2178,0.0342,-0.1533,0.9966,3.3554,2636.9,5606,10000.0
8482095,Tyler Kleven,OTT,20102025,-0.2108,-0.2154,0.0046,-0.119,-0.0308,0.2379,2.9269,963.0,2055,10000.0
8475735,Greg McKegg,NYR,20102025,-0.2113,-0.0948,-0.1165,-0.0354,-0.0862,0.6518,3.1205,1776.7,3670,10000.0
8480883,Ty Smith,CAR,20102025,-0.2114,-0.0893,-0.1221,-0.0967,-0.1057,0.3483,3.189,1575.3,2854,10000.0
8474027,Justin Braun,PHI,20102025,-0.2124,-0.2032,-0.0092,-0.1267,-0.0136,0.1999,2.8667,12319.0,24294,10000.0
8474066,Thomas Hickey,NYI,20102025,-0.2125,-0.0704,-0.1422,-0.1003,-0.1097,0.3304,3.2028,5894.3,11200,10000.0
8476922,Boo Nieves,NYR,20102025,-0.2146,-0.0253,-0.1893,-0.0261,-0.1807,0.6981,3.4514,545.9,1081,10000.0
8474579,Luca Sbisa,NSH,20102025,-0.2147,-0.1444,-0.0703,-0.1234,-0.0426,0.2159,2.9681,6596.3,12511,10000.0
8482684,Luke Hughes,NJD,20102025,-0.2149,-0.0437,-0.1712,-0.062,-0.1155,0.52,3.2232,1981.3,3807,10000.0
8478840,Will Borgen,NYR,20102025,-0.2154,-0.1221,-0.0933,-0.1241,-0.0652,0.2124,3.047,3540.3,7175,10000.0
8482516,Matthew Kessel,STL,20102025,-0.2155,-0.1843,-0.0312,-0.1329,-0.0682,0.1692,3.0575,750.8,1392,10000.0
8481147,Reese Johnson,MIN,20102025,-0.2163,-0.0619,-0.1544,-0.0163,-0.1699,0.7466,3.4135,1025.8,2088,10000.0
8474610,Zac Dalpe,FLA,20102025,-0.2168,0.0102,-0.227,0.0186,-0.213,0.9191,3.5644,1135.9,2401,10000.0
8474048,Keith Aulie,EDM,20102025,-0.2168,-0.1306,-0.0862,-0.1288,-0.076,0.1894,3.0849,1786.4,3632,10000.0
8480222,Sebastian Aho,NYI,20102025,-0.2169,-0.0768,-0.1401,-0.1154,-0.1142,0.2554,3.2185,2165.1,4311,10000.0
8477506,Ryan Pulock,NYI,20102025,-0.2171,-0.1406,-0.0765,-0.095,-0.0952,0.3566,3.1523,8336.5,16664,10000.0
8477215,Danny DeKeyser,DET,20102025,-0.2179,-0.1663,-0.0516,-0.1221,-0.0503,0.2224,2.9949,7732.4,16152,10000.0
8476449,Scott Harrington,ANA,20102025,-0.2185,-0.1241,-0.0944,-0.1214,-0.0911,0.2261,3.1377,2807.6,5140,10000.0
8479379,Givani Smith,COL,20102025,-0.2186,0.0141,-0.2327,0.0067,-0.2111,0.8602,3.5575,1019.9,1923,10000.0
8478967,Lane Pederson,CBJ,20102025,-0.2187,-0.0087,-0.21,0.0078,-0.2013,0.866,3.5234,547.9,1090,10000.0
8475233,David Savard,MTL,20102025,-0.2192,-0.1538,-0.0654,-0.1169,-0.0665,0.2484,3.0516,12245.9,22272,10000.0
8479345,Jakob Chychrun,WSH,20102025,-0.221,-0.1659,-0.0551,-0.0261,-0.0624,0.6977,3.0374,7421.8,13586,10000.0
8477986,Brandon Montour,SEA,20102025,-0.2212,-0.0469,-0.1743,-0.0304,-0.0598,0.6769,3.0284,9055.9,16715,10000.0
8466333,Andrew Ference,EDM,20102025,-0.2242,-0.1444,-0.0797,-0.1255,-0.0451,0.2058,2.9767,5051.6,9688,10000.0
8480072,Lias Andersson,LAK,20102025,-0.2248,-0.0063,-0.2185,0.0172,-0.192,0.9123,3.4909,837.9,1755,10000.0
8481014,Alexander Romanov,NYI,20102025,-0.2258,-0.1127,-0.1131,-0.1164,-0.1156,0.2507,3.2234,4693.4,8726,10000.0
8482511,Mason Lohrei,BOS,20102025,-0.2268,-0.1257,-0.1011,-0.0873,-0.061,0.3949,3.0323,1461.0,2925,10000.0
8474166,Alec Martinez,CHI,20102025,-0.2279,-0.1074,-0.1205,-0.1016,-0.0451,0.324,2.9769,12289.2,24678,10000.0
8480160,Radim Simek,SJS,20102025,-0.2283,-0.1243,-0.104,-0.1111,-0.0905,0.277,3.1356,2234.3,4327,10000.0
8477950,Anthony DeAngelo,NYI,20102025,-0.2288,0.0152,-0.244,-0.0617,-0.1473,0.5214,3.3345,5075.6,9863,10000.0
8469476,Tim Gleason,WSH,20102025,-0.229,-0.1431,-0.0859,-0.1373,-0.066,0.1473,3.0498,4345.4,8715,10000.0
8470085,Paul Ranger,TOR,20102025,-0.2344,-0.1023,-0.1321,-0.0994,-0.1261,0.3347,3.2601,618.7,1292,10000.0
8477073,Kurtis MacDermid,NJD,20102025,-0.2346,-0.1642,-0.0704,-0.0951,-0.0248,0.3563,2.9059,1913.0,3876,10000.0
8475790,Erik Gudbranson,CBJ,20102025,-0.2349,-0.1072,-0.1277,-0.1193,-0.1239,0.2363,3.2526,10163.1,20106,10000.0
8482803,Olen Zellweger,ANA,20102025,-0.2351,-0.0599,-0.1751,-0.0537,-0.1985,0.5614,3.5136,1033.1,1918,10000.0
8476807,Matt Tennyson,NSH,20102025,-0.2357,-0.1459,-0.0898,-0.1204,-0.0758,0.2308,3.0844,1726.1,3399,10000.0
8480035,Henri Jokiharju,BOS,20102025,-0.2359,-0.1116,-0.1243,-0.1254,-0.108,0.206,3.197,5288.4,9950,10000.0
8481524,Bowen Byram,BUF,20102025,-0.2379,-0.1454,-0.0925,-0.0723,-0.0657,0.469,3.0488,3629.0,6979,10000.0
8479514,Rem Pitlick,CHI,20102025,-0.2386,0.0409,-0.2795,0.0549,-0.2444,1.0991,3.674,1167.7,2246,10000.0
8481568,Alex Vlasic,CHI,20102025,-0.2388,-0.149,-0.0897,-0.124,-0.1116,0.2132,3.2095,2361.5,4408,10000.0
8479324,Ryan Lindgren,COL,20102025,-0.2397,-0.191,-0.0487,-0.1214,-0.0319,0.2261,2.9307,5656.3,11302,10000.0
8480021,Jack Studnicka,SJS,20102025,-0.24,-0.0072,-0.2329,0.0146,-0.1878,0.8994,3.476,882.2,1783,10000.0
8481600,Tobias Bjornfot,FLA,20102025,-0.2418,-0.1792,-0.0626,-0.1219,-0.0523,0.2234,3.0021,1558.5,2749,10000.0
8481605,Jackson LaCombe,ANA,20102025,-0.2421,-0.0998,-0.1423,-0.0751,-0.1685,0.4553,3.4086,1772.8,3639,10000.0
8482142,Jamie Drysdale,PHI,20102025,-0.2424,-0.1557,-0.0867,-0.0985,-0.0675,0.3396,3.0553,2738.5,5115,10000.0
8478454,Noah Juulsen,VAN,20102025,-0.2438,-0.1718,-0.072,-0.1308,-0.0455,0.1792,2.9781,1655.1,3790,10000.0
8478178,Darren Raddysh,TBL,20102025,-0.2448,-0.1579,-0.0869,-0.0926,-0.0404,0.3688,2.9605,2182.4,4075,10000.0
8475279,Ben Chiarot,DET,20102025,-0.2453,-0.1135,-0.1318,-0.108,-0.077,0.2925,3.0884,10080.4,18139,10000.0
8474606,Colby Robak,ANA,20102025,-0.2468,-0.1132,-0.1336,-0.1133,-0.1276,0.266,3.2655,526.0,1046,10000.0
8474618,Marco Scandella,STL,20102025,-0.2475,-0.1681,-0.0793,-0.111,-0.0368,0.2773,2.9479,10472.8,21602,10000.0
8480798,Philipp Kurashev,CHI,20102025,-0.2477,-0.0355,-0.2122,0.0432,-0.192,1.041,3.4907,3060.6,5745,10000.0
8475762,Derek Forbort,VAN,20102025,-0.2496,-0.3132,0.0636,-0.1315,0.041,0.1759,2.6755,7305.9,14690,10000.0
8479378,Logan Stanley,WPG,20102025,-0.2498,-0.1424,-0.1074,-0.1174,-0.0472,0.2456,2.9842,2110.6,4181,10000.0
8477472,Carl Dahlstrom,TOR,20102025,-0.251,-0.1289,-0.1221,-0.1353,-0.1147,0.1573,3.2203,838.7,1580,10000.0
8478846,Christian Wolanin,VAN,20102025,-0.2524,-0.0749,-0.1776,-0.1067,-0.1704,0.2985,3.4152,922.3,1752,10000.0
8479580,Dylan Gambrell,OTT,20102025,-0.2529,-0.0476,-0.2053,-0.0165,-0.1475,0.7454,3.3351,1874.8,4201,10000.0
8477938,Haydn Fleury,WPG,20102025,-0.2575,-0.2187,-0.0388,-0.1121,-0.0125,0.2719,2.8628,3562.3,6524,10000.0
8482176,Wyatt Kaiser,CHI,20102025,-0.2589,-0.1232,-0.1357,-0.1207,-0.1507,0.2293,3.3464,1114.4,2067,10000.0
8480058,P.O Joseph,PIT,20102025,-0.2601,-0.0906,-0.1695,-0.1178,-0.1084,0.244,3.1981,2037.5,4071,10000.0
8475181,Nick Leddy,STL,20102025,-0.2626,-0.1382,-0.1244,-0.1108,-0.0889,0.2784,3.1299,15765.8,28852,10000.0
8475753,Justin Faulk,STL,20102025,-0.2628,-0.0902,-0.1726,-0.0643,-0.0922,0.5088,3.1415,14199.4,29072,10000.0
8477474,Madison Bowey,VAN,20102025,-0.2635,-0.1458,-0.1177,-0.1087,-0.1078,0.289,3.1963,1812.0,3118,10000.0
8479458,Nikita Zaitsev,CHI,20102025,-0.2644,-0.1562,-0.1082,-0.1309,-0.1159,0.1791,3.2245,6680.4,13244,10000.0
8476879,Cody Ceci,DAL,20102025,-0.2648,-0.1107,-0.154,-0.1134,-0.1043,0.2656,3.184,12824.8,24638,10000.0
8477971,Andreas Englund,NSH,20102025,-0.2657,-0.2207,-0.045,-0.1388,-0.0142,0.1396,2.8686,1748.7,3316,10000.0
8480184,Gustav Lindström,ANA,20102025,-0.2658,-0.1694,-0.0964,-0.1382,-0.1184,0.1426,3.2334,1946.0,3495,10000.0
8475747,Patrik Nemeth,ARI,20102025,-0.266,-0.206,-0.0601,-0.1215,-0.0711,0.2255,3.0679,6214.1,12279,10000.0
8470309,Ryan Whitney,FLA,20102025,-0.267,-0.1158,-0.1511,-0.117,-0.1408,0.2476,3.3116,1655.2,3434,10000.0
8480813,Joseph Veleno,CHI,20102025,-0.2685,-0.118,-0.1505,-0.0023,-0.1153,0.8158,3.2223,2664.7,5074,10000.0
8478136,Jake Middleton,MIN,20102025,-0.2688,-0.1658,-0.103,-0.107,-0.0146,0.2973,2.87,4139.7,7687,10000.0
8479442,Troy Stecher,EDM,20102025,-0.269,-0.1395,-0.1296,-0.1091,-0.0962,0.2867,3.1554,6849.1,13078,10000.0
8481058,Jesse Ylönen,MTL,20102025,-0.2708,-0.0514,-0.2194,-0.0014,-0.2018,0.8201,3.5252,853.0,1696,10000.0
8479348,Kale Clague,BUF,20102025,-0.2715,-0.1039,-0.1676,-0.1262,-0.1523,0.2021,3.352,1033.8,1847,10000.0
8468101,Radek Martinek,NYI,20102025,-0.2716,-0.0994,-0.1722,-0.1008,-0.1639,0.3277,3.3925,1297.5,2342,10000.0
8480879,Jacob Bernard-Docker,BUF,20102025,-0.2735,-0.2132,-0.0603,-0.1281,-0.0775,0.1926,3.0902,1447.9,2856,10000.0
8480084,Nick DeSimone,UTA,20102025,-0.2767,-0.0815,-0.1952,-0.111,-0.1396,0.2775,3.3075,514.7,1076,10000.0
8476441,Joel Edmundson,LAK,20102025,-0.279,-0.1531,-0.1259,-0.1155,-0.0428,0.2554,2.9687,8616.4,16858,10000.0
8482117,Lukas Reichel,CHI,20102025,-0.2813,0.0187,-0.3,0.0274,-0.2475,0.9632,3.6851,1438.0,2739,10000.0
8479984,Cal Foote,NJD,20102025,-0.2813,-0.1602,-0.1211,-0.1136,-0.0786,0.2645,3.0939,1564.2,2726,10000.0
8474568,Luke Schenn,WPG,20102025,-0.2832,-0.1118,-0.1715,-0.1184,-0.0762,0.2407,3.0858,11175.8,23313,10000.0
8471686,Marc Staal,PHI,20102025,-0.2853,-0.1076,-0.1776,-0.1127,-0.1065,0.2692,3.1917,13089.6,26296,10000.0
8477851,Jordan Oesterle,NSH,20102025,-0.2863,-0.1887,-0.0976,-0.1126,-0.0754,0.2696,3.0829,4953.4,9102,10000.0
8484144,Connor Bedard,CHI,20102025,-0.2902,0.0262,-0.3164,0.1332,-0.2613,1.487,3.7331,1738.4,2948,10000.0
8480871,Adam Boqvist,NYI,20102025,-0.2906,-0.0368,-0.2538,-0.0738,-0.226,0.4615,3.6099,2666.5,5077,10000.0
8477359,Tucker Poolman,VAN,20102025,-0.2923,-0.1789,-0.1134,-0.1191,-0.0959,0.2371,3.1547,2136.2,3791,10000.0
8473525,Theo Peckham,EDM,20102025,-0.2976,-0.1386,-0.159,-0.1379,-0.1485,0.1443,3.3386,1519.6,3288,10000.0
8480196,Jacob Bryson,BUF,20102025,-0.2981,-0.1356,-0.1625,-0.1445,-0.1381,0.1116,3.3023,2810.8,5661,10000.0
8479388,Riley Stillman,CAR,20102025,-0.2991,-0.0891,-0.2099,-0.1178,-0.1715,0.2439,3.4191,1777.4,3413,10000.0
8475227,Chris Wideman,MTL,20102025,-0.2997,-0.1005,-0.1992,-0.1108,-0.1509,0.2784,3.3468,2835.1,5943,10000.0
8475197,Tyson Barrie,CGY,20102025,-0.3037,-0.1043,-0.1994,-0.0633,-0.0933,0.5135,3.1454,11414.2,21013,10000.0
8478506,Gabriel Carlsson,WSH,20102025,-0.3046,-0.1459,-0.1587,-0.133,-0.1507,0.1685,3.3462,810.8,1518,10000.0
8478467,Nicolas Meloche,SJS,20102025,-0.3063,-0.1353,-0.171,-0.133,-0.1551,0.1683,3.3618,630.4,1330,10000.0
8479983,Mario Ferraro,SJS,20102025,-0.3089,-0.1845,-0.1243,-0.1193,-0.1486,0.2365,3.3391,5496.4,10086,10000.0
8480157,Calle Rosen,STL,20102025,-0.3105,-0.0939,-0.2166,-0.1008,-0.1762,0.3282,3.4357,1038.5,2212,10000.0
8483460,David Jiricek,MIN,20102025,-0.3115,-0.1434,-0.1681,-0.1231,-0.1787,0.2177,3.4442,615.0,1054,10000.0
8478854,Ryan Shea,PIT,20102025,-0.3128,-0.1582,-0.1546,-0.1419,-0.1149,0.1244,3.2211,648.3,1300,10000.0
8480887,Jordan Harris,CBJ,20102025,-0.3158,-0.1579,-0.1579,-0.1197,-0.1633,0.2344,3.3906,1821.5,3064,10000.0
8479578,Casey Fitzgerald,FLA,20102025,-0.3177,-0.1074,-0.2103,-0.1178,-0.1989,0.2436,3.5148,609.6,1376,10000.0
8478915,Sami Niku,MTL,20102025,-0.3187,-0.1488,-0.17,-0.1269,-0.156,0.1986,3.3649,740.0,1216,10000.0
8480001,Urho Vaakanainen,NYR,20102025,-0.3192,-0.1981,-0.121,-0.1287,-0.1342,0.1898,3.2886,2149.5,4050,10000.0
8479402,Jake Bean,CGY,20102025,-0.3252,-0.1385,-0.1867,-0.1071,-0.1708,0.2969,3.4167,3070.8,5634,10000.0
8480172,Jan Rutta,SJS,20102025,-0.3266,-0.206,-0.1206,-0.1243,-0.1151,0.2117,3.2219,5350.3,10333,10000.0
8480025,MacKenzie Entwistle,CHI,20102025,-0.3268,-0.0571,-0.2697,-0.0173,-0.2347,0.7416,3.6403,1480.0,2844,10000.0
8477433,Ben Harpur,NYR,20102025,-0.3282,-0.178,-0.1502,-0.1414,-0.128,0.127,3.267,2360.0,4546,10000.0
8481599,Victor Soderstrom,ARI,20102025,-0.3293,-0.1333,-0.196,-0.1037,-0.1828,0.3135,3.4585,576.3,1151,10000.0
8466144,Paul Mara,MTL,20102025,-0.3302,-0.116,-0.2142,-0.1145,-0.2072,0.2602,3.5441,653.5,1336,10000.0
8482451,Mikael Pyyhtia,CBJ,20102025,-0.3353,-0.1527,-0.1826,-0.0716,-0.1765,0.4725,3.4366,550.3,1057,10000.0
8477384,Joshua Brown,EDM,20102025,-0.3354,-0.1709,-0.1645,-0.1115,-0.1125,0.275,3.2126,2872.8,6090,10000.0
8471677,Jack Johnson,CBJ,20102025,-0.3378,-0.2085,-0.1293,-0.1175,-0.0659,0.2454,3.0496,13898.8,26565,10000.0
8479945,Gavin Bayreuther,CBJ,20102025,-0.3488,-0.1023,-0.2466,-0.1085,-0.2371,0.2898,3.6488,1326.8,2484,10000.0
8479333,Libor Hajek,NYR,20102025,-0.3492,-0.1756,-0.1736,-0.135,-0.1587,0.1588,3.3743,1157.1,2211,10000.0
8482073,Braden Schneider,NYR,20102025,-0.3535,-0.1426,-0.2109,-0.1121,-0.154,0.2719,3.3578,3555.6,6580,10000.0
8474612,Travis Hamonic,OTT,20102025,-0.3544,-0.1041,-0.2503,-0.1021,-0.1293,0.3213,3.2714,12395.2,23186,10000.0
8481563,Drew Helleson,ANA,20102025,-0.3569,-0.1408,-0.2161,-0.1182,-0.2234,0.2416,3.6005,641.1,1146,10000.0
8479369,Andrew Peeke,BOS,20102025,-0.3584,-0.2186,-0.1398,-0.1306,-0.1442,0.1803,3.3237,3911.7,7291,10000.0
8476470,Nathan Beaulieu,ANA,20102025,-0.3664,-0.1756,-0.1909,-0.1177,-0.1207,0.2441,3.2412,5436.6,9934,10000.0
8481812,Nikolai Knyzhov,SJS,20102025,-0.3711,-0.1428,-0.2284,-0.1393,-0.2251,0.1374,3.6067,963.0,1769,10000.0
8481806,Louis Crevier,CHI,20102025,-0.3822,-0.1998,-0.1824,-0.1374,-0.1815,0.1469,3.4541,623.3,1217,10000.0
8478062,Dysin Mayo,ARI,20102025,-0.3908,-0.1948,-0.196,-0.1167,-0.185,0.2492,3.4664,1006.9,1978,10000.0
8483490,Pavel Mintyukov,ANA,20102025,-0.397,-0.1149,-0.2821,-0.0872,-0.2524,0.3951,3.7022,1467.4,2917,10000.0
8480070,Ian Mitchell,BOS,20102025,-0.4019,-0.1713,-0.2306,-0.1318,-0.2016,0.1744,3.5244,1156.8,2185,10000.0
8478841,Colton White,ANA,20102025,-0.4077,-0.1542,-0.2534,-0.1235,-0.2551,0.2157,3.7116,848.4,1616,10000.0
8481537,Nikita Okhotiuk,CGY,20102025,-0.4168,-0.0925,-0.3243,-0.1079,-0.3017,0.293,3.8748,713.1,1294,10000.0
8478476,Kyle Capobianco,DAL,20102025,-0.4237,-0.1225,-0.3012,-0.1084,-0.2551,0.2905,3.7115,780.5,1562,10000.0
8475797,Jarred Tinordi,CHI,20102025,-0.4256,-0.197,-0.2286,-0.1387,-0.1918,0.1403,3.49,2229.2,4329,10000.0
8481161,Jake Christiansen,CBJ,20102025,-0.4288,-0.1984,-0.2304,-0.1248,-0.2118,0.2093,3.5601,1036.0,1712,10000.0
8482964,Arber Xhekaj,MTL,20102025,-0.4309,-0.1398,-0.2911,-0.1173,-0.2138,0.246,3.5671,1724.7,3048,10000.0
8481072,Tim Berni,CBJ,20102025,-0.4424,-0.091,-0.3514,-0.111,-0.3282,0.2774,3.9674,721.0,1285,10000.0
8483466,Kevin Korchinski,CHI,20102025,-0.4528,-0.1561,-0.2967,-0.1258,-0.2782,0.204,3.7924,1115.3,2055,10000.0
8481122,Simon Benoit,TOR,20102025,-0.4582,-0.1896,-0.2686,-0.1283,-0.1679,0.1917,3.4065,3190.0,6901,10000.0
8482192,Isaak Phillips,CHI,20102025,-0.4646,-0.1307,-0.3339,-0.1071,-0.2943,0.2965,3.8489,616.5,1136,10000.0
8480884,Calen Addison,SJS,20102025,-0.4797,-0.1224,-0.3573,-0.0983,-0.2497,0.3402,3.6927,1533.4,2983,10000.0
8481567,Henry Thrun,SJS,20102025,-0.5017,-0.2087,-0.293,-0.1305,-0.2769,0.1808,3.7878,1425.4,2627,10000.0
